#,ProcedureName,ProcedureDefinition
1,CALCULATE_OVERDUE_LOAN,"
-- =============================================

-- Author: <Abhishek,>

-- Create date: <2023-04-29, 2023-04-29>

-- Description: <Calculate Overdue, Calculate the overdue and update in balance table>

-- =============================================



CREATE PROCEDURE [dbo].[CALCULATE_OVERDUE_LOAN]

(

    @taskDate date,

    @modifyBy int

)

AS

BEGIN



-- Collect Important Parameter for Overdue Calculation

select

    lam.loan_account_id,

    lam.last_interest_applied_date,

    lab.installment_start_date,

    lab.limit_expiry_date,

    lab.no_of_installment,

    lab.installment_amount,

    lpm.repayment_mode,

    lpm.interest_frequency,

    lpm.regular_interest_quarter_type,

    lab.installment_frequency,

    lab.moratorium_based_emi,

    lab.moratorium_int_recovery_mode,

    lab.moratoriun_period,

    lab.disbursement_date,

    ISNULL(abl.checker_clear_balance,0) checker_clear_balance,

    ISNULL(abl.principal_outstanding,0) principal_outstanding,

    ISNULL(abl.npa_interest_amount,0) npa_interest_amount,

    ISNULL(abl.npa_penal_interest_amount,0) npa_penal_interest_amount,

    ISNULL(abl.npa_charges_amount,0) npa_charges_amount,

    ISNULL(abl.charges_applied,0) - ISNULL(abl.charges_paid,0) charges_oustanding,

    ISNULL(abl.interest_applied,0) - ISNULL(abl.interest_paid,0) interest_oustanding,

    ISNULL(abl.penal_interest_applied,0) - ISNULL(abl.penal_interest_paid,0) penal_oustanding,

    abl.txn_date,

    abl.principal_overdue_days,

    abl.interest_overdue_days,

    abl.overdue_days_count,

    abl.sanction_limit

INTO

    #temp_details

from

    BSGLOAN..loan_account_master lam with(nolock)

    inner join BSGLOAN..loan_account_basic lab with(nolock)

        on lam.loan_account_id = lab.loan_account_id

            and lab.is_active= 1

    LEFT JOIN (

                    select

                        loan_account_id,

                        MAX(txn_date) txn_date

                    from

                        BSGACCOUNTING..account_balance_loan with(nolock)

                    where

                        txn_date <= @taskDate

                    group by loan_account_id

                ) ab

        on ab.loan_account_id = lam.loan_account_id

    LEFT JOIN BSGACCOUNTING..account_balance_loan abl with(nolock)

        on abl.loan_account_id = ab.loan_account_id

            and abl.txn_date = ab.txn_date

    LEFT OUTER JOIN BSGLOAN..loan_product_master lpm with(nolock)

        on lpm.loan_product_id = lam.loan_product_id

            and lpm.is_active = 1

where

    lam.is_active= 1

    and lam.loan_account_status <> 2

    and lam.loan_type = 1



select

    *,

    case when interest_overdue_days > principal_overdue_days then interest_overdue_days else principal_overdue_days end overdue_days,

    ISNULL(principal_overdue,0) + ISNULL(interest_overdue,0) overdue_amount

INTO

    #temp_overdue_details

from

(

select

    id,

    loan_account_id,

    installment_no,

    due_date,

    case when

        due_date < @taskDate

        and

        (loanRepaymentChart.interest_amount-loanRepaymentChart.interest_received

            + loanRepaymentChart.od_int_accrual - loanRepaymentChart.od_int_received

            + loanRepaymentChart.penal_int_accrual - loanRepaymentChart.penal_int_received

        )

         > 0

        then DATEDIFF(D,due_date,@taskDate) else 0 end interest_overdue_days,

    case when

        due_date < @taskDate

        and (loanRepaymentChart.principal_amount-loanRepaymentChart.principal_received) > 0

        then DATEDIFF(D,due_date,@taskDate) else 0 end principal_overdue_days,

    case when

        due_date < @taskDate

        and

        (loanRepaymentChart.interest_amount-loanRepaymentChart.interest_received

            + loanRepaymentChart.od_int_accrual - loanRepaymentChart.od_int_received

            + loanRepaymentChart.penal_int_accrual - loanRepaymentChart.penal_int_received

        )

         > 0

        then (loanRepaymentChart.interest_amount-loanRepaymentChart.interest_received

            + loanRepaymentChart.od_int_accrual - loanRepaymentChart.od_int_received

            + loanRepaymentChart.penal_int_accrual - loanRepaymentChart.penal_int_received

            )

        else 0 end interest_overdue,

    case when

        due_date < @taskDate

        and (loanRepaymentChart.principal_amount-loanRepaymentChart.principal_received) > 0

        then (loanRepaymentChart.principal_amount-loanRepaymentChart.principal_received)

        else 0 end principal_overdue



from

     (

        select

            lrc.*

        from

        (



            select

                id, loan_account_id,due_date

            from

                BSGACCOUNTING..loan_repayment_chart with(nolock)

            where id in (

                select

                    MAX(id)

                from

                    BSGACCOUNTING..loan_repayment_chart with(nolock)

                where txn_posting_date <= @taskDate

                group by

                    loan_account_id,

                    installment_no

            )

        )lr

        inner join BSGACCOUNTING..loan_repayment_chart lrc with(nolock)

            on lrc.loan_account_id = lr.loan_account_id

                and lrc.due_date = lr.due_date

                    and lrc.id = lr.id



    ) loanRepaymentChart



)a



update #temp_overdue_details

set

interest_overdue_days = case when interest_overdue_days < 0 then 0 else interest_overdue_days end,

interest_overdue = case when interest_overdue < 0 then 0 else interest_overdue end,

principal_overdue_days = case when principal_overdue_days < 0 then 0 else principal_overdue_days end,

principal_overdue = case when principal_overdue < 0 then 0 else principal_overdue end,

overdue_amount = case when overdue_amount < 0 then 0 else overdue_amount end,

overdue_days = case when overdue_days < 0 then 0 else overdue_days end







update lr

set lr.overdue_days_count = t.overdue_days,

lr.overdue_amount = t.overdue_amount

from

    #temp_overdue_details t

    inner join #temp_details tt

        on t.loan_account_id = tt.loan_account_id

    inner join BSGACCOUNTING..loan_repayment_chart lr

        on lr.loan_account_id = t.loan_account_id

        and lr.installment_no = t.installment_no

            and lr.id=t.id

where

    tt.repayment_mode = 1





select

    loan_account_id,

    total_overdue,

    overdue_days,

    case when principal_overdue < 0 then 0 else principal_overdue end principal_overdue,

    case when principal_overdue = 0 then 0

    when principal_overdue_days = 0 and principal_overdue > 0 then bal_principal_overdue_days + 1

    else principal_overdue_days end

    principal_overdue_days,

    case when principal_overdue < 0 then principal_overdue+interest_overdue else interest_overdue end interest_overdue,

    interest_overdue_days,

    txn_date

INTO

    #temp_actual_overdue

from

(

select

    loan_account_id,

    total_overdue,

    case when total_overdue = 0 then 0 else

        case when overdue_days = 0 and total_overdue > 0 then overdue_days_count + 1

        else overdue_days end

    end overdue_days,

    case when principal_overdue > 0

        then total_overdue - interest_overdue

        when total_overdue > 0 and interest_overdue = 0

        then total_overdue

        when total_overdue > 0 and interest_overdue > 0

        then total_overdue - interest_overdue

    else 0 end principal_overdue,

    principal_overdue_days,

    interest_overdue,

    interest_overdue_days,

    txn_date,

    bal_principal_overdue_days

from

(

select

    loan_account_id,

    bal_interest_overdue_days,

    bal_principal_overdue_days,

    overdue_days_count,

    interest_overdue,

    principal_overdue,

    principal_overdue_days,

    interest_overdue_days,

    case when limit_expiry_date <= @taskDate then total_oustanding

    else

        case when overdue_amount + charges_oustanding > total_oustanding

        then total_oustanding

        else overdue_amount + charges_oustanding

        end

    end total_overdue,

    charges_oustanding,

    overdue_amount,

    overdue_days,

    txn_date

from

(



select

    tt.loan_account_id,

    tt.interest_overdue_days bal_interest_overdue_days,

    tt.principal_overdue_days bal_principal_overdue_days,

    tt.overdue_days_count,

    ((case when tt.checker_clear_balance < 0 then tt.checker_clear_balance else 0 end) *-1) + tt.npa_interest_amount + tt.npa_penal_interest_amount+ tt.npa_charges_amount total_oustanding,

    charges_oustanding,

    limit_expiry_date,

    ISNULL(a.interest_overdue_days,0) interest_overdue_days,

    ISNULL(a.principal_overdue_days,0) principal_overdue_days,

    ISNULL(a.overdue_days,0) overdue_days,

    ISNULL(a.interest_overdue,0) interest_overdue,

    ISNULL(a.principal_overdue,0) principal_overdue,

    ISNULL(a.overdue_amount,0) overdue_amount,

    tt.txn_date

from

    #temp_details tt

LEFT join

(

select

    loan_account_id,

    MAX(interest_overdue_days) interest_overdue_days,

    MAX(principal_overdue_days) principal_overdue_days,

    MAX(overdue_days) overdue_days,

    SUM(interest_overdue) interest_overdue,

    SUM(principal_overdue) principal_overdue,

    SUM(overdue_amount) overdue_amount

from

    #temp_overdue_details

group by loan_account_id

) a on a.loan_account_id = tt.loan_account_id

where

    tt.repayment_mode = 1

)b

)c

)d





-- For repayment 2 and 3 (Lumpsum and Bullet Payment)



INSERT INTO #temp_actual_overdue

select

    loan_account_id,

    total_overdue,

    overdue_days,

    principal_overdue,

    case when principal_overdue > 0 then overdue_days else 0 end principal_overdue_days,

    interest_overdue,

    case when interest_overdue > 0 then overdue_days else 0 end interest_overdue_days,

    txn_date

from

(

select

    a.loan_account_id,

    a.total_overdue,

    case when total_overdue = 0 then 0 else

        case when overdue_days_count = 0 and total_overdue > 0 then overdue_days_count + 1

        else overdue_days_count + 1 end

    end overdue_days,

    case when principal_overdue > 0

        then total_overdue - interest_overdue

        when total_overdue > 0 and interest_overdue = 0

        then total_overdue

        when total_overdue > 0 and interest_overdue > 0

        then total_overdue - interest_overdue

    else 0 end principal_overdue,

    0 principal_overdue_days,

    interest_overdue,

    0 interest_overdue_days,

    txn_date

from

(

select

    tt.loan_account_id,

    case when tt.limit_expiry_date <= @taskDate

    then ((case when tt.checker_clear_balance < 0 then tt.checker_clear_balance else 0 end) *-1)

        + tt.npa_interest_amount

        + tt.npa_penal_interest_amount

        + tt.npa_charges_amount

    when repayment_mode = 2 then

                case

                    when

                    sanction_limit - ((case when tt.checker_clear_balance < 0 then tt.checker_clear_balance else 0 end) *-1)

        + tt.npa_interest_amount

        + tt.npa_penal_interest_amount

        + tt.npa_charges_amount < 0

        then (sanction_limit - ((case when tt.checker_clear_balance < 0 then tt.checker_clear_balance else 0 end) *-1)

        + tt.npa_interest_amount

        + tt.npa_penal_interest_amount

        + tt.npa_charges_amount ) *-1 else 0 end

    else 0

    end total_overdue,

    overdue_days_count,

    principal_overdue_days bal_principal_overdue_days,

    interest_overdue_days bal_interest_overdue_days,

    interest_oustanding+penal_oustanding interest_overdue,

    0 principal_overdue,

    txn_date

from

    #temp_details tt

where

    repayment_mode in (2,3)

)a

)b

-- Check total overdue is less than zero set all overdue parameter to zero

update #temp_actual_overdue set principal_overdue = 0,

principal_overdue_days =0,

interest_overdue_days = 0,

interest_overdue = 0,

overdue_days = 0,

total_overdue = 0

where total_overdue < 0





-- Check total overdue is zero the interest should be zero

update #temp_actual_overdue set principal_overdue = 0,

principal_overdue_days =0,

interest_overdue_days = 0,

interest_overdue = 0

where total_overdue = 0

and (principal_overdue > 0 or interest_overdue > 0)



-- freeze the overdue in balance table

update

abl

set

    abl.overdue_amount = t.total_overdue,

    abl.overdue_days_count = t.overdue_days,

    abl.principal_overdue = t.principal_overdue,

    abl.principal_overdue_days = t.principal_overdue_days,

    abl.interest_overdue = t.interest_overdue,

    abl.interest_overdue_days = t.interest_overdue_days,

    abl.last_modified_by = @modifyBy,

    abl.last_modified_date = CURRENT_TIMESTAMP

from

    #temp_actual_overdue t

        inner join BSGACCOUNTING..account_balance_loan abl with(nolock)

            on t.loan_account_id = abl.loan_account_id

                and t.txn_date = abl.txn_date



select

    lam.loan_account_id,

    lam.last_interest_applied_date,

    lab.installment_start_date,

    lab.limit_expiry_date,

    lab.no_of_installment,

    lab.installment_amount,

    lpm.repayment_mode,

    lpm.interest_frequency,

    lpm.regular_interest_quarter_type,

    lab.installment_frequency,

    lab.moratorium_based_emi,

    lab.moratorium_int_recovery_mode,

    lab.moratoriun_period,

    lab.disbursement_date,

    ISNULL(abl.checker_clear_balance,0) checker_clear_balance,

    ISNULL(abl.principal_outstanding,0) principal_outstanding,

    ISNULL(abl.npa_interest_amount,0) npa_interest_amount,

    ISNULL(abl.npa_penal_interest_amount,0) npa_penal_interest_amount,

    ISNULL(abl.npa_charges_amount,0) npa_charges_amount,

    ISNULL(abl.charges_applied,0) - ISNULL(abl.charges_paid,0) charges_oustanding,

    ISNULL(abl.interest_applied,0) - ISNULL(abl.interest_paid,0) interest_oustanding,

    ISNULL(abl.penal_interest_applied,0) - ISNULL(abl.penal_interest_paid,0) penal_oustanding,

    abl.txn_date,

    abl.principal_overdue_days,

    abl.interest_overdue_days,

    abl.overdue_days_count,

    abl.sanction_limit

INTO

    #temp_details_closure

from

    BSGLOAN..loan_account_master lam with(nolock)

    inner join BSGLOAN..loan_account_basic lab with(nolock)

        on lam.loan_account_id = lab.loan_account_id

            and lab.is_active= 1

    LEFT JOIN (

                    select

                        loan_account_id,

                        MAX(txn_date) txn_date

                    from

                        BSGACCOUNTING..account_balance_loan with(nolock)

                    where

                        txn_date <= @taskDate

                    group by loan_account_id

                ) ab

        on ab.loan_account_id = lam.loan_account_id

    LEFT JOIN BSGACCOUNTING..account_balance_loan abl with(nolock)

        on abl.loan_account_id = ab.loan_account_id

            and abl.txn_date = ab.txn_date

    LEFT OUTER JOIN BSGLOAN..loan_product_master lpm with(nolock)

        on lpm.loan_product_id = lam.loan_product_id

            and lpm.is_active = 1

where

    lam.is_active= 1

    and cast(lam.loan_account_closure_date as date) = @taskDate

    and lam.loan_account_status = 2

    and lam.loan_type = 1



-- for close account overdue and overdue_days count should be zero

update

abl

set

    abl.overdue_amount = 0,

    abl.overdue_days_count = 0,

    abl.principal_overdue = 0,

    abl.principal_overdue_days = 0,

    abl.interest_overdue = 0,

    abl.interest_overdue_days = 0,

    abl.last_modified_by = @modifyBy,

    abl.last_modified_date = CURRENT_TIMESTAMP

from

    #temp_details_closure t

        inner join BSGACCOUNTING..account_balance_loan abl with(nolock)

            on t.loan_account_id = abl.loan_account_id

                and t.txn_date = abl.txn_date





select count(1) successCount ,0 failureCount

from #temp_actual_overdue t

        inner join BSGACCOUNTING..account_balance_loan abl with(nolock)

            on t.loan_account_id = abl.loan_account_id

                and t.txn_date = abl.txn_date



END


"
2,CALCULATE_OVERDUE_LOAN_29012024,"-- =============================================
-- Author:		<Abhishek,>
-- Create date: <2023-04-29, 2023-04-29>
-- Description:	<Calculate Overdue, Calculate the overdue and update in balance table>
-- =============================================

CREATE PROCEDURE [dbo].[CALCULATE_OVERDUE_LOAN]
(
	@taskDate date,
	@modifyBy int
)
AS 
BEGIN

-- Collect Important Parameter for Overdue Calculation
select
	lam.loan_account_id,
	lam.last_interest_applied_date,
	lab.installment_start_date,
	lab.limit_expiry_date,
	lab.no_of_installment,
	lab.installment_amount,
	lpm.repayment_mode,
	lpm.interest_frequency,
	lpm.regular_interest_quarter_type,
	lab.installment_frequency,
	lab.moratorium_based_emi,
	lab.moratorium_int_recovery_mode,
	lab.moratoriun_period,
	lab.disbursement_date,
	ISNULL(abl.checker_clear_balance,0)  checker_clear_balance,
	ISNULL(abl.principal_outstanding,0)  principal_outstanding,
	ISNULL(abl.npa_interest_amount,0)  npa_interest_amount,
	ISNULL(abl.npa_penal_interest_amount,0)  npa_penal_interest_amount,
	ISNULL(abl.npa_charges_amount,0)  npa_charges_amount,
	ISNULL(abl.charges_applied,0) - ISNULL(abl.charges_paid,0) charges_oustanding,
	ISNULL(abl.interest_applied,0) - ISNULL(abl.interest_paid,0) interest_oustanding,
	ISNULL(abl.penal_interest_applied,0) - ISNULL(abl.penal_interest_paid,0) penal_oustanding,
	abl.txn_date,
	abl.principal_overdue_days,
	abl.interest_overdue_days,
	abl.overdue_days_count,
	abl.sanction_limit
INTO 
	#temp_details
from
	BSGLOAN..loan_account_master lam with(nolock)
	inner join BSGLOAN..loan_account_basic lab with(nolock)
		on lam.loan_account_id = lab.loan_account_id
			and lab.is_active= 1
	LEFT JOIN  (
					select 
						loan_account_id,
						MAX(txn_date) txn_date
					from
						BSGACCOUNTING..account_balance_loan with(nolock)
					where
						txn_date <= @taskDate
					group by loan_account_id
				) ab
		on ab.loan_account_id = lam.loan_account_id
	LEFT JOIN BSGACCOUNTING..account_balance_loan abl with(nolock)
		on abl.loan_account_id = ab.loan_account_id
			and abl.txn_date = ab.txn_date
	LEFT OUTER JOIN BSGLOAN..loan_product_master lpm with(nolock)
		on lpm.loan_product_id = lam.loan_product_id
			and lpm.is_active = 1
where
	lam.is_active= 1
	and lam.loan_account_status <> 2
	and lam.loan_type = 1

select 
	*,
	case when interest_overdue_days > principal_overdue_days then interest_overdue_days else principal_overdue_days end overdue_days,
	ISNULL(principal_overdue,0) + ISNULL(interest_overdue,0) overdue_amount
INTO 
	#temp_overdue_details
from
(
select
	id,
	loan_account_id,
	installment_no,
	due_date,
	case when 
		due_date <= @taskDate 
		and 
		(loanRepaymentChart.interest_amount-loanRepaymentChart.interest_received 
			+ loanRepaymentChart.od_int_accrual - loanRepaymentChart.od_int_received
			+ loanRepaymentChart.penal_int_accrual - loanRepaymentChart.penal_int_received
		)
		 > 0
		then DATEDIFF(D,due_date,@taskDate) + 1 else 0 end interest_overdue_days,
	case when 
		due_date <= @taskDate 
		and (loanRepaymentChart.principal_amount-loanRepaymentChart.principal_received)  > 0
		then DATEDIFF(D,due_date,@taskDate) + 1 else 0 end principal_overdue_days,
	case when 
		due_date <= @taskDate 
		and 
		(loanRepaymentChart.interest_amount-loanRepaymentChart.interest_received 
			+ loanRepaymentChart.od_int_accrual - loanRepaymentChart.od_int_received
			+ loanRepaymentChart.penal_int_accrual - loanRepaymentChart.penal_int_received
		)
		 > 0
		then (loanRepaymentChart.interest_amount-loanRepaymentChart.interest_received 
			+ loanRepaymentChart.od_int_accrual - loanRepaymentChart.od_int_received
			+ loanRepaymentChart.penal_int_accrual - loanRepaymentChart.penal_int_received 
			)
		else 0 end interest_overdue,
	case when 
		due_date <= @taskDate 
		and  (loanRepaymentChart.principal_amount-loanRepaymentChart.principal_received) > 0
		then  (loanRepaymentChart.principal_amount-loanRepaymentChart.principal_received)
		else 0 end principal_overdue
   
from
	 (
		select
    		lrc.*
		from
		(
		select
    		loan_account_id,
    		due_date,
    		MAX(id) id
		from
    		BSGACCOUNTING..loan_repayment_chart with(nolock)
		where txn_posting_date <= @taskDate
		group by
    		loan_account_id,
   			due_date
		)lr
		inner join BSGACCOUNTING..loan_repayment_chart lrc with(nolock)
    		on lrc.loan_account_id = lr.loan_account_id
        		and lrc.due_date = lr.due_date
            		and lrc.id = lr.id

	) loanRepaymentChart

)a

update #temp_overdue_details 
set 
interest_overdue_days = case when  interest_overdue_days < 0 then 0 else interest_overdue_days end,
interest_overdue = case when  interest_overdue < 0 then 0 else interest_overdue end,
principal_overdue_days = case when  principal_overdue_days < 0 then 0 else principal_overdue_days end,
principal_overdue = case when  principal_overdue < 0 then 0 else principal_overdue end,
overdue_amount = case when  overdue_amount < 0 then 0 else overdue_amount end,
overdue_days = case when  overdue_days < 0 then 0 else overdue_days end



update lr
set lr.overdue_days_count = t.overdue_days,
lr.overdue_amount = t.overdue_amount
from
	#temp_overdue_details t
	inner join #temp_details tt
		on t.loan_account_id = tt.loan_account_id
	inner join BSGACCOUNTING..loan_repayment_chart lr 
		on lr.loan_account_id = t.loan_account_id
		and lr.installment_no = t.installment_no
			and lr.id=t.id
where
	tt.repayment_mode = 1


select 
	loan_account_id,
	total_overdue,
	overdue_days,
	case when principal_overdue < 0 then 0 else principal_overdue end principal_overdue,
	case when principal_overdue = 0 then 0
	when principal_overdue_days = 0 and principal_overdue >  0 then bal_principal_overdue_days + 1
	else principal_overdue_days end
	principal_overdue_days,
	case when principal_overdue < 0 then principal_overdue+interest_overdue else interest_overdue end interest_overdue,
	interest_overdue_days,
	txn_date
INTO 
	#temp_actual_overdue
from
(
select	
	loan_account_id,
	total_overdue,
	case when total_overdue = 0 then 0 else 
		case when overdue_days = 0 and total_overdue > 0 then overdue_days_count + 1
		else overdue_days end
	end overdue_days,
	case when principal_overdue > 0
		then total_overdue - interest_overdue
		when total_overdue > 0 and interest_overdue = 0
		then total_overdue
		when total_overdue > 0 and interest_overdue > 0
		then total_overdue - interest_overdue 
	else 0 end principal_overdue,
	principal_overdue_days,
	interest_overdue,
	interest_overdue_days,
	txn_date,
	bal_principal_overdue_days
from
(
select 
	loan_account_id,
	bal_interest_overdue_days,
	bal_principal_overdue_days,
	overdue_days_count,
	interest_overdue,
	principal_overdue,
	principal_overdue_days,
	interest_overdue_days,
	case when limit_expiry_date <= @taskDate then total_oustanding
	else 
		case when overdue_amount + charges_oustanding > total_oustanding
		then total_oustanding 
		else overdue_amount + charges_oustanding 
		end 
	end total_overdue,
	charges_oustanding,
	overdue_amount,
	overdue_days,
	txn_date
from
(

select 
	tt.loan_account_id,
	tt.interest_overdue_days bal_interest_overdue_days,
	tt.principal_overdue_days bal_principal_overdue_days,
	tt.overdue_days_count,
	((case when tt.checker_clear_balance < 0 then tt.checker_clear_balance else  0 end) *-1) + tt.npa_interest_amount + tt.npa_penal_interest_amount+ tt.npa_charges_amount total_oustanding,
	charges_oustanding,
	limit_expiry_date,
	ISNULL(a.interest_overdue_days,0) interest_overdue_days,
	ISNULL(a.principal_overdue_days,0) principal_overdue_days,
	ISNULL(a.overdue_days,0) overdue_days,
	ISNULL(a.interest_overdue,0) interest_overdue,
	ISNULL(a.principal_overdue,0) principal_overdue,
	ISNULL(a.overdue_amount,0) overdue_amount,
	tt.txn_date
from
	#temp_details tt
LEFT join
(
select 
	loan_account_id,
	MAX(interest_overdue_days) interest_overdue_days,
	MAX(principal_overdue_days) principal_overdue_days,
	MAX(overdue_days) overdue_days,
	SUM(interest_overdue) interest_overdue,
	SUM(principal_overdue) principal_overdue, 
	SUM(overdue_amount) overdue_amount
from
	#temp_overdue_details
group by loan_account_id
) a on a.loan_account_id = tt.loan_account_id
where 
	tt.repayment_mode = 1
)b
)c
)d


-- For repayment 2 and 3 (Lumpsum and Bullet Payment)

INSERT INTO #temp_actual_overdue
select 
	loan_account_id,
	total_overdue,
	overdue_days,
	principal_overdue,
	case when principal_overdue > 0 then overdue_days else 0 end  principal_overdue_days,
	interest_overdue,
	case when interest_overdue > 0 then overdue_days else 0 end interest_overdue_days,
	txn_date
from
(
select 
	a.loan_account_id,
	a.total_overdue,
	case when total_overdue = 0 then 0 else 
		case when overdue_days_count = 0 and total_overdue > 0 then overdue_days_count + 1
		else overdue_days_count + 1 end
	end overdue_days,
	case when principal_overdue > 0
		then total_overdue - interest_overdue
		when total_overdue > 0 and interest_overdue = 0
		then total_overdue
		when total_overdue > 0 and interest_overdue > 0
		then total_overdue - interest_overdue 
	else 0 end principal_overdue,
	0 principal_overdue_days,
	interest_overdue,
	0 interest_overdue_days,
	txn_date
from
(
select 
	tt.loan_account_id,
	case when tt.limit_expiry_date <= @taskDate
	then ((case when tt.checker_clear_balance < 0 then tt.checker_clear_balance else  0 end) *-1) 
		+ tt.npa_interest_amount 
		+ tt.npa_penal_interest_amount
		+ tt.npa_charges_amount
	when repayment_mode = 2 then 
				case 
					when  
					sanction_limit - ((case when tt.checker_clear_balance < 0 then tt.checker_clear_balance else  0 end) *-1) 
		+ tt.npa_interest_amount 
		+ tt.npa_penal_interest_amount
		+ tt.npa_charges_amount < 0
		then (sanction_limit - ((case when tt.checker_clear_balance < 0 then tt.checker_clear_balance else  0 end) *-1) 
		+ tt.npa_interest_amount 
		+ tt.npa_penal_interest_amount
		+ tt.npa_charges_amount ) *-1 else 0 end
	else 0
	end total_overdue,
	overdue_days_count,
	principal_overdue_days bal_principal_overdue_days,
	interest_overdue_days  bal_interest_overdue_days,
	interest_oustanding+penal_oustanding interest_overdue,
	0 principal_overdue,
	txn_date
from
	#temp_details tt
where
	repayment_mode in  (2,3)
)a
)b
-- Check total overdue is less than zero  set all overdue parameter to zero
update #temp_actual_overdue set principal_overdue = 0,
principal_overdue_days =0,
interest_overdue_days = 0,
interest_overdue = 0,
overdue_days = 0,
total_overdue = 0
where total_overdue < 0


-- Check total overdue is zero the interest should be zero
update #temp_actual_overdue set principal_overdue = 0,
principal_overdue_days =0,
interest_overdue_days = 0,
interest_overdue = 0
where total_overdue = 0
and (principal_overdue > 0 or interest_overdue > 0)

--  freeze the overdue in balance table
update 
abl
set 
	abl.overdue_amount = t.total_overdue,
	abl.overdue_days_count = t.overdue_days,
	abl.principal_overdue = t.principal_overdue,
	abl.principal_overdue_days = t.principal_overdue_days,
	abl.interest_overdue = t.interest_overdue,
	abl.interest_overdue_days = t.interest_overdue_days,
	abl.last_modified_by = @modifyBy,
	abl.last_modified_date = CURRENT_TIMESTAMP
from
	#temp_actual_overdue t
		inner join BSGACCOUNTING..account_balance_loan abl with(nolock)
			on t.loan_account_id = abl.loan_account_id
				and t.txn_date = abl.txn_date

select
	lam.loan_account_id,
	lam.last_interest_applied_date,
	lab.installment_start_date,
	lab.limit_expiry_date,
	lab.no_of_installment,
	lab.installment_amount,
	lpm.repayment_mode,
	lpm.interest_frequency,
	lpm.regular_interest_quarter_type,
	lab.installment_frequency,
	lab.moratorium_based_emi,
	lab.moratorium_int_recovery_mode,
	lab.moratoriun_period,
	lab.disbursement_date,
	ISNULL(abl.checker_clear_balance,0)  checker_clear_balance,
	ISNULL(abl.principal_outstanding,0)  principal_outstanding,
	ISNULL(abl.npa_interest_amount,0)  npa_interest_amount,
	ISNULL(abl.npa_penal_interest_amount,0)  npa_penal_interest_amount,
	ISNULL(abl.npa_charges_amount,0)  npa_charges_amount,
	ISNULL(abl.charges_applied,0) - ISNULL(abl.charges_paid,0) charges_oustanding,
	ISNULL(abl.interest_applied,0) - ISNULL(abl.interest_paid,0) interest_oustanding,
	ISNULL(abl.penal_interest_applied,0) - ISNULL(abl.penal_interest_paid,0) penal_oustanding,
	abl.txn_date,
	abl.principal_overdue_days,
	abl.interest_overdue_days,
	abl.overdue_days_count,
	abl.sanction_limit
INTO 
	#temp_details_closure
from
	BSGLOAN..loan_account_master lam with(nolock)
	inner join BSGLOAN..loan_account_basic lab with(nolock)
		on lam.loan_account_id = lab.loan_account_id
			and lab.is_active= 1
	LEFT JOIN  (
					select 
						loan_account_id,
						MAX(txn_date) txn_date
					from
						BSGACCOUNTING..account_balance_loan with(nolock)
					where
						txn_date <= @taskDate
					group by loan_account_id
				) ab
		on ab.loan_account_id = lam.loan_account_id
	LEFT JOIN BSGACCOUNTING..account_balance_loan abl with(nolock)
		on abl.loan_account_id = ab.loan_account_id
			and abl.txn_date = ab.txn_date
	LEFT OUTER JOIN BSGLOAN..loan_product_master lpm with(nolock)
		on lpm.loan_product_id = lam.loan_product_id
			and lpm.is_active = 1
where
	lam.is_active= 1
	and cast(lam.loan_account_closure_date as date) = @taskDate
	and lam.loan_account_status = 2
	and lam.loan_type = 1

--  for close account overdue and overdue_days count should be zero
update 
abl
set 
	abl.overdue_amount = 0,
	abl.overdue_days_count = 0,
	abl.principal_overdue = 0,
	abl.principal_overdue_days = 0,
	abl.interest_overdue = 0,
	abl.interest_overdue_days = 0,
	abl.last_modified_by = @modifyBy,
	abl.last_modified_date = CURRENT_TIMESTAMP
from
	#temp_details_closure t
		inner join BSGACCOUNTING..account_balance_loan abl with(nolock)
			on t.loan_account_id = abl.loan_account_id
				and t.txn_date = abl.txn_date 


select count(1) successCount ,0 failureCount
from #temp_actual_overdue t
		inner join BSGACCOUNTING..account_balance_loan abl with(nolock)
			on t.loan_account_id = abl.loan_account_id
				and t.txn_date = abl.txn_date

END"
3,CashHandlingCharges,"create    PROCEDURE [dbo].[CashHandlingCharges]
AS
BEGIN

DECLARE @cbsAppDate DATETIME = (SELECT app_date FROM BSGACCOUNTING..cbs_application_date WHERE is_active=1)

SET @cbsAppDate=DATEADD(D,-1,@cbsAppDate)

--SELECT TOP 10  * FROM BSGACCOUNTING..account_charges
--INSERT INTO account_charges
SELECT * FROM
(
select 
	-1 txn_ref_no,
	-1 chg_ref_no,
	account_id, 11107 activity_id,
	(CASE WHEN (DenomCnt) < 3 THEN 0  ELSE  ((DenomCnt)-3)*5 END)
	 charges_amount,
	(CASE WHEN (DenomCnt) < 3 THEN 0  ELSE  ((DenomCnt)-3)*5 END) * .09 cgst_amount,
	(CASE WHEN (DenomCnt) < 3 THEN 0  ELSE  ((DenomCnt)-3)*5 END) * .09  sgst_amount,
	38 charge_type,
	product_code product_code,
	786 created_by,
	GETDATE() created_date,
	786 last_modified_by,
	GETDATE() last_modified_date,
	0 status, 
	'EP' principal_type,
	 @cbsAppDate post_date,
	1 is_active,
	(CASE WHEN TenDenom>=0 THEN CONCAT('10Rs note deposited: ',TenDenom) ELSE  '' END)+
	(CASE WHEN TwentyDenom>=0 THEN CONCAT(' 20Rs note deposited: ',TwentyDenom) ELSE  '' END )
	REMARKS
from(
SELECT 
		tr.account_id,
		SUM(CASE WHEN CAST(dname as DECIMAL(18,2))=10 THEN qty ELSE 0 END) TenDenom,
		SUM(CASE WHEN CAST(dname as DECIMAL(18,2))=20 THEN qty ELSE 0 END) TwentyDenom,
		CEILING((SUM(CASE WHEN CAST(dname as DECIMAL(18,2))=10 THEN qty ELSE 0 END)+SUM(CASE WHEN CAST(dname as DECIMAL(18,2))=20 THEN qty ELSE 0 END))/100.0) DenomCnt,
		tr.txn_posting_date,
		pm.product_code
		FROM
			BSGACCOUNTING..transaction_master tr
			INNER JOIN BSGACCOUNTING..txn_ref_token_mapping tok 
				ON tr.txn_ref_no=tok.txn_ref_no
				and tok.is_active=1
			INNER JOIN BSGACCOUNTING..transaction_denomination trd
				ON tok.token_id=trd.token_id
			INNER JOIN BSGACCOUNTING..customer_view ca
				ON tr.account_id=ca.account_id
				--and ca.is_active=1
			INNER JOIN BSGCORE..product_master pm
				ON ca.product_id=pm.product_id
				and pm.is_active=1
		WHERE
			tr.is_active=1
			and tr.txn_nature='C'
			and tr.txn_type=1
			and tr.txn_posting_date = @cbsAppDate
			and qty>0
			and ca.classification_id=2
		GROUP BY tr.account_id,tr.txn_posting_date,pm.product_code,ca.account_no
		having ((SUM(CASE WHEN CAST(dname as DECIMAL(18,2))=10 THEN qty ELSE 0 END)+
		SUM(CASE WHEN CAST(dname as DECIMAL(18,2))=20 THEN qty ELSE 0 END))>300)
		)c
UNION ALL
select 
	-1 txn_ref_no,
	-1 chg_ref_no,
	account_id, 11107 activity_id,
	(CASE WHEN (DenomCnt) < 3 THEN 0  ELSE  ((DenomCnt)-3)*5 END)
	 charges_amount,
	(CASE WHEN (DenomCnt) < 3 THEN 0  ELSE  ((DenomCnt)-3)*5 END) * .09 cgst_amount,
	(CASE WHEN (DenomCnt) < 3 THEN 0  ELSE  ((DenomCnt)-3)*5 END) * .09  sgst_amount,
	38 charge_type,
	product_code product_code,
	786 created_by,
	GETDATE() created_date,
	786 last_modified_by,
	GETDATE() last_modified_date,
	0 status, 
	'EP' principal_type,
	@cbsAppDate post_date,
	1 is_active,
	(CASE WHEN TenDenom>=0 THEN CONCAT('10Rs note deposited: ',TenDenom) ELSE  '' END)+
	(CASE WHEN TwentyDenom>=0 THEN CONCAT(' 20Rs note deposited: ',TwentyDenom) ELSE  '' END )
	REMARKS
from(
SELECT 
		tr.account_id,
		SUM(CASE WHEN CAST(dname as DECIMAL(18,2))=10 THEN qty ELSE 0 END) TenDenom,
		SUM(CASE WHEN CAST(dname as DECIMAL(18,2))=20 THEN qty ELSE 0 END) TwentyDenom,
		CEILING((SUM(CASE WHEN CAST(dname as DECIMAL(18,2))=10 THEN qty ELSE 0 END)+SUM(CASE WHEN CAST(dname as DECIMAL(18,2))=20 THEN qty ELSE 0 END))/100.0) DenomCnt,
		tr.txn_posting_date,
		pm.product_code
		FROM
			BSGACCOUNTING..transaction_master tr
			INNER JOIN BSGACCOUNTING..txn_ref_token_mapping tok 
				ON tr.txn_ref_no=tok.txn_ref_no
				and tok.is_active=1
			INNER JOIN BSGACCOUNTING..transaction_denomination trd
				ON tok.token_id=trd.token_id
			INNER JOIN BSGACCOUNTING..customer_view ca
				ON tr.account_id=ca.account_id
				--and ca.is_active=1
			INNER JOIN BSGCORE..product_master pm
				ON ca.product_id=pm.product_id
				and pm.is_active=1
		WHERE
			tr.is_active=1
			and tr.txn_nature='C'
			and tr.txn_type=1
			and tr.txn_posting_date = @cbsAppDate
			and qty>0
			and ca.classification_id IN (1,6)
		GROUP BY tr.account_id,tr.txn_posting_date,pm.product_code,ca.account_no
		having ((SUM(CASE WHEN CAST(dname as DECIMAL(18,2))=10 THEN qty ELSE 0 END)+
		SUM(CASE WHEN CAST(dname as DECIMAL(18,2))=20 THEN qty ELSE 0 END))>300)
		)c
		)FINAL
			WHERE charges_amount >0
UPDATE account_charges SET txn_ref_no=id,chg_ref_no=id WHERE txn_ref_no=-1 and is_active=1
END
"
4,ChargeCollection_FolioCharges,"-- =============================================
-- Author:		<Author,gourav>
-- Create date: <Create Date,,>
-- Description:	<Description,,>
-- =============================================
CREATE   PROCEDURE [dbo].[ChargeCollection_FolioCharges] -- [sp_get_accounts_for_folio_charges] '2019-01-01','2019-03-31',9,9
AS
BEGIN
	DECLARE @cgst decimal(18,2)=9,@sgst decimal(18,2)=9
	DECLARE @cbsAppDate DATETIME = (SELECT app_date FROM BSGACCOUNTING..cbs_application_date WHERE is_active=1)
DECLARE @FromDate DATETIME =  IIF(MONTH(CAST (@cbsAppDate AS DATE)) BETWEEN 4 AND 9,CONCAT(YEAR(@cbsAppDate),'-04-01'), CONCAT(YEAR(DATEADD(YEAR,-1,@cbsAppDate)),'-10-01'))
DECLARE @ToDate DATETIME =  IIF(MONTH(CAST (@cbsAppDate AS DATE)) BETWEEN 4 AND 9,CONCAT(YEAR(@cbsAppDate),'-09-30'), CONCAT(YEAR(DATEADD(YEAR,1,@cbsAppDate)),'-03-31'))

declare @cgstproduct nvarchar(10)
declare @sgstproduct nvarchar(10)	
select @cgstproduct = config_value from BSGADMIN..cbs_config  where config_key='CGST_PRODUCT' and is_active=1
select @sgstproduct = config_value from BSGADMIN..cbs_config  where config_key='SGST_PRODUCT' and is_active=1

CREATE TABLE #PLAccountMapp(ProductCode INT, PLAccount BIGINT)
INSERT INTO #PLAccountMapp SELECT 0000, 90000000130

select 
		a.account_no,
		a.account_id,
		a.classification_id,
		a.customer_id
into #tempaccountids
from 
	(select 
			ca.account_no,
			ca.account_id,
			ca.classification_id,
			ca.customer_id
	from 
		BSGCORE..customer_accounts ca 
	inner join
		BSGCRM..customer_master cm
	on
		ca.customer_id = cm.customer_id
	and 
		ca.is_active=1
	and 
		cm.is_active=1
	and ISNULL(cm.staff_flag,0)<>1
	left outer join 
		BSGCORE..account_master am
	on 
		ca.account_id = am.account_id
	and 
		am.is_active = 1
	and 
		am.account_status_id NOT IN (4, 8)
	and am.product_code in (1014,2005)
	left outer join BSGLOAN..loan_account_master lam
	on ca.account_id=lam.loan_account_id
	and lam.is_active=1
	and lam.loan_product_code in (3041)
	and lam.asset_classification<3
	and lam.loan_account_status<>2
	where 
		ca.classification_id in (1,2,3)
		AND ISNULL(am.account_id,lam.loan_account_id) is not null
		and (am.product_code in (1014,2005) OR lam.loan_product_code in (3041))
	) a

	INSERT INTO BSGACCOUNTING..[charge_collection]
(
	[account_no],[account_id],[product_code],[product_id],[pl_account_no],[pl_account_id],[sgst_product_code],[sgst_product_id],
	[cgst_product_code],[cgst_product_id],[igst_product_code],[igst_product_id],[charge_activity],[classification_id],[charge_amount],
	[cgst],[sgst],[igst],[narration],[notification_mode],[status],[run_date],
	[created_by],[created_date],[modified_by],[modified_date],
	[is_active],[account_balance],[charge_type],[pl_product_id],[account_branch],[charge_id]
)

select
	tf.account_no,
	tf.account_id,
	am.product_code,
	am.product_id,
	CONCAT(RIGHT(CONCAT('0000',am.branch_code),4),pl.PLAccount) PLAccount,
	(select top 1 account_id from bsgcore..customer_accounts WITH(NOLOCK) where account_no =  CONCAT(right('0000'+ cast(am.branch_code as nvarchar),4),pl.PLAccount) and is_Active=1),
	@sgstproduct,
	(select top 1 internal_product_id from BSGCORE..product_master_internal WITH(NOLOCK) where product_code=@sgstproduct and branch_code=am.branch_code and is_active=1),
	@cgstproduct,
	(select top 1 internal_product_id from BSGCORE..product_master_internal WITH(NOLOCK) where product_code=@cgstproduct and branch_code=am.branch_code and is_active=1),
	-1,-1,
	11067 charge_activity,
	tf.classification_id,
	CASE WHEN  am.product_code=1014 THEN 50 ELSE 10 END,
	isnull(cast((CASE WHEN  am.product_code=1014 THEN 50 ELSE 10 END * @cgst)/100 as decimal(18,2)),0.00),
	isnull(cast((CASE WHEN  am.product_code=1014 THEN 50 ELSE 10 END * @cgst)/100 as decimal(18,2)),0.00),
	0,
	'Service Charges '+ Datename(month,@fromdate) +' '+cast(year(@fromdate) as nvarchar)+' to ' + Datename(month,@todate) +' '+cast(year(@todate) as nvarchar),
	1,
	0,
	@cbsAppDate,
	786 [created_by],
	GETDATE() [created_date],
	786 [modified_by],
	GETDATE() [modified_date],
	1 [is_active],
	ab.available_balance,
	23 [charge_type],
	(SELECT top 1 internal_product_id FROM BSGCORE..account_master_internal WHERE internal_account_id=
	(select top 1 account_id from bsgcore..customer_accounts WITH(NOLOCK) where account_no =  CONCAT(right('0000'+	cast(am.branch_code as nvarchar),4),pl.PLAccount) and is_Active=1)) [pl_product_id],
	am.branch_code,
	1 [charge_id]
from 
		#tempaccountids tf 		
	inner join 
		BSGCORE..account_master am
	on	
		tf.account_id = am.account_id
	and 
		am.is_active=1
	--inner join 
	--	BSGCORE..product_master pm
	--on 
	--	am.product_id = pm.product_id	
	--and 
	--	pm.is_active=1
	inner join 
		BSGACCOUNTING..account_balance ab
	on 
		tf.account_id = ab.account_id
	inner join 
		(select account_id,max(txn_date) txn_date from BSGACCOUNTING..account_balance ab group by account_id)a
	on 
		ab.account_id = a.account_id
	and 
		ab.txn_date = a.txn_date
	CROSS JOIN 
		#PLAccountMapp pl

union all
select
	tf.account_no,
	tf.account_id,
	lam.loan_product_code,
	lam.loan_product_id,
	CONCAT(RIGHT(CONCAT('0000',lam.branch_code),4),pl.PLAccount) PLAccount,
	(select top 1 account_id from bsgcore..customer_accounts WITH(NOLOCK) where account_no =  CONCAT(right('0000'+ cast(lam.branch_code as nvarchar),4),pl.PLAccount) and is_Active=1),
	@sgstproduct,
	(select top 1 internal_product_id from BSGCORE..product_master_internal WITH(NOLOCK) where product_code=@sgstproduct and branch_code=lam.branch_code and is_active=1),
	@cgstproduct,
	(select top 1 internal_product_id from BSGCORE..product_master_internal WITH(NOLOCK) where product_code=@cgstproduct and branch_code=lam.branch_code and is_active=1),
	-1,-1,
	11067 charge_activity,
	tf.classification_id,
	60,
	isnull(cast((60 * @cgst)/100 as decimal(18,2)),0.00),
	isnull(cast((60 * @cgst)/100 as decimal(18,2)),0.00),
	0,
	'Service Charges '+ Datename(month,@fromdate) +' '+cast(year(@fromdate) as nvarchar)+' to ' + Datename(month,@todate) +' '+cast(year(@todate) as nvarchar),
	1,
	0,
	@cbsAppDate,
	786 [created_by],
	GETDATE() [created_date],
	786 [modified_by],
	GETDATE() [modified_date],
	1 [is_active],
	ab.available_balance,
	23 [charge_type],
	(SELECT top 1 internal_product_id FROM BSGCORE..account_master_internal WHERE internal_account_id=
	(select top 1 account_id from bsgcore..customer_accounts WITH(NOLOCK) where account_no =  CONCAT(right('0000'+	cast(lam.branch_code as nvarchar),4),pl.PLAccount) and is_Active=1)) [pl_product_id],
	lam.branch_code,
	1 [charge_id]

	from 
		#tempaccountids tf 		
	inner join 
		BSGLOAN..loan_account_master lam
	on	
		tf.account_id = lam.loan_account_id
	and 
		lam.is_active=1
	--inner join 
	--	BSGCORE..product_master pm
	--on 
	--	am.product_id = pm.product_id	
	--and 
	--	pm.is_active=1
	inner join 
		BSGACCOUNTING..account_balance_loan ab
	on 
		tf.account_id = ab.loan_account_id
	inner join 
		(select loan_account_id,max(txn_date) txn_date from BSGACCOUNTING..account_balance_loan ab group by loan_account_id)a
	on 
		ab.loan_account_id = a.loan_account_id
	and 
		ab.txn_date = a.txn_date
	CROSS JOIN 
		#PLAccountMapp pl
	where 
		tf.classification_id=3
		and lam.loan_product_code=3041;

EXEC ChargeCollection_ValidationCheck 1
		
END"
5,ChargeCollection_GstUpdate,"
-- =============================================
-- Author:		<ASHISH L>
-- Create date: <2023-01-23 18:24:03.097> SELECT GETDATE()
-- Description:	<Gst Update AccountWise>
-- Exec: ChargeCollection_GstUpdate 1,1
-- =============================================
CREATE     PROCEDURE [dbo].[ChargeCollection_GstUpdate]
@ChargeId INT,
@TaxMethod INT = 0
AS
BEGIN

DECLARE @cgst DECIMAL(18,2) = 9.0, @sgst DECIMAL(18,2)=9.0, @utgst DECIMAL(18,2) = 9.0, @igst DECIMAL(18,2) = 18.0

SELECT AccountId, BranchCode,
COALESCE(AccountGstStateId,CustomerGstStateId,AddressStateId,HomeBranchStateId,0) stateCode,
COALESCE(AccountUTFlag,CustomerUTFlag,AddressUTFLag,HomeBranchUTFLag,0) IsUtGst
INTO #AccountGstDetails
FROM
(
SELECT 
	a.account_id AccountId,
	a.account_branch BranchCode,
	b.state_id AccountGstStateId,
	b.is_utgst AccountUTFlag,
	d.customer_id CustomerNo,
	e.state_id CustomerGstStateId, 
	e.is_utgst CustomerUTFlag,
	j.state_id AddressStateId,
	j.is_utgst AddressUTFLag, 
	l.state_id HomeBranchStateId,
	l.is_utgst HomeBranchUTFLag
FROM 
	BSGACCOUNTING..charge_collection a WITH(NOLOCK)
	LEFT JOIN BSGCRM..customer_gst_no_mapping b WITH(NOLOCK)
		ON a.account_id=CAST(b.account_id_locker_id AS int)
		AND b.account_type=1
		AND b.is_active=1
	LEFT JOIN BSGCORE..customer_accounts c WITH(NOLOCK)
		ON a.account_id=c.account_id
		AND c.is_active=1
	LEFT JOIN BSGCRM..customer_master d WITH(NOLOCK)
		ON c.customer_id=d.customer_id
		AND d.is_active=1
	LEFT JOIN BSGMASTER..gst_state_mapping e WITH(NOLOCK)
		--ON SUBSTRING(d.gst_number,1,2) = e.gst_state_code -- GST STATE CODE LOGIC
		ON isnull(try_cast(SUBSTRING(d.gst_number,1,2) as bigint),0) = e.gst_state_code -- 1st 2 digit of GSTNO is STATE CODE
		AND e.is_active=1
	LEFT JOIN BSGCRM..customer_address h WITH(NOLOCK)
		ON d.customer_id=h.customer_id
		AND h.address_type_code=2--MAILING ADDRESS
		AND h.is_active=1
	LEFT JOIN BSGMASTER..gst_state_mapping j WITH(NOLOCK)
		ON h.state_code=j.state_id
		AND j.is_active=1
	LEFT JOIN BSGMASTER..branch_master k WITH(NOLOCK)
		ON a.account_branch=k.branch_code
		AND k.is_active=1
	LEFT JOIN BSGMASTER..gst_state_mapping l WITH(NOLOCK)
		ON k.state_code=l.state_id
		AND l.is_active=1
WHERE a.is_active=1
	AND a.charge_id=@ChargeId
) a
--SELECT * FROM #AccountGstDetails
--Exclusive Tax Calculation
IF(@TaxMethod = 0)
BEGIN
UPDATE a SET 
		igst= isnull(cast((charge_amount * @igst)/100 as decimal(18,2)),0.00)
FROM BSGACCOUNTING..charge_collection a WITH(NOLOCK)
	INNER JOIN #AccountGSTDetails b WITH(NOLOCK)
		ON a.account_id = b.AccountId
	INNER JOIN BSGMASTER..branch_master c WITH(NOLOCK)
		ON b.BranchCode=c.branch_code
		AND c.is_active=1
WHERE
	a.is_active=1
	AND a.charge_id = @ChargeId
	AND b.stateCode<>0
	AND b.stateCode<>c.state_code

UPDATE a SET 
		cgst = isnull(cast((charge_amount * @cgst)/100 as decimal(18,2)),0.00) ,
		sgst = CASE WHEN ISNULL(IsUtGst,0)=0 AND (b.stateCode=c.state_code OR b.stateCode=0) THEN   isnull(cast((charge_amount * @sgst)/100 as decimal(18,2)),0.00) ELSE 0.00 END,
		utgst = CASE WHEN IsUtGst=1 AND (b.stateCode=c.state_code) THEN  isnull(cast((charge_amount * @utgst)/100 as decimal(18,2)),0.00) ELSE 0.00 END
FROM BSGACCOUNTING..charge_collection a WITH(NOLOCK)
	INNER JOIN #AccountGSTDetails b WITH(NOLOCK)
		ON a.account_id = b.AccountId
	INNER JOIN BSGMASTER..branch_master c WITH(NOLOCK)
		ON b.BranchCode=c.branch_code
		AND c.is_active=1
WHERE
	a.is_active=1
	AND a.charge_id = @ChargeId
	AND (b.stateCode=c.state_code OR b.stateCode=0)

--UPDATE a SET
--	  cgst = isnull(cast((charge_amount * @cgst)/100 as decimal(18,2)),0.00),
--	  sgst = isnull(cast((charge_amount * @sgst)/100 as decimal(18,2)),0.00) 
--FROM BSGACCOUNTING..charge_collection a WITH(NOLOCK)
--	INNER JOIN #AccountGSTDetails b WITH(NOLOCK)
--		ON a.account_id = b.AccountId
--	INNER JOIN BSGMASTER..branch_master c WITH(NOLOCK)
--		ON b.BranchCode=c.branch_code
--		AND c.is_active=1
--WHERE
--	a.is_active=1
--	AND a.charge_id = @ChargeId
--	AND (b.stateCode=c.state_code OR b.stateCode=0)
--	AND ISNULL(IsUtGst,0)=0

END

--Inclusive Tax Calculation
IF(@TaxMethod = 1)
BEGIN

UPDATE a SET
	charge_amount = CAST(charge_amount-(charge_amount - (charge_amount * (100 / (100 + 18.0) ) )) as DECIMAL(18,2)) ,
	igst = CAST((charge_amount - (charge_amount * (100 / (100 + 18.0) ) )) as decimal(18,2)) 
FROM BSGACCOUNTING..charge_collection a WITH(NOLOCK)
	INNER JOIN #AccountGSTDetails b WITH(NOLOCK)
		ON a.account_id = b.AccountId
	INNER JOIN BSGMASTER..branch_master c WITH(NOLOCK)
		ON b.BranchCode=c.branch_code
		AND c.is_active=1
WHERE
	a.is_active=1
	AND a.charge_id = @ChargeId
	AND b.stateCode<>0
	AND b.stateCode<>c.state_code

UPDATE a SET
	charge_amount = CAST(charge_amount-(charge_amount - (charge_amount * (100 / (100 + 18.0) ) )) as DECIMAL(18,2)) ,
	cgst = CAST((charge_amount - (charge_amount * (100 / (100 + 18.0) ) ))/2 as decimal(18,2)) ,
	sgst = CASE WHEN ISNULL(IsUtGst,0)=0 AND (b.stateCode=c.state_code OR b.stateCode=0) THEN CAST((charge_amount - (charge_amount * (100 / (100 + 18.0) ) ))/2 as decimal(18,2)) ELSE 0.00 END,
	utgst = CASE WHEN IsUtGst=1 AND (b.stateCode=c.state_code) THEN  CAST((charge_amount - (charge_amount * (100 / (100 + 18.0) ) ))/2 as decimal(18,2)) ELSE 0.00 END
FROM BSGACCOUNTING..charge_collection a WITH(NOLOCK)
	INNER JOIN #AccountGSTDetails b WITH(NOLOCK)
		ON a.account_id = b.AccountId
	INNER JOIN BSGMASTER..branch_master c WITH(NOLOCK)
		ON b.BranchCode=c.branch_code
		AND c.is_active=1
WHERE
	a.is_active=1
	AND a.charge_id = @ChargeId
	AND (b.stateCode=c.state_code OR b.stateCode=0)

--UPDATE a SET
--	charge_amount = CAST(charge_amount-(charge_amount - (charge_amount * (100 / (100 + 18.0) ) )) as DECIMAL(18,2)) ,
--	cgst = CAST((charge_amount - (charge_amount * (100 / (100 + 18.0) ) ))/2 as decimal(18,2)) ,
--	sgst = CAST((charge_amount - (charge_amount * (100 / (100 + 18.0) ) ))/2 as decimal(18,2))
--FROM BSGACCOUNTING..charge_collection a WITH(NOLOCK)
--	INNER JOIN #AccountGSTDetails b WITH(NOLOCK)
--		ON a.account_id = b.AccountId
--	INNER JOIN BSGMASTER..branch_master c WITH(NOLOCK)
--		ON b.BranchCode=c.branch_code
--		AND c.is_active=1
--WHERE
--	a.is_active=1
--	AND a.charge_id = @ChargeId
--	AND (b.stateCode=c.state_code OR b.stateCode=0)
--	AND ISNULL(IsUtGst,0)=0

END

END"
6,ChargeCollection_LoanCommitmentCharges,"-- =============================================
-- Author:        <Ashish L>
-- Create date:	  <2022-12-31>
-- Description:   <ChargeCollection_LoanCommitmentCharges>
-- Eexc: ChargeCollection_LoanCommitmentCharges
-- =============================================
CREATE   PROCEDURE [dbo].[ChargeCollection_LoanCommitmentCharges]
AS
BEGIN

DECLARE @cgstproduct nvarchar(10)
DECLARE @sgstproduct nvarchar(10)
DECLARE @igstproduct nvarchar(10)
DECLARE @utgstproduct nvarchar(10)

select @cgstproduct = config_value from BSGADMIN..cbs_config  where config_key='CGST_PRODUCT' and is_active=1
select @sgstproduct = config_value from BSGADMIN..cbs_config  where config_key='SGST_PRODUCT' and is_active=1
select @igstproduct = config_value from BSGADMIN..cbs_config  where config_key='IGST_PRODUCT' and is_active=1
select @utgstproduct = config_value from BSGADMIN..cbs_config  where config_key='UTGST_PRODUCT' and is_active=1

CREATE TABLE #PLAccountMapp(account_id INT, PLAccount VARCHAR(30), branch_code INT, productId INT)
INSERT INTO #PLAccountMapp 
select account_id,account_no,branch_code,product_id
from BSGACCOUNTING..customer_view WITH (NOLOCK)
where account_no like '%90000000299'

SELECT * INTO #productMasterInternal from BSGCORE..product_master_internal pl WITH(NOLOCK) where product_code IN(@cgstproduct,@sgstproduct,@igstproduct,@utgstproduct) and is_active=1

DECLARE @cbsAppDate DATETIME = (SELECT app_date FROM BSGACCOUNTING..cbs_application_date WHERE is_active=1)
DECLARE @fromdate DATETIME = '2023-09-01'--DATEADD(month, DATEDIFF(month, 0, @cbsAppDate), 0)
DECLARE @todate DATETIME = '2023-09-30'--CAST(eomonth(@cbsAppDate) AS datetime)

DECLARE @startNo INT= 0;
DECLARE @endNo INT = (SELECT (DATEDIFF(DAY,@fromDate,@toDate)))

;WITH numGen AS
(
	SELECT @startNo AS rNum, DATEADD(DAY,@startNo,@fromDate) date
	UNION ALL
	SELECT rNum+1,DATEADD(DAY,rNum+1,@fromDate) date FROM numGen WHERE rNum+1 <= @endNo
)

SELECT rNum,CAST(date AS DATE) date,'G' type
INTO #dateGeneration
FROM numGen
OPTION (maxrecursion 5000)

--SELECT * FROM #dateGeneration

SELECT b.loan_account_id,b.loan_account_no,AVG(b.newAvailableBalance) avgBal, loan_amount
INTO #data
FROM (
SELECT 
	a.loan_account_id,
	a.loan_account_no
	,ab.checker_clear_balance+ab.checker_unclear_balance as newAvailableBalance
	,ab.available_balance
	,a.Maxtxn_date
	,a.date 
	,a.monthPart
	--,CASE WHEN ab.sanction_limit=0 THEN lab.loan_amount ELSE ab.sanction_limit END sanction_limit
	,lab.loan_amount
FROM (
SELECT 
	am.loan_account_id,
	am.loan_account_no
	,dg.rNum
	,MAX(ISNULL(ab.txn_date,am.date_of_account_opening)) Maxtxn_date
	,dg.date
	,DATEPART(M,DATEADD(DAY,dg.rNum,@fromdate)) monthPart
FROM 
	BSGLOAN..loan_account_master am WITH(NOLOCK)
	INNER JOIN #dateGeneration dg WITH(NOLOCK)
		ON dg.type='G'
		AND DATEADD(DAY,dg.rNum,@fromdate) <= @toDate
	LEFT JOIN BSGACCOUNTING..account_balance_loan ab WITH(NOLOCK)
		ON am.loan_account_id=ab.loan_account_id
		AND ab.txn_date <= DATEADD(DAY,dg.rNum,@fromDate)
WHERE 
	am.loan_account_status<>2
	AND am.is_active=1 
	AND am.asset_classification < 3
	AND am.loan_product_code IN (6903)
	AND DATEADD(DAY,dg.rNum,@fromdate) >= am.date_of_account_opening
	--AND am.loan_account_no='74230000004455'
GROUP BY 
	am.loan_account_id,
	am.loan_account_no
	,dg.rNum
	,dg.date
) a
INNER JOIN BSGACCOUNTING..account_balance_loan ab WITH (NOLOCK)
	ON a.loan_account_id=ab.loan_account_id
	AND a.Maxtxn_date=ab.txn_date
INNER JOIN BSGLOAN..loan_account_basic lab WITH(NOLOCK)
		ON a.loan_account_id=lab.loan_account_id
		AND lab.is_active=1
		AND lab.limit_expiry_date>=@todate
		AND lab.loan_amount>0
)b
GROUP BY b.loan_account_id,b.loan_account_no, loan_amount



SELECT 
	loan_amount*0.60 AmountToUse
	,-avgBal avgb,(loan_amount - (-avgBal)) unUsedAmount,
	IIF(-avgBal<loan_amount*0.60, (loan_amount - (-avgBal))*0.02,0) ChargeAmount
	,*
INTO #ChargeAmount
FROM #data

INSERT INTO BSGACCOUNTING..[charge_collection]
(
    [account_no],[account_id],[product_code],[product_id],[pl_account_no],[pl_account_id],[sgst_product_code],[sgst_product_id],
    [cgst_product_code],[cgst_product_id],[igst_product_code],[igst_product_id],[utgst_product_code],[utgst_product_id],[charge_activity],[classification_id],[charge_amount],
    [cgst],[sgst],[igst],[utgst],[narration],[notification_mode],[status],[run_date],
    [created_by],[created_date],[modified_by],[modified_date],
    [is_active],[account_balance],[charge_type],[pl_product_id],[account_branch],[charge_id]
)    

SELECT
    am.loan_account_no,
    am.loan_account_id,
    am.loan_product_code,
    am.loan_product_id,
    pl.PLAccount PLAccount,
    pl.account_id,
    @sgstproduct,
    (select TOP 1 internal_product_id from #productMasterInternal pl WITH(NOLOCK) where product_code=@sgstproduct and  pl.branch_code=am.branch_code),
    @cgstproduct,
    (select TOP 1 internal_product_id from #productMasterInternal pl WITH(NOLOCK) where product_code=@cgstproduct and  pl.branch_code=am.branch_code),
    @igstproduct,
    (select TOP 1 internal_product_id from #productMasterInternal pl WITH(NOLOCK) where product_code=@igstproduct and  pl.branch_code=am.branch_code),
    @utgstproduct,
    (select TOP 1 internal_product_id from #productMasterInternal pl WITH(NOLOCK) where product_code=@utgstproduct and  pl.branch_code=am.branch_code),
    11137 charge_activity,
    ca.classification_id,
    CAST(tf.ChargeAmount AS DECIMAL(18,2)) ChargeAmt,
    0 cgst,
    0 sgst,
    0 igst,
    0 utgst,
   IIF(MONTH(@fromdate)!=MONTH(@todate),CONCAT('Commitment Charges.',DATENAME(month,@fromdate) ,' ',YEAR(@fromdate),' to ', Datename(month,@todate),' ',YEAR(@todate),' UnusedAmount: ',CAST(tf.unUsedAmount AS DECIMAL(18,2))
	),CONCAT('Commitment Charges.',DATENAME(MONTH,@fromdate),' ',YEAR(@fromdate),' UnusedAmount: ',CAST(tf.unUsedAmount AS DECIMAL(18,2)))),
    1 notification_mode,
    0 status,
    @cbsAppDate run_date,
    786 [created_by],
    GETDATE() [created_date],
    786 [modified_by],
    GETDATE() [modified_date],
    1 [is_active],
    ab.available_balance,
    53 [charge_type],
    pl.productId [pl_product_id],
    am.branch_code,
    1 [charge_id]
from  
    #ChargeAmount tf  WITH(NOLOCK)    
    inner join BSGLOAN..loan_account_master am WITH(NOLOCK)
        on    tf.loan_account_id = am.loan_account_id
	AND am.loan_account_status<>2
	AND am.is_active=1 
	AND am.asset_classification < 3
	AND am.loan_product_code IN (6903)
	INNER JOIN BSGCORE..customer_accounts ca WITH(NOLOCK)
	ON am.loan_account_id=ca.account_id
	AND ca.is_active=1
	INNER JOIN BSGCRM..customer_master cm WITH(NOLOCK)
	ON ca.customer_id=cm.customer_id
	AND cm.is_active=1
	AND ISNULL(cm.staff_flag,0)<>1
    inner join BSGACCOUNTING..account_balance_loan ab WITH(NOLOCK)
        on tf.loan_account_id = ab.loan_account_id
    inner join (select loan_account_id,max(txn_date) txn_date from BSGACCOUNTING..account_balance_loan ab WITH(NOLOCK) group by loan_account_id)a
        on ab.loan_account_id = a.loan_account_id
        and ab.txn_date = a.txn_date
    INNER JOIN #PLAccountMapp pl WITH(NOLOCK)
        ON am.branch_code=pl.branch_code

EXEC ChargeCollection_GstUpdate 1

EXEC ChargeCollection_ValidationCheck 1 

END"
7,ChargeCollection_MinimumBalCharges,"-- =============================================
-- Author:		<Ashish L>
-- Create date: <2023-02-27> SELECT GETDATE()
-- Description:	<MinBal. Charges>
-- Exec: ChargeCollection_MinimumBalCharges
-- =============================================

CREATE   procedure [dbo].[ChargeCollection_MinimumBalCharges]
AS
BEGIN 
DECLARE @cbsAppDate DATETIME = (SELECT app_date FROM BSGACCOUNTING..cbs_application_date WHERE is_active=1)
--set @cbsAppDate = '2023-09-30';

DECLARE @FromDate DATETIME = '2023-10-01'--DATEADD(q, DATEDIFF(q, 0, @cbsAppDate), 0)
DECLARE @ToDate DATETIME = '2023-12-31'--DATEADD(d, -1, DATEADD(q, DATEDIFF(q, 0, @cbsAppDate) + 1, 0))

--DECLARE @FromDate DATETIME = '2023-07-01'--DATEADD(q, DATEDIFF(q, 0, @cbsAppDate), 0)
--DECLARE @ToDate DATETIME = '2023-09-30'--DATEADD(d, -1, DATEADD(q, DATEDIFF(q, 0, @cbsAppDate) + 1, 0))

--SELECT @cbsAppDate,@fromDate,@toDate

DECLARE @startNo INT= 0;
DECLARE @endNo INT = (SELECT (DATEDIFF(DAY,@fromDate,@toDate)))

DECLARE @cgstproduct nvarchar(10)
DECLARE @sgstproduct nvarchar(10)
DECLARE @igstproduct nvarchar(10)
DECLARE @utgstproduct nvarchar(10)

select @cgstproduct = config_value from BSGADMIN..cbs_config  where config_key='CGST_PRODUCT' and is_active=1
select @sgstproduct = config_value from BSGADMIN..cbs_config  where config_key='SGST_PRODUCT' and is_active=1
select @igstproduct = config_value from BSGADMIN..cbs_config  where config_key='IGST_PRODUCT' and is_active=1
select @utgstproduct = config_value from BSGADMIN..cbs_config  where config_key='UTGST_PRODUCT' and is_active=1

SELECT * INTO #productMasterInternal from BSGCORE..product_master_internal pl WITH(NOLOCK) where product_code IN(@cgstproduct,@sgstproduct,@igstproduct,@utgstproduct) and is_active=1

----------2504	SB - Regular			100(plus GST)	Quarterly	190000000145	1	Rural - Rs. 500,Semi-Urban - Rs. 1000,Metro/ Urban -Rs. 2000
----------2506	SB- Premium				300(plus GST)	Quarterly	190000000150	2	25000
----------2508	SB-TASC					100(plus GST)	Quarterly	190000000916	3	100000
----------2509	SB-SHG NRLM				100(plus GST)	Quarterly	190001000161	4	500
----------1101	CA Regular-Corporate	100(plus GST)	Quarterly	190000000750	5	Rural - Rs. 2500,Urban & Semi-Urban - Rs. 5000
----------1102	CA Plus-Retail			300(plus GST)	Quarterly	190000000779	6	Rural - Rs. 5000,Urban & Semi-Urban - Rs. 10000
----------1109	CA - TASC-Retail		300(plus GST)	Quarterly	190000000828	7	100000
----------2510	SB - Children			50(plus GST)	Quarterly	190001000161	4	1000
----------2011	SB-Senior Citizen		150(plus GST)	Quarterly	190001000161	4	5000

--productCode,description,gstamount,frequency,placcountNo,condition



CREATE TABLE #PLAccountMapp(account_id INT, PLAccount VARCHAR(30), branch_code INT, productId INT, productCodeLogic INT)
INSERT INTO #PLAccountMapp 
select account_id,account_no,branch_code,product_id, 
CASE 
	WHEN account_no like '%90000000145' THEN 1
	WHEN account_no like '%90000000150' THEN 2
	WHEN account_no like '%90000000916' THEN 3
	WHEN account_no like '%90001000161' THEN 4
	WHEN account_no like '%90000000750' THEN 5
	WHEN account_no like '%90000000779' THEN 6
	WHEN account_no like '%90000000828' THEN 7
ELSE 0
END productCodeLogic
from BSGACCOUNTING..customer_view with(nolock)
where (account_no like '%90000000145'
OR account_no like '%90000000150'
OR account_no like '%90000000916'
OR account_no like '%90001000161'
OR account_no like '%90000000750'
OR account_no like '%90000000779'
OR account_no like '%90000000828') AND classification_id = 5;

--SB MinBal
;WITH numGen AS
(
	SELECT @startNo AS rNum, DATEADD(DAY,@startNo,@fromDate) date
	UNION ALL
	SELECT rNum+1,DATEADD(DAY,rNum+1,@fromDate) date FROM numGen WHERE rNum+1 <= @endNo
)

SELECT *,'G' type
INTO #dateGeneration
FROM numGen
OPTION (maxrecursion 1000)

SELECT b.account_id,CAST(AVG(b.available_balance) AS DECIMAL(18,2)) avgBal 
INTO #AvgBal
FROM (
SELECT 
	a.account_id
	,ab.available_balance
	,a.Maxtxn_date
	,a.date 
	,a.monthPart
FROM (
SELECT 
	am.account_id
	,dg.rNum
	,MAX(ISNULL(ab.txn_date,am.account_open_date)) Maxtxn_date
	,dg.date
	,DATEPART(M,DATEADD(DAY,dg.rNum,@fromdate)) monthPart
FROM 
	BSGCORE..customer_accounts ca WITH(NOLOCK)
	INNER JOIN BSGCRM..customer_master cm WITH(NOLOCK)
		ON ca.customer_id=cm.customer_id
		AND cm.is_active=1
		AND ISNULL(cm.staff_flag,0)<>1
	INNER JOIN BSGCORE..account_master am WITH(NOLOCK)
		ON ca.account_id=am.account_id
		AND am.is_active=1
	INNER JOIN #dateGeneration dg WITH(NOLOCK)
		ON dg.type='G'
		AND DATEADD(DAY,dg.rNum,@fromdate) <= @toDate
	LEFT JOIN BSGACCOUNTING..account_balance ab WITH(NOLOCK)
		ON am.account_id=ab.account_id
		AND ab.txn_date <= DATEADD(DAY,dg.rNum,@fromDate)
WHERE
	ca.is_active=1 
	AND am.account_open_date<=@fromDate
	AND	am.account_status_id = 1
	AND am.product_code IN (2504,2506,2508,2509,1101,1102,1109,2510,2011)
	AND DATEADD(DAY,dg.rNum,@fromdate) >= am.account_open_date
	--AND ca.account_id IN (11689770,11691649,8550715,10908662,8980680,8696982,8725387,8730861,11447606)
	
GROUP BY 
	am.account_id
	,dg.rNum
	,dg.date
) a
INNER JOIN BSGACCOUNTING..account_balance ab WITH (NOLOCK)
	ON a.account_id=ab.account_id
	AND a.Maxtxn_date=ab.txn_date
)b
GROUP BY b.account_id

SELECT 
	ca.account_id,
	ca.account_no,
	ca.classification_id,
	am.branch_code,
	am.product_code,
	am.product_id,
	(SELECT pl.account_id FROM #PLAccountMapp pl WITH(NOLOCK) WHERE pl.productCodeLogic = 
	CASE
		WHEN am.product_code IN (2504) THEN 1 
		WHEN am.product_code IN (2506) THEN 2
		WHEN am.product_code IN (2508) THEN 3
		WHEN am.product_code IN (2509,2510,2011) THEN 4
		WHEN am.product_code IN (1101) THEN 5
		WHEN am.product_code IN (1102) THEN 6
		WHEN am.product_code IN (1109) THEN 7
	END AND  pl.branch_code=am.branch_code ) plAccountId,
	(SELECT pl.productId FROM #PLAccountMapp pl WITH(NOLOCK) WHERE pl.productCodeLogic = 
	CASE
		WHEN am.product_code IN (2504) THEN 1 
		WHEN am.product_code IN (2506) THEN 2
		WHEN am.product_code IN (2508) THEN 3
		WHEN am.product_code IN (2509,2510,2011) THEN 4
		WHEN am.product_code IN (1101) THEN 5
		WHEN am.product_code IN (1102) THEN 6
		WHEN am.product_code IN (1109) THEN 7
	END AND  pl.branch_code=am.branch_code ) plProductId,
	(SELECT pl.PLAccount FROM #PLAccountMapp pl WITH(NOLOCK) WHERE pl.productCodeLogic = 
	CASE
		WHEN am.product_code IN (2504) THEN 1 
		WHEN am.product_code IN (2506) THEN 2
		WHEN am.product_code IN (2508) THEN 3
		WHEN am.product_code IN (2509,2510,2011) THEN 4
		WHEN am.product_code IN (1101) THEN 5
		WHEN am.product_code IN (1102) THEN 6
		WHEN am.product_code IN (1109) THEN 7
	END AND  pl.branch_code=am.branch_code ) plAccountNo
	,
	CASE 
		WHEN am.product_code IN (2510) THEN 50
		WHEN am.product_code IN (2504,2508,2509,1101) THEN 100
		WHEN am.product_code IN (2011) THEN 150
		WHEN am.product_code IN (2506,1102,1109) THEN 300
	END charge_value
INTO #ChargeAccountId
FROM 
	#AvgBal avgb WITH(NOLOCK)
	INNER JOIN BSGCORE..customer_accounts ca WITH(NOLOCK)
		ON avgb.account_id=ca.account_id
	INNER JOIN BSGCRM..customer_master cm WITH(NOLOCK)
		ON ca.customer_id=cm.customer_id
		AND cm.is_active=1
		AND ISNULL(cm.staff_flag,0)<>1
	INNER JOIN BSGCORE..account_master am WITH(NOLOCK)
		ON avgb.account_id=am.account_id
		AND am.is_active=1
	INNER JOIN BSGMASTER..branch_master bm WITH(NOLOCK)
		ON am.branch_code=bm.branch_code
		AND bm.is_active=1
WHERE 
	ca.is_active=1
	AND avgb.avgBal < 
	CASE 
		WHEN am.product_code IN (2506) THEN 25000
		WHEN am.product_code IN (2508,1109) THEN 100000
		WHEN am.product_code IN (2509) THEN 500
		WHEN am.product_code IN (2510) THEN 1000
		WHEN am.product_code IN (2011) THEN 5000
		WHEN am.product_code IN (2504) AND bm.branch_area_type = 1 THEN 2000 --URBAN
		WHEN am.product_code IN (2504) AND bm.branch_area_type = 2 THEN 500	--RURAL
		WHEN am.product_code IN (2504) AND bm.branch_area_type = 3 THEN 1000	--SEMI-URBAN
		WHEN am.product_code IN (1101) AND bm.branch_area_type IN (1,3) THEN 5000 --URBAN,SEMI-URBAN
		WHEN am.product_code IN (1101) AND bm.branch_area_type = 2 THEN 2500	--RURAL
		WHEN am.product_code IN (1102) AND bm.branch_area_type IN (1,3) THEN 10000	--URBAN,SEMI-URBAN
		WHEN am.product_code IN (1102) AND bm.branch_area_type = 2 THEN 5000	--RURAL
	ELSE
		0
	END


--SELECT * FROM #ChargeAccountId

INSERT INTO BSGACCOUNTING..[charge_collection]
(
    [account_no],[account_id],[product_code],[product_id],[pl_account_no],[pl_account_id],[sgst_product_code],[sgst_product_id],
    [cgst_product_code],[cgst_product_id],[igst_product_code],[igst_product_id],[utgst_product_code],[utgst_product_id],[charge_activity],[classification_id],[charge_amount],
    [cgst],[sgst],[igst],[utgst],[narration],[notification_mode],[status],[run_date],
    [created_by],[created_date],[modified_by],[modified_date],
    [is_active],[account_balance],[charge_type],[pl_product_id],[account_branch],[charge_id]
) 

SELECT	
	ct.account_no,
	ct.account_id,
	ct.product_code,
	ct.product_id,
	ct.plAccountNo,
	ct.plAccountId,
	@sgstproduct,
    (select TOP 1 internal_product_id from #productMasterInternal pl WITH(NOLOCK) where product_code=@sgstproduct and  pl.branch_code=ct.branch_code),
    @cgstproduct,
    (select TOP 1 internal_product_id from #productMasterInternal pl WITH(NOLOCK) where product_code=@cgstproduct and  pl.branch_code=ct.branch_code),
    @igstproduct,
    (select TOP 1 internal_product_id from #productMasterInternal pl WITH(NOLOCK) where product_code=@igstproduct and  pl.branch_code=ct.branch_code),
    @utgstproduct,
    (select TOP 1 internal_product_id from #productMasterInternal pl WITH(NOLOCK) where product_code=@utgstproduct and  pl.branch_code=ct.branch_code),
	11081 [charge_activity],
	ct.classification_id,
	CAST(ct.charge_value AS decimal(18,2)),
	0 cgst,
    0 sgst,
    0 igst,
    0 utgst,
	IIF(MONTH(@fromdate)!=MONTH(@todate),CONCAT('Min. Balance Charges.',DATENAME(month,@fromdate) ,' ',YEAR(@fromdate),' to ', Datename(month,@todate),' ',YEAR(@todate)),CONCAT('Min. Balance Charges.',DATENAME(MONTH,@fromdate),' ',YEAR(@fromdate))),
	1,
	0,
	@cbsAppDate,
	786 [created_by],
	GETDATE() [created_date],
	786 [modified_by],
	GETDATE() [modified_date],
	1 [is_active],
	ab.available_balance,
	25 [charge_type],
	ct.plProductId [pl_product_id],
	ct.branch_code,
	3 [charge_id]
from 
	#ChargeAccountId ct WITH(NOLOCK)
	INNER JOIN BSGACCOUNTING..account_balance ab WITH(NOLOCK)
	ON ct.account_id=ab.account_id
	INNER JOIN (SELECT account_id,MAX(txn_date) maxDate FROM BSGACCOUNTING..account_balance WITH(NOLOCK) GROUP BY account_id) abb
	ON ab.account_id=abb.account_id
	AND ab.txn_date=abb.maxDate

--DROP TABLE #AvgBal
--DROP TABLE #ChargeAccountId
--DROP table #dateGeneration
--DROP TABLE #PLAccountMapp
--DROP TABLE #productMasterInternal

	EXEC ChargeCollection_GstUpdate 3

	EXEC ChargeCollection_ValidationCheck 3
END"
8,ChargeCollection_MinimumBalCharges_30012024,"-- =============================================
-- Author:		<Ashish L>
-- Create date: <2023-02-27> SELECT GETDATE()
-- Description:	<MinBal. Charges>
-- Exec: ChargeCollection_MinimumBalCharges
-- =============================================

CREATE   procedure [dbo].[ChargeCollection_MinimumBalCharges]
AS
BEGIN 
DECLARE @cbsAppDate DATETIME = (SELECT app_date FROM BSGACCOUNTING..cbs_application_date WHERE is_active=1)
--set @cbsAppDate = '2023-09-30';
DECLARE @FromDate DATETIME = '2023-07-01'--DATEADD(q, DATEDIFF(q, 0, @cbsAppDate), 0)
DECLARE @ToDate DATETIME = '2023-09-30'--DATEADD(d, -1, DATEADD(q, DATEDIFF(q, 0, @cbsAppDate) + 1, 0))

--SELECT @cbsAppDate,@fromDate,@toDate

DECLARE @startNo INT= 0;
DECLARE @endNo INT = (SELECT (DATEDIFF(DAY,@fromDate,@toDate)))

DECLARE @cgstproduct nvarchar(10)
DECLARE @sgstproduct nvarchar(10)
DECLARE @igstproduct nvarchar(10)
DECLARE @utgstproduct nvarchar(10)

select @cgstproduct = config_value from BSGADMIN..cbs_config  where config_key='CGST_PRODUCT' and is_active=1
select @sgstproduct = config_value from BSGADMIN..cbs_config  where config_key='SGST_PRODUCT' and is_active=1
select @igstproduct = config_value from BSGADMIN..cbs_config  where config_key='IGST_PRODUCT' and is_active=1
select @utgstproduct = config_value from BSGADMIN..cbs_config  where config_key='UTGST_PRODUCT' and is_active=1

SELECT * INTO #productMasterInternal from BSGCORE..product_master_internal pl WITH(NOLOCK) where product_code IN(@cgstproduct,@sgstproduct,@igstproduct,@utgstproduct) and is_active=1

----------2504	SB - Regular			100(plus GST)	Quarterly	190000000145	1	Rural - Rs. 500,Semi-Urban - Rs. 1000,Metro/ Urban -Rs. 2000
----------2506	SB- Premium				300(plus GST)	Quarterly	190000000150	2	25000
----------2508	SB-TASC					100(plus GST)	Quarterly	190000000916	3	100000
----------2509	SB-SHG NRLM				100(plus GST)	Quarterly	190001000161	4	500
----------1101	CA Regular-Corporate	100(plus GST)	Quarterly	190000000750	5	Rural - Rs. 2500,Urban & Semi-Urban - Rs. 5000
----------1102	CA Plus-Retail			300(plus GST)	Quarterly	190000000779	6	Rural - Rs. 5000,Urban & Semi-Urban - Rs. 10000
----------1109	CA - TASC-Retail		300(plus GST)	Quarterly	190000000828	7	100000
----------2510	SB - Children			50(plus GST)	Quarterly	190001000161	4	1000
----------2011	SB-Senior Citizen		150(plus GST)	Quarterly	190001000161	4	5000

--productCode,description,gstamount,frequency,placcountNo,condition



CREATE TABLE #PLAccountMapp(account_id INT, PLAccount VARCHAR(30), branch_code INT, productId INT, productCodeLogic INT)
INSERT INTO #PLAccountMapp 
select account_id,account_no,branch_code,product_id, 
CASE 
	WHEN account_no like '%90000000145' THEN 1
	WHEN account_no like '%90000000150' THEN 2
	WHEN account_no like '%90000000916' THEN 3
	WHEN account_no like '%90001000161' THEN 4
	WHEN account_no like '%90000000750' THEN 5
	WHEN account_no like '%90000000779' THEN 6
	WHEN account_no like '%90000000828' THEN 7
ELSE 0
END productCodeLogic
from BSGACCOUNTING..customer_view with(nolock)
where (account_no like '%90000000145'
OR account_no like '%90000000150'
OR account_no like '%90000000916'
OR account_no like '%90001000161'
OR account_no like '%90000000750'
OR account_no like '%90000000779'
OR account_no like '%90000000828') AND classification_id = 5;

--SB MinBal
;WITH numGen AS
(
	SELECT @startNo AS rNum, DATEADD(DAY,@startNo,@fromDate) date
	UNION ALL
	SELECT rNum+1,DATEADD(DAY,rNum+1,@fromDate) date FROM numGen WHERE rNum+1 <= @endNo
)

SELECT *,'G' type
INTO #dateGeneration
FROM numGen
OPTION (maxrecursion 1000)

SELECT b.account_id,CAST(AVG(b.available_balance) AS DECIMAL(18,2)) avgBal 
INTO #AvgBal
FROM (
SELECT 
	a.account_id
	,ab.available_balance
	,a.Maxtxn_date
	,a.date 
	,a.monthPart
FROM (
SELECT 
	am.account_id
	,dg.rNum
	,MAX(ISNULL(ab.txn_date,am.account_open_date)) Maxtxn_date
	,dg.date
	,DATEPART(M,DATEADD(DAY,dg.rNum,@fromdate)) monthPart
FROM 
	BSGCORE..customer_accounts ca WITH(NOLOCK)
	INNER JOIN BSGCRM..customer_master cm WITH(NOLOCK)
		ON ca.customer_id=cm.customer_id
		AND cm.is_active=1
		AND ISNULL(cm.staff_flag,0)<>1
	INNER JOIN BSGCORE..account_master am WITH(NOLOCK)
		ON ca.account_id=am.account_id
		AND am.is_active=1
	INNER JOIN #dateGeneration dg WITH(NOLOCK)
		ON dg.type='G'
		AND DATEADD(DAY,dg.rNum,@fromdate) <= @toDate
	LEFT JOIN BSGACCOUNTING..account_balance ab WITH(NOLOCK)
		ON am.account_id=ab.account_id
		AND ab.txn_date <= DATEADD(DAY,dg.rNum,@fromDate)
WHERE
	ca.is_active=1 
	AND am.account_open_date<=@fromDate
	AND	am.account_status_id = 1
	AND am.product_code IN (2504,2506,2508,2509,1101,1102,1109,2510,2011)
	AND DATEADD(DAY,dg.rNum,@fromdate) >= am.account_open_date
	AND ca.account_id IN (11689770,11691649,8550715,10908662,8980680,8696982,8725387,8730861,11447606)
	
GROUP BY 
	am.account_id
	,dg.rNum
	,dg.date
) a
INNER JOIN BSGACCOUNTING..account_balance ab WITH (NOLOCK)
	ON a.account_id=ab.account_id
	AND a.Maxtxn_date=ab.txn_date
)b
GROUP BY b.account_id

SELECT 
	ca.account_id,
	ca.account_no,
	ca.classification_id,
	am.branch_code,
	am.product_code,
	am.product_id,
	(SELECT pl.account_id FROM #PLAccountMapp pl WITH(NOLOCK) WHERE pl.productCodeLogic = 
	CASE
		WHEN am.product_code IN (2504) THEN 1 
		WHEN am.product_code IN (2506) THEN 2
		WHEN am.product_code IN (2508) THEN 3
		WHEN am.product_code IN (2509,2510,2011) THEN 4
		WHEN am.product_code IN (1101) THEN 5
		WHEN am.product_code IN (1102) THEN 6
		WHEN am.product_code IN (1109) THEN 7
	END AND  pl.branch_code=am.branch_code ) plAccountId,
	(SELECT pl.productId FROM #PLAccountMapp pl WITH(NOLOCK) WHERE pl.productCodeLogic = 
	CASE
		WHEN am.product_code IN (2504) THEN 1 
		WHEN am.product_code IN (2506) THEN 2
		WHEN am.product_code IN (2508) THEN 3
		WHEN am.product_code IN (2509,2510,2011) THEN 4
		WHEN am.product_code IN (1101) THEN 5
		WHEN am.product_code IN (1102) THEN 6
		WHEN am.product_code IN (1109) THEN 7
	END AND  pl.branch_code=am.branch_code ) plProductId,
	(SELECT pl.PLAccount FROM #PLAccountMapp pl WITH(NOLOCK) WHERE pl.productCodeLogic = 
	CASE
		WHEN am.product_code IN (2504) THEN 1 
		WHEN am.product_code IN (2506) THEN 2
		WHEN am.product_code IN (2508) THEN 3
		WHEN am.product_code IN (2509,2510,2011) THEN 4
		WHEN am.product_code IN (1101) THEN 5
		WHEN am.product_code IN (1102) THEN 6
		WHEN am.product_code IN (1109) THEN 7
	END AND  pl.branch_code=am.branch_code ) plAccountNo
	,
	CASE 
		WHEN am.product_code IN (2510) THEN 50
		WHEN am.product_code IN (2504,2508,2509,1101) THEN 100
		WHEN am.product_code IN (2011) THEN 150
		WHEN am.product_code IN (2506,1102,1109) THEN 300
	END charge_value
INTO #ChargeAccountId
FROM 
	#AvgBal avgb WITH(NOLOCK)
	INNER JOIN BSGCORE..customer_accounts ca WITH(NOLOCK)
		ON avgb.account_id=ca.account_id
	INNER JOIN BSGCRM..customer_master cm WITH(NOLOCK)
		ON ca.customer_id=cm.customer_id
		AND cm.is_active=1
		AND ISNULL(cm.staff_flag,0)<>1
	INNER JOIN BSGCORE..account_master am WITH(NOLOCK)
		ON avgb.account_id=am.account_id
		AND am.is_active=1
	INNER JOIN BSGMASTER..branch_master bm WITH(NOLOCK)
		ON am.branch_code=bm.branch_code
		AND bm.is_active=1
WHERE 
	ca.is_active=1
	AND avgb.avgBal < 
	CASE 
		WHEN am.product_code IN (2506) THEN 25000
		WHEN am.product_code IN (2508,1109) THEN 100000
		WHEN am.product_code IN (2509) THEN 500
		WHEN am.product_code IN (2510) THEN 1000
		WHEN am.product_code IN (2011) THEN 5000
		WHEN am.product_code IN (2504) AND bm.branch_area_type = 1 THEN 2000 --URBAN
		WHEN am.product_code IN (2504) AND bm.branch_area_type = 2 THEN 500	--RURAL
		WHEN am.product_code IN (2504) AND bm.branch_area_type = 3 THEN 1000	--SEMI-URBAN
		WHEN am.product_code IN (1101) AND bm.branch_area_type IN (1,3) THEN 5000 --URBAN,SEMI-URBAN
		WHEN am.product_code IN (1101) AND bm.branch_area_type = 2 THEN 2500	--RURAL
		WHEN am.product_code IN (1102) AND bm.branch_area_type IN (1,3) THEN 10000	--URBAN,SEMI-URBAN
		WHEN am.product_code IN (1102) AND bm.branch_area_type = 2 THEN 5000	--RURAL
	ELSE
		0
	END


--SELECT * FROM #ChargeAccountId

INSERT INTO BSGACCOUNTING..[charge_collection]
(
    [account_no],[account_id],[product_code],[product_id],[pl_account_no],[pl_account_id],[sgst_product_code],[sgst_product_id],
    [cgst_product_code],[cgst_product_id],[igst_product_code],[igst_product_id],[utgst_product_code],[utgst_product_id],[charge_activity],[classification_id],[charge_amount],
    [cgst],[sgst],[igst],[utgst],[narration],[notification_mode],[status],[run_date],
    [created_by],[created_date],[modified_by],[modified_date],
    [is_active],[account_balance],[charge_type],[pl_product_id],[account_branch],[charge_id]
) 

SELECT	
	ct.account_no,
	ct.account_id,
	ct.product_code,
	ct.product_id,
	ct.plAccountNo,
	ct.plAccountId,
	@sgstproduct,
    (select TOP 1 internal_product_id from #productMasterInternal pl WITH(NOLOCK) where product_code=@sgstproduct and  pl.branch_code=ct.branch_code),
    @cgstproduct,
    (select TOP 1 internal_product_id from #productMasterInternal pl WITH(NOLOCK) where product_code=@cgstproduct and  pl.branch_code=ct.branch_code),
    @igstproduct,
    (select TOP 1 internal_product_id from #productMasterInternal pl WITH(NOLOCK) where product_code=@igstproduct and  pl.branch_code=ct.branch_code),
    @utgstproduct,
    (select TOP 1 internal_product_id from #productMasterInternal pl WITH(NOLOCK) where product_code=@utgstproduct and  pl.branch_code=ct.branch_code),
	11081 [charge_activity],
	ct.classification_id,
	CAST(ct.charge_value AS decimal(18,2)),
	0 cgst,
    0 sgst,
    0 igst,
    0 utgst,
	IIF(MONTH(@fromdate)!=MONTH(@todate),CONCAT('Min. Balance Charges.',DATENAME(month,@fromdate) ,' ',YEAR(@fromdate),' to ', Datename(month,@todate),' ',YEAR(@todate)),CONCAT('Min. Balance Charges.',DATENAME(MONTH,@fromdate),' ',YEAR(@fromdate))),
	1,
	0,
	@cbsAppDate,
	786 [created_by],
	GETDATE() [created_date],
	786 [modified_by],
	GETDATE() [modified_date],
	1 [is_active],
	ab.available_balance,
	25 [charge_type],
	ct.plProductId [pl_product_id],
	ct.branch_code,
	3 [charge_id]
from 
	#ChargeAccountId ct WITH(NOLOCK)
	INNER JOIN BSGACCOUNTING..account_balance ab WITH(NOLOCK)
	ON ct.account_id=ab.account_id
	INNER JOIN (SELECT account_id,MAX(txn_date) maxDate FROM BSGACCOUNTING..account_balance WITH(NOLOCK) GROUP BY account_id) abb
	ON ab.account_id=abb.account_id
	AND ab.txn_date=abb.maxDate

--DROP TABLE #AvgBal
--DROP TABLE #ChargeAccountId
--DROP table #dateGeneration
--DROP TABLE #PLAccountMapp
--DROP TABLE #productMasterInternal

	EXEC ChargeCollection_GstUpdate 3

	EXEC ChargeCollection_ValidationCheck 3
END"
9,ChargeCollection_SMSCharges,"-- =============================================
-- Author:        <Ashish L>
-- Create date:	  <2022-12-31>
-- Description:   <ChargeCollection_SMSCharges>
-- Eexc: ChargeCollection_SMSCharges
-- =============================================
CREATE   PROCEDURE [dbo].[ChargeCollection_SMSCharges]
AS
BEGIN

DECLARE @cgstproduct nvarchar(10)
DECLARE @sgstproduct nvarchar(10)
DECLARE @igstproduct nvarchar(10)
DECLARE @utgstproduct nvarchar(10)

select @cgstproduct = config_value from BSGADMIN..cbs_config  where config_key='CGST_PRODUCT' and is_active=1
select @sgstproduct = config_value from BSGADMIN..cbs_config  where config_key='SGST_PRODUCT' and is_active=1
select @igstproduct = config_value from BSGADMIN..cbs_config  where config_key='IGST_PRODUCT' and is_active=1
select @utgstproduct = config_value from BSGADMIN..cbs_config  where config_key='UTGST_PRODUCT' and is_active=1

CREATE TABLE #PLAccountMapp(account_id INT, PLAccount VARCHAR(30), branch_code INT, productId INT)
INSERT INTO #PLAccountMapp 
select account_id,account_no,branch_code,product_id
from BSGACCOUNTING..customer_view WITH (NOLOCK)
where account_no like '%90000001057'

SELECT * INTO #productMasterInternal from BSGCORE..product_master_internal pl WITH(NOLOCK) where product_code IN(@cgstproduct,@sgstproduct,@igstproduct,@utgstproduct) and is_active=1

DECLARE @cbsAppDate DATETIME = (SELECT app_date FROM BSGACCOUNTING..cbs_application_date WITH(NOLOCK) WHERE is_active=1)
--QUATERLY
DECLARE @FromDate DATETIME = '2023-07-01'--DATEADD(q, DATEDIFF(q, 0, @cbsAppDate), 0)
DECLARE @ToDate DATETIME = '2023-09-30'--DATEADD(d, -1, DATEADD(q, DATEDIFF(q, 0, @cbsAppDate) + 1, 0))

	SELECT 
		ca.account_no,
		ca.customer_id,
		ca.account_id,
		ca.branch_code,
		ca.classification_id,
		am.product_id,
		am.product_code,
		CASE
			WHEN am.product_code IN (2502,2504,2506,2508,2509,2517,1101,1102,1109,2507) THEN 30.00
			WHEN am.product_code IN (2510,2011) THEN 15.00
			WHEN am.product_code IN (2501,2521) THEN 10.00
		END chargeAmount
	INTO #AllAccounts
	FROM 
		BSGCRM..customer_master cm WITH(NOLOCK)
		INNER JOIN bsgcore..customer_accounts ca WITH(NOLOCK)
			ON cm.customer_id = ca.customer_id
			AND ISNULL(cm.staff_flag,0)<>1
			AND isnull(rtrim(ltrim(cm.registered_mobile_no)) ,'N/A') <> 'N/A'	
			AND cm.is_active=1
			AND len(rtrim(ltrim(cm.registered_mobile_no))) > 9 
			AND rtrim(ltrim(cm.registered_mobile_no)) not in ('0000000000','9999999999')
		INNER JOIN BSGCORE..account_master am WITH(NOLOCK)
			ON ca.account_id = am.account_id
			AND am.is_active=1
			AND am.account_status_id not in (4,8)
			AND am.product_code in (2501,2502,2504,2506,2508,2509,2517,2521,1101,1102,1109,2507,2510,2011)
	where 
		ca.is_active =1
		AND ca.classification_id IN(1,2)

--	DELETE FROM #AllAccounts WHERE srno>1


	SELECT 
		ab.*
		INTO #casabalance 
	FROM 
		BSGACCOUNTING..account_balance ab WITH(NOLOCK)
		INNER JOIN #AllAccounts ac WITH(NOLOCK)
			ON ab.account_id = ac.account_id
			AND ac.classification_id IN(1,2)
		INNER JOIN 
		(
			SELECT 
				account_id,max(txn_date) txn_date 
			FROM 
				BSGACCOUNTING..account_balance WITH(NOLOCK)
			 GROUP BY account_id
		)a
		on ab.account_id = a.account_id
		and ab.txn_date = a.txn_date		
	
SELECT 
	a.*,
	b.available_balance,
	ROW_NUMBER() over (partition by a.customer_id  order by a.customer_id,b.available_balance DESC)  srno
	INTO #AllAccountsWithBal
FROM
	#AllAccounts a WITH(NOLOCK)
	INNER JOIN #casabalance b WITH(NOLOCK)
		ON a.account_id =b.account_id

DELETE FROM #AllAccountsWithBal WHERE srno>1

INSERT INTO BSGACCOUNTING..[charge_collection]
(
    [account_no],[account_id],[product_code],[product_id],[pl_account_no],[pl_account_id],[sgst_product_code],[sgst_product_id],
    [cgst_product_code],[cgst_product_id],[igst_product_code],[igst_product_id],[utgst_product_code],[utgst_product_id],[charge_activity],[classification_id],[charge_amount],
    [cgst],[sgst],[igst],[utgst],[narration],[notification_mode],[status],[run_date],
    [created_by],[created_date],[modified_by],[modified_date],
    [is_active],[account_balance],[charge_type],[pl_product_id],[account_branch],[charge_id]
)    

SELECT
    tf.account_no,
    tf.account_id,
    tf.product_code,
    tf.product_id,
    pl.PLAccount PLAccount,
    pl.account_id,
    @sgstproduct,
    (select TOP 1 internal_product_id from #productMasterInternal pl WITH(NOLOCK) where product_code=@sgstproduct and  pl.branch_code=tf.branch_code),
    @cgstproduct,
    (select TOP 1 internal_product_id from #productMasterInternal pl WITH(NOLOCK) where product_code=@cgstproduct and  pl.branch_code=tf.branch_code),
    @igstproduct,
    (select TOP 1 internal_product_id from #productMasterInternal pl WITH(NOLOCK) where product_code=@igstproduct and  pl.branch_code=tf.branch_code),
    @utgstproduct,
    (select TOP 1 internal_product_id from #productMasterInternal pl WITH(NOLOCK) where product_code=@utgstproduct and  pl.branch_code=tf.branch_code),
    11141 charge_activity,
    tf.classification_id,
    CAST(tf.chargeAmount AS DECIMAL(18,2)) ChargeAmt,
    0 cgst,
    0 sgst,
    0 igst,
    0 utgst,
   IIF(MONTH(@fromdate)!=MONTH(@todate),CONCAT('SMS Charges.',DATENAME(month,@fromdate) ,' ',YEAR(@fromdate),' to ', Datename(month,@todate),' ',YEAR(@todate)
	),CONCAT('SMS Charges.',DATENAME(MONTH,@fromdate),' ',YEAR(@fromdate))),
    1 notification_mode,
    0 status,
    @cbsAppDate run_date,
    786 [created_by],
    GETDATE() [created_date],
    786 [modified_by],
    GETDATE() [modified_date],
    1 [is_active],
    ab.available_balance,
    52 [charge_type],
    pl.productId [pl_product_id],
    tf.branch_code,
    2 [charge_id]
from  
    #AllAccountsWithBal tf  WITH(NOLOCK)    
    inner join BSGACCOUNTING..account_balance ab WITH(NOLOCK)
        on tf.account_id = ab.account_id
    inner join (select account_id,max(txn_date) maxDate from BSGACCOUNTING..account_balance WITH(NOLOCK) group by account_id)abb
        on ab.account_id = abb.account_id
        and ab.txn_date = abb.maxDate
    INNER JOIN #PLAccountMapp pl WITH(NOLOCK)
        ON tf.branch_code=pl.branch_code

EXEC ChargeCollection_GstUpdate 2

EXEC ChargeCollection_ValidationCheck 2 

END"
10,ChargeCollection_ValidationCheck,"create    PROCEDURE [dbo].[ChargeCollection_ValidationCheck]
@ChargeId INT
AS

BEGIN

DECLARE @cbsAppDate DATETIME = (SELECT app_date FROM BSGACCOUNTING..cbs_application_date WHERE is_active=1)

INSERT INTO bsgaccounting..account_balance 
(	
	account_id,day_open_balance,maker_clear_balance,maker_unclear_balance,checker_unclear_balance,checker_clear_balance,day_close_balance,available_balance,
	interest_accrual,sprinkle,is_active,created_by,created_date,last_modified_by,last_modified_date,txn_date,last_accrual_date,encrypted_balance,lien_amount,
	branch_code,product_id,tds_amount
)
SELECT 
    ab.account_id,
    ab.day_open_balance,
    ab.maker_clear_balance,
    ab.maker_unclear_balance,
    ab.checker_unclear_balance,
    ab.checker_clear_balance,
    ab.day_close_balance,
    ab.available_balance,
    ISNULL(ab.interest_accrual,0),
    ab.sprinkle,
    ab.is_active,
    ab.created_by,
    GETDATE(),
    ab.last_modified_by,
    GETDATE(),
    @cbsAppDate txn_date,
    ab.last_accrual_date,
    ab.encrypted_balance,
    ab.lien_amount,
	ab.branch_code,
	ab.product_id,
	ab.tds_amount
FROM
    bsgcore..account_master am
    INNER JOIN bsgaccounting..account_balance ab 
		ON am.account_id = ab.account_id
    INNER JOIN 
	(
		SELECT 
			account_id, MAX(txn_date) txn_date
		FROM
			bsgaccounting..account_balance
		WHERE
			txn_date <= @cbsAppDate
		GROUP BY account_id
	) a 
		ON ab.account_id = a.account_id
		AND ab.txn_date = a.txn_date
    LEFT OUTER JOIN bsgaccounting..account_balance abcurrent 
		ON ab.account_id = abcurrent.account_id
        AND abcurrent.txn_date = @cbsAppDate
	WHERE
        am.account_status_id <> 4
        AND abcurrent.account_id IS NULL
        --and ab.interest_accrual > 0
		AND am.is_Active = 1
		and am.account_id IN(
		SELECT 
			c.account_id 
		FROM 
			charge_collection c WITH(NOLOCK)
		WHERE 
			is_active=1
			and charge_id=@ChargeId
			and classification_id IN(1,2)
		)


INSERT INTO bsgaccounting..account_balance_loan
(
	loan_account_id,statement_opening_balance,day_opening_balance,maker_unclear_balance,maker_clear_balance,checker_unclear_balance,checker_clear_balance,day_end_balance,
	interest_accrual,interest_applied,interest_paid,charges_applied,charges_paid,penal_interest_accrual,penal_interest_applied,penal_interest_paid,principal_outstanding,
	legal_fee,lawyer_fee,npa_interest,overdue_amount,debit_summation,credit_summation,disbursement_count,disbursement_amount,sanction_limit,available_dp,available_balance,
	overdue_days_count,npa_amount,npa_marked_date,earmarked_amount,created_by,created_date,last_modified_by,last_modified_date,txn_date,is_active,adhoc_amount,
	installment_amount,is_final_installment_amount,received_amount,security_amount_overdue_days,npa_interest_amount,npa_penal_interest_amount,npa_charges_amount,bddr_interest_outstanding,
	principal_waived_off,interest_waived_off,penal_interest_waived_off,margin_amount,subsidy_realised,subsidy_received,excess_interest,margin_realised_amount,branch_code
)
SELECT 
ab.loan_account_id
,ab.statement_opening_balance
,ab.day_opening_balance
,ab.maker_unclear_balance
,ab.maker_clear_balance
,ab.checker_unclear_balance
,ab.checker_clear_balance
,ab.day_end_balance
,ab.interest_accrual
,ab.interest_applied
,ab.interest_paid
,ab.charges_applied
,ab.charges_paid
,ab.penal_interest_accrual
,ab.penal_interest_applied
,ab.penal_interest_paid
,ab.principal_outstanding
,ab.legal_fee
,ab.lawyer_fee
,ab.npa_interest
,ab.overdue_amount
,ab.debit_summation
,ab.credit_summation
,ab.disbursement_count
,ab.disbursement_amount
,ab.sanction_limit
,ab.available_dp
,ab.available_balance
,ab.overdue_days_count
,ab.npa_amount
,ab.npa_marked_date
,ab.earmarked_amount
,ab.created_by
,ab.created_date
,ab.last_modified_by
,ab.last_modified_date
,@cbsAppDate
,ab.is_active
,ab.adhoc_amount
,ab.installment_amount
,ab.is_final_installment_amount
,ab.received_amount
,ab.security_amount_overdue_days
,ab.npa_interest_amount
,ab.npa_penal_interest_amount
,ab.npa_charges_amount
,ab.bddr_interest_outstanding
,ab.principal_waived_off
,ab.interest_waived_off
,ab.penal_interest_waived_off
,ab.margin_amount
,ab.subsidy_realised
,ab.subsidy_received
,ab.excess_interest
,ab.margin_realised_amount
,ab.branch_code
FROM
    bsgloan..loan_account_master lam
	INNER JOIN bsgaccounting..account_balance_loan ab 
		ON lam.loan_account_id = ab.loan_account_id
    INNER JOIN
    (
		SELECT 
			loan_account_id, MAX(txn_date) txn_date
		FROM
			bsgaccounting..account_balance_loan WHERE    txn_date <= @cbsAppDate
		GROUP BY 
			loan_account_id
	) a 
    ON ab.loan_account_id = a.loan_account_id
        AND ab.txn_date = a.txn_date
	LEFT OUTER JOIN bsgaccounting..account_balance_loan abcurrent 
		ON ab.loan_account_id = abcurrent.loan_account_id 
		AND abcurrent.txn_date = @cbsAppDate
WHERE
        abcurrent.loan_account_id IS NULL
		AND lam.loan_account_status != 2
		and lam.is_active=1
		and ab.is_active=1
		and lam.loan_account_id IN(
			SELECT 
				c.account_id 
			FROM 
				charge_collection c WITH(NOLOCK)
			WHERE 
				is_active=1
				and charge_id=@ChargeId
				and classification_id IN(3,6)
		)
	--SELECT
	--*
	--FROM
	UPDATE
	charge_collection 
		SET is_active=0,modified_by=-2,modified_date=GETDATE(),status=-2
	WHERE charge_collection.%%physloc%% not in 
	(
		SELECT max(b.%%physloc%%)
		FROM charge_collection b WITH (NOLOCK)
		WHERE b.is_active=1
		and b.status=0
		and b.charge_id=@ChargeId
		GROUP BY b.account_id
	)
	and charge_collection.is_active=1
	and charge_collection.status=0
	and charge_collection.charge_id=@ChargeId

	UPDATE c
		SET c.is_active=0,c.modified_by=-2,c.modified_date=GETDATE(),status=-2
	FROM
	BSGCORE..account_master am
	INNER JOIN charge_collection c
		ON am.account_id=c.account_id
		and c.is_active=1
		and c.charge_id=@ChargeId
	WHERE
		am.account_status_id IN(4,8)
		and am.is_active=1

	UPDATE c
		SET c.is_active=0,c.modified_by=-2,c.modified_date=GETDATE(),status=-2
	FROM
	BSGLOAN..loan_account_master am
	INNER JOIN charge_collection c
		ON am.loan_account_id=c.account_id
		and c.is_active=1
		and c.charge_id=@ChargeId
	WHERE
		am.loan_account_status IN(2,8)
		and am.is_active=1
		

UPDATE cc 
	 SET cc.is_active=0,status=-1 
	FROM 
	charge_collection cc 
	INNER JOIN charge_exclusion ce 
	 on cc.account_id = ce.account_id 
	 and cc.charge_id = ce.charge_activity and ce.is_active = 1 
	where 
	 cc.is_active = 1 and cc.status = 0 
	 and cc.charge_id=@ChargeId
END
"
11,checkDailyTrialBalanceDiff,"
CREATE   PROCEDURE [dbo].[checkDailyTrialBalanceDiff] -- checkDailyTrialBalanceDiff
AS
BEGIN


DECLARE @cbs_app_date DATETIME

SET @cbs_app_date = (SELECT app_date FROM BSGACCOUNTING..cbs_application_date WHERE is_active = 1)

SET @cbs_app_date = (SELECT @cbs_app_date - 1)
PRINT 'CBS APP DATE'
PRINT @cbs_app_date

DECLARE @checkDuplicate INT

SET @checkDuplicate = (SELECT COUNT(1) FROM trial_balance_datewise WHERE tb_date = @cbs_app_date)

IF(@checkDuplicate > 0)
BEGIN
	UPDATE trial_balance_datewise SET is_active = 0 WHERE tb_date = @cbs_app_date
END

CREATE TABLE #TEMP_SUMMARY 
(
	ACCOUNTNUMBER VARCHAR(10),NAME VARCHAR(100),DEBITBAL DECIMAL(18,2),CREDITBAL DECIMAL(18,2),
	ProductType INT
)

INSERT INTO #TEMP_SUMMARY
EXEC BSGTURINGREPORTS..sp_Trial_Balance @cbs_app_date,0,'Yes','Account No','No',1

INSERT INTO trial_balance_datewise
SELECT 
	ISNULL(SUM(CREDITBAL),0) credit_sum,ISNULL(SUM(DEBITBAL),0) debit_sum,
	ISNULL(ISNULL(SUM(CREDITBAL),0) - ISNULL(SUM(DEBITBAL),0),0) balance_diff,
	@cbs_app_date tb_date,1 is_active,GETDATE() created_date 
FROM 
	#TEMP_SUMMARY

DROP TABLE #TEMP_SUMMARY

END
"
12,GET_CASA_INT_APPLICATION_ACCS,"
CREATE    PROCEDURE [dbo].[GET_CASA_INT_APPLICATION_ACCS] -- exec GET_CASA_INT_APPLICATION_ACCS
as begin

--truncate table BSGACCOUNTING..casa_interest_details;
DECLARE @cbsAppDate DATETIME = (SELECT app_date FROM BSGACCOUNTING..cbs_application_date WHERE is_active = 1)

Declare @NRO_TDS_PERCENTAGE decimal(18,2) =(SELECT config_value FROM BSGADMIN..cbs_config WHERE config_key='NRO_TDS_PERCENTAGE' AND is_active = 1)


exec BSGACCOUNTING..sp_casa_interest_accrual @cbsAppDate,786,NULL,NULL 

insert into BSGACCOUNTING..casa_interest_details
select  
ca.account_id,ca.account_no,ca.branch_code,am.product_code,am.product_id,0,0,pi.pl_account_id,ami.internal_product_id,0,
case 
	WHEN am.NRO_FLAG=1 then @NRO_TDS_PERCENTAGE
	else 0 end tds_percentage,
	0 tds_amount,
(SELECT internal_product_id FROM BSGCORE..product_master_internal WHERE product_code=(SELECT config_value FROM BSGADMIN..cbs_config WHERE config_key='TDS_PRODUCT' AND is_active = 1) AND branch_code=am.branch_code AND is_active=1) as tds_product_id
from BSGCORE..customer_accounts ca 
inner join BSGCORE..account_master as am 
on ca.account_id = am.account_id 
inner join bsgcore..product_interest pi 
on pi.product_id=am.product_id 
inner join BSGCORE..account_master_internal ami 
on pi.pl_account_id = ami.internal_account_id 
inner join bsgcore..product_master pm
on am.product_id = pm.product_id 
inner join bsgcore..glcode_master gm
on gm.gl_code_id = pm.gl_code_id
where am.account_status_id not in  (4,8) and am.is_active=1 and ca.is_active=1 and ca.classification_id=2 and pi.is_active=1 
and ami.is_active=1 and gm.is_active=1
and pm.is_active=1 
--and am.product_code NOT IN(2012)
--and gm.gl_code != (select config_value from bsgadmin..cbs_config where config_key='DDS_GL_CODE') ; 

update  cid set cid.interest_amount  =cast(isnull(case when ab.interest_accrual < 0 then 0 else ab.interest_accrual end,0) as decimal(18,0)),
cid.account_balance = isnull(ab.available_balance,0)
from casa_interest_details cid 
inner join 
account_balance ab 
on 
	cid.account_id = ab.account_id 
inner join 
	(select account_id,max(txn_date) txn_date from bsgaccounting..account_balance where is_Active=1 group by account_id ) a 
on  
	ab.account_id = a.account_id 
and  
	ab.txn_date = a.txn_date ;
	select 1;

UPDATE tia SET 
tia.tds_amount=cast(isnull(CEILING((tia.interest_amount*tia.tds_percentage)/100),0) as decimal(18,0))
FROM BSGACCOUNTING..casa_interest_details tia
WHERE tia.tds_percentage>0 AND tia.interest_amount>0

insert into BSGACCOUNTING..nro_casa_tds_details
select account_id,tds_amount,@cbsAppDate,-1,getdate(),1 FROM BSGACCOUNTING..casa_interest_details where tds_amount>0

end;
"
13,getActiveAccountsByMobileNo,"
CREATE    PROCEDURE [dbo].[getActiveAccountsByMobileNo] -- getActiveAccountsByMobileNo '8730847627'  
(  
 @mobileNo VARCHAR(12)  
)  
AS  
BEGIN  

select  
 @mobileNo mobileNumber,  
 
  ca.account_no accountNumber,  
 cm.full_name accountName,  
 CASE WHEN ca.classification_id = 1 THEN 'CA'  
   when ca.classification_id =2  then 'SB'  
   when  classification_id=6 and (select is_secured from BSGLOAN..loan_product_master lpm with(nolock) where lpm.loan_product_id=isnull(am.product_id, 
                        lam.loan_product_id) and lpm.is_active=1) =1 then 'SOD'  
   when  classification_id=6 and (select is_secured from BSGLOAN..loan_product_master lpm with(nolock) where lpm.loan_product_id=isnull(am.product_id, 
                        lam.loan_product_id) and lpm.is_active=1 ) <>1 then 'UOD'  
   END accountType,  
 (select bm.ifsc_code from BSGMASTER..branch_master bm with(nolock) where bm.branch_code=ca.branch_code and is_active=1)   accountIfsc,  
 ISNULL((select replace(aadhar_no,',','') from BSGCRM..customer_ind_info cii with(nolock)  where cii.customer_id = ca.customer_id and cii.is_active=1) ,'') 
 accountAadhar,
--(select top 1 customer_id from #temp_customerId)   
(select top 1  customer_id  from BSGCRM..customer_master with(nolock)  where registered_mobile_no=@mobileNo and is_active=1) 
 customerId, -- onbank mail  
isnull((SELECT top 1 mmid from bsgcore..account_mmid with(nolock) WHERE account_id=ca.account_id and is_active = 1),'9773001') mmid  
 from   
 bsgcrm..customer_master cm  with (nolock)  
  inner join bsgcore..customer_accounts ca with (nolock)
        ON cm.customer_id = ca.customer_id
            AND cm.is_active = 1
			and ca.is_active=1
        left JOIN bsgcore..account_master am with (nolock)  ON ca.account_id = am.account_id
            AND am.is_active = 1
        left JOIN bsgloan..loan_account_master lam with (nolock)  ON ca.account_id = lam.loan_account_id
		-- and classification_id = 6
            AND lam.is_active = 1
  where   
  cm.registered_mobile_no = @mobileNo 
  --and 
  --exists  (select customer_id  from BSGCRM..customer_master a with(nolock)  
  --where registered_mobile_no=@mobileNo and a.customer_id=cm.customer_id and is_active=1)  
and   
 isnull(isnull(am.account_status_id,                                
                        lam.loan_account_status),
                1)=1   
and   
 ca.classification_id in (1,2,6)  

END  
"
14,getActiveAccountsByMobileNo_backup,"
create    PROCEDURE [dbo].[getActiveAccountsByMobileNo_backup] -- getActiveAccountsByMobileNo '9427038174'  
(  
 @mobileNo VARCHAR(12)  
)  
AS  
BEGIN  

-- select customer_id into #temp_customerId from BSGCRM..customer_master with(nolock)  where registered_mobile_no=@mobileNo and is_active=1
  
--select * from (  
select  
 @mobileNo mobileNumber,  
 --right('0000'+cv.account_no,15) 
  cv.account_no accountNumber,  
 cv.full_name accountName,  
 CASE WHEN cv.classification_id = 1 THEN 'CA'  
   when cv.classification_id =2  then 'SB'  
   when  classification_id=6 and (select is_secured from BSGLOAN..loan_product_master lpm with(nolock) where lpm.loan_product_id=cv.product_id and lpm.is_active=1 ) =1 then 'SOD'  
   when  classification_id=6 and (select is_secured from BSGLOAN..loan_product_master lpm with(nolock) where lpm.loan_product_id=cv.product_id and lpm.is_active=1 ) <>1 then 'UOD'  
   END accountType,  
(select bm.ifsc_code from BSGMASTER..branch_master bm with(nolock) where bm.branch_code=cv.branch_code and is_active=1)   accountIfsc,  
-- ISNULL((select replace(aadhar_no,',','') from BSGCRM..customer_ind_info cii with(nolock)  where cii.customer_id = cv.customer_id and cii.is_active=1) ,'') 
'' accountAadhar,  
--(select top 1 customer_id from #temp_customerId)   
(select top 1  customer_id  from BSGCRM..customer_master with(nolock)  where registered_mobile_no=@mobileNo and is_active=1) 
customerId, -- onbank mail  
(SELECT top 1 mmid from bsgcore..account_mmid with(nolock) WHERE account_id=cv.account_id and is_active = 1) mmid  
 from   
 bsgaccounting..[customer_view] cv  
  where   
 cv.customer_id in  (select customer_id  from BSGCRM..customer_master with(nolock)  where registered_mobile_no=@mobileNo and is_active=1)  
and   
 cv.account_status_id=1   
and   
 cv.classification_id in (1,2,6)  
END  
"
15,getActiveAccountsByMobileNo_test,"
CREATE    PROCEDURE [dbo].[getActiveAccountsByMobileNo_test] -- [getActiveAccountsByMobileNo_test] '7896701174'  
(  
 @mobileNo VARCHAR(12)  
)  
AS  
BEGIN  

-- select customer_id into #temp_customerId from BSGCRM..customer_master with(nolock)  where registered_mobile_no=@mobileNo and is_active=1
  
--select * from (  
select  
 @mobileNo mobileNumber,  
 --right('0000'+cv.account_no,15) 
  cv.account_no accountNumber,  
 cv.full_name accountName,  
 --CASE WHEN cv.classification_id = 1 THEN 'CA'  
 --  when cv.classification_id =2  then 'SB'  
 --  when  classification_id=6 and (select is_secured from BSGLOAN..loan_product_master lpm with(nolock) where lpm.loan_product_id=cv.product_id and lpm.is_active=1 ) =1 then 'SOD'  
 --  when  classification_id=6 and (select is_secured from BSGLOAN..loan_product_master lpm with(nolock) where lpm.loan_product_id=cv.product_id and lpm.is_active=1 ) <>1 then 'UOD'  
 --  END accountType,  
-- (select bm.ifsc_code from BSGMASTER..branch_master bm with(nolock) where bm.branch_code=cv.branch_code and is_active=1)   accountIfsc,  
-- ISNULL((select replace(aadhar_no,',','') from BSGCRM..customer_ind_info cii with(nolock)  where cii.customer_id = cv.customer_id and cii.is_active=1) ,'') 
'' accountAadhar
--(select top 1 customer_id from #temp_customerId)   
--(select top 1  customer_id  from BSGCRM..customer_master with(nolock)  where registered_mobile_no=@mobileNo and is_active=1) 
--customerId, -- onbank mail  
--(SELECT top 1 mmid from bsgcore..account_mmid with(nolock) WHERE account_id=cv.account_id and is_active = 1) mmid  
 from   
 bsgaccounting..[customer_view] cv  
  where   
 cv.customer_id in  (181000378878)  
and   
 cv.account_status_id=1   
and   
 cv.classification_id in (1,2,6)  
END  
"
16,getAvgMonthlyBalance,"

CREATE   PROCEDURE [dbo].[getAvgMonthlyBalance] -- getAvgMonthlyBalance '2017-12-01','2017-12-31'
(
    @fromDate   DATETIME,
    @toDate     DATETIME
)
AS
BEGIN

DECLARE @DateDiff INT;
DECLARE @balMonth VARCHAR(7);
SET @balMonth = (SELECT cast(right('0'+cast(month(app_date)-1 as varchar),2) as varchar)+ cast(year(app_date) as varchar) from BSGACCOUNTING..cbs_application_date where is_active=1);
SET @DateDiff = DATEDIFF(day,@fromDate,@toDate) + 1;
CREATE TABLE #Temp_averageBalanceDetails
(
    accountId BIGINT,
    customerId BIGINT,
    avgBalance DECIMAL(18,2)
)
INSERT INTO #Temp_averageBalanceDetails
    SELECT
        Main.account_id as accountId,
        Main.customer_id as customerId,
        CAST(ISNULL((SUM(ISNULL(available_balance,0)) / ISNULL(@DateDiff,1)),0) AS DECIMAL(18,2)) as avgBal   
    FROM
    (
        SELECT 
            A.account_id,
            A.customer_id,
            A.increment_date,
                        ab.available_balance
        FROM 
        (
            SELECT 
                am.account_id, ca.customer_id, DATEADD(Day, sp.number, @fromDate) increment_date 
            FROM 
                BSGCORE..account_master am WITH(NOLOCK)
                INNER JOIN BSGCORE..customer_accounts ca WITH(NOLOCK)
                    ON am.account_id = ca.account_id AND ca.is_active = 1
                LEFT JOIN master..spt_values sp 
                    ON sp.type = 'P' AND @toDate >= DATEADD(Day, sp.number, @fromDate)
            WHERE       
                am.is_active = 1
                AND ca.classification_id IN (1,2)
                AND am.account_status_id IN (1,2,3,5)     
				-- and am.account_id=3462           
        ) A
        LEFT JOIN BSGACCOUNTING..account_balance ab WITH(NOLOCK)
            ON A.account_id = ab.account_id 
            AND 
                ab.txn_date IN
                (
                    SELECT 
                        MAX(b.txn_date) 
                    FROM 
                        BSGACCOUNTING..account_balance b WITH(NOLOCK)
                    WHERE 
                        b.account_id = ab.account_id AND b.txn_date <= A.increment_date
                )
    )Main
    GROUP BY Main.account_id,Main.customer_id;

--SELECT 
--    * 
--FROM 
--    #Temp_averageBalanceDetails

        -- INSERT INTO BSGACCOUNTING..account_average_monthly_balance (balance_month,account_id,customer_id,avg_balance)
        select @balMonth,accountId,customerId,avgBalance from #Temp_averageBalanceDetails order by accountId;


DROP TABLE #Temp_averageBalanceDetails
END

"
17,getAvgMonthlyBalanceForCasa,"
CREATE   PROCEDURE [dbo].[getAvgMonthlyBalanceForCasa] -- getAvgMonthlyBalanceForCasa '2019-12-01','2019-12-31'
(
    @fromDate   DATETIME,
    @toDate     DATETIME
)
AS
BEGIN

DECLARE @DateDiff INT;
DECLARE @balMonth VARCHAR(7);
SET @balMonth = (SELECT concat(right('0' + cast(month(app_date) as varchar(2)), 2), year(app_date)) from BSGACCOUNTING..cbs_application_date where is_active=1);
SET @DateDiff = DATEDIFF(day,@fromDate,@toDate) + 1;
CREATE TABLE #Temp_averageBalanceDetails
(
    accountId BIGINT,
    customerId BIGINT,
    avgBalance DECIMAL(18,2)
)
INSERT INTO #Temp_averageBalanceDetails
    SELECT
        Main.account_id as accountId,
        Main.customer_id as customerId,
        CAST(ISNULL((SUM(ISNULL(available_balance,0)) / ISNULL(@DateDiff,1)),0) AS DECIMAL(18,2)) avg_balance   
    FROM
    (
        SELECT 
            A.account_id,
            A.customer_id,
            A.increment_date,
			ab.available_balance
        FROM 
        (
            SELECT 
                am.account_id, ca.customer_id, DATEADD(Day, sp.number, @fromDate) increment_date 
            FROM 
                BSGCORE..account_master am WITH(NOLOCK)
                INNER JOIN BSGCORE..customer_accounts ca WITH(NOLOCK)
                    ON am.account_id = ca.account_id AND ca.is_active = 1
                LEFT JOIN master..spt_values sp 
                    ON sp.type = 'P' AND @toDate >= DATEADD(Day, sp.number, @fromDate)
            WHERE       
                am.is_active = 1
                AND ca.classification_id = 1--IN (1,2)
                AND am.account_status_id IN (1,2,3,5)		
        ) A
        LEFT JOIN BSGACCOUNTING..account_balance ab WITH(NOLOCK)
            ON A.account_id = ab.account_id 
            AND 
                ab.txn_date IN
                (
                    SELECT 
                        MAX(b.txn_date) 
                    FROM 
                        BSGACCOUNTING..account_balance b WITH(NOLOCK)
                    WHERE 
                        b.account_id = ab.account_id AND b.txn_date <= A.increment_date
                )
    )Main
    GROUP BY Main.account_id,Main.customer_id;

SELECT 
    * 
FROM 
    #Temp_averageBalanceDetails

	--INSERT INTO BSGACCOUNTING..casa_average_monthly_balance (balance_month,account_id,customer_id,avg_balance)
	--select @balMonth,accountId,customerId,avg_balance from #Temp_averageBalanceDetails;


DROP TABLE #Temp_averageBalanceDetails
END
"
18,getSMSList,"
create    PROCEDURE [dbo].[getSMSList] -- [getSMSList] 13 
(@smsTypeId INT) 
AS 
  BEGIN 
      DECLARE @cbsAppDate DATETIME; 

      CREATE TABLE #tempsms 
        ( 
           mobileno   VARCHAR(20), 
           smscontent VARCHAR(1000) 
        ); 

      SET @cbsAppDate = (SELECT app_date 
                         FROM   bsgaccounting..cbs_application_date WITH (nolock 
                                ) 
                         WHERE  is_active = 1); 
      SET @cbsAppDate = CAST(DATEADD(DAY, -1, @cbsAppDate) AS DATE); 

      IF ( @smsTypeId = 1 ) 
        BEGIN 
            INSERT INTO #tempsms 
                        (mobileno, 
                         smscontent) 
            SELECT CASE 
                     WHEN ccm.mobile_no IS NULL THEN cm.registered_mobile_no 
                     ELSE ccm.mobile_no 
                   END, 
                   sm.sms_template 
            --A.accountId, 
            --ca.account_no, 
            --ca.classification_id 
            FROM   (SELECT account_id AS accountId 
                    FROM   bsgcore..account_master WITH (nolock) 
                    WHERE  Cast(account_open_date AS DATE) = @cbsAppDate 
                           AND account_status_id = 1 
                           AND is_active = 1 
                    UNION ALL 
                    SELECT td_account_id AS accountId 
                    FROM   bsgtd..td_account_master WITH (nolock) 
                    WHERE  Cast(account_open_date AS DATE) = @cbsAppDate 
                           AND account_status_id = 1 
                           AND is_active = 1 
                    UNION ALL 
                    SELECT loan_account_id AS accountId 
                    FROM   bsgloan..loan_account_master WITH (nolock) 
                    WHERE  Cast(date_of_account_opening AS DATE) = @cbsAppDate 
                           AND loan_account_status = 1 
                           AND is_active = 1) A 
                   INNER JOIN bsgcore..customer_accounts ca WITH (nolock) 
                           ON ca.account_id = A.accountid 
                   LEFT JOIN bsgcrm..customer_channel_mobile ccm WITH (nolock) 
                          ON ccm.customer_id = ca.customer_id 
                             AND ccm.channel = 'SMS' 
                             AND ccm.is_active = 1 
                   LEFT JOIN bsgcrm..customer_master cm WITH (nolock) 
                          ON cm.customer_id = ca.customer_id 
                             AND cm.is_active = 1 
                             AND cm.customer_status_code = 1 
                   INNER JOIN bsgaccounting..sms_master sm WITH (nolock) 
                           ON sm.sms_type_id = @smsTypeId; 
        END; 

      IF ( @smsTypeId = 2 ) 
        BEGIN 
            INSERT INTO #tempsms 
                        (mobileno, 
                         smscontent) 
            SELECT CASE 
                     WHEN ccm.mobile_no IS NULL THEN cm.registered_mobile_no 
                     ELSE ccm.mobile_no 
                   END                                            AS mobileNo, 
                   Replace(Replace(sm.sms_template, 'FD_MATURITY_DATE', 
                           Replace( 
                                   CONVERT(NVARCHAR, maturity_date, 106), ' ', 
                           '-') 
                           ), 
                   'ACCOUNT', 
                   Concat('XXXXXXXXXX', RIGHT(ca.account_no, 4))) AS smsContent 
            FROM   bsgtd..td_account_master tam WITH (nolock), 
                   bsgtd..td_account_deposit_details tdd WITH (nolock) 
                   INNER JOIN bsgcore..customer_accounts ca WITH (nolock) 
                           ON ca.account_id = tdd.td_account_id 
                   LEFT JOIN bsgcrm..customer_channel_mobile ccm WITH (nolock) 
                          ON ccm.customer_id = ca.customer_id 
                             AND ccm.channel = 'SMS' 
                             AND ccm.is_active = 1 
                   LEFT JOIN bsgcrm..customer_master cm WITH (nolock) 
                          ON cm.customer_id = ca.customer_id 
                             AND cm.is_active = 1 
                             AND cm.customer_status_code = 1 
                   INNER JOIN bsgaccounting..sms_master sm WITH (nolock) 
                           ON sm.sms_type_id = 2 
            WHERE  tam.td_account_id = tdd.td_account_id 
                   AND tam.account_status_id IN ( 1 ) 
                   AND Cast(tdd.maturity_date AS DATE) = Cast( 
                       Dateadd(day, sm.number_of_days, @cbsAppDate) AS DATE) 
                   AND tam.is_active = 1 
                   AND tdd.is_active = 1 
                   AND auto_renewal = 0; 
        END; 

      IF ( @smsTypeId = 3 ) 
        BEGIN 
            INSERT INTO #tempsms 
                        (mobileno, 
                         smscontent) 
            SELECT CASE 
                     WHEN ccm.mobile_no IS NULL THEN cm.registered_mobile_no 
                     ELSE ccm.mobile_no 
                   END         AS mobileNo, 
                   Replace(Replace(Replace(sm.sms_template, 
                                   'RD_INSTALLMENT_DUE_DATE', 
                                   Replace( 
                                                   CONVERT(NVARCHAR, due_date, 
                                                   106 
                                                   ), 
                                   ' ' 
                                   , 
                                   '-')), 
                           'ACCOUNT', 
                                   Concat('XXXXXXXXXX', RIGHT(ca.account_no, 4)) 
                           ), 
                   'AMOUNT', 
                   rim.amount) AS smsContent 
            FROM   bsgtd..td_account_master tam WITH (nolock), 
                   bsgtd..rd_installment_master rim WITH (nolock) 
                   INNER JOIN bsgcore..customer_accounts ca WITH (nolock) 
                           ON ca.account_id = rim.td_account_id 
                   LEFT JOIN bsgcrm..customer_channel_mobile ccm WITH (nolock) 
                          ON ccm.customer_id = ca.customer_id 
                             AND ccm.channel = 'SMS' 
                             AND ccm.is_active = 1 
                   LEFT JOIN bsgcrm..customer_master cm WITH (nolock) 
                          ON cm.customer_id = ca.customer_id 
                             AND cm.is_active = 1 
                             AND cm.customer_status_code = 1 
                   INNER JOIN bsgaccounting..sms_master sm WITH (nolock) 
                           ON sm.sms_type_id = 3 
            WHERE  tam.td_account_id = rim.td_account_id 
                   AND tam.account_status_id IN ( 1 ) 
                   AND Cast(rim.due_date AS DATE) = Cast( 
                       Dateadd(day, sm.number_of_days, @cbsAppDate) 
                       AS DATE) 
                   AND tam.is_active = 1 
                   AND rim.received_date IS NULL; 
        END; 

      IF ( @smsTypeId = 4 ) 
        BEGIN 
            INSERT INTO #tempsms 
                        (mobileno, 
                         smscontent) 
            SELECT CASE 
                     WHEN ccm.mobile_no IS NULL THEN cm.registered_mobile_no 
                     ELSE ccm.mobile_no 
                   END 
                   AS 
                   mobileNo, 
                   Replace(Replace(Replace(sm.sms_template, 'ACCOUNT', 
                                           Concat('XXXXXXXXXX', 
                                           RIGHT(ca.account_no, 4 
                                           ) 
                                                   )), 'AMOUNT', 
                   lsi.debit_amount), 
                   'SI_DATE', 
                   Replace(CONVERT(NVARCHAR, lsi.next_si_date, 106), ' ', '-')) 
                   AS 
                   smsContent 
            FROM   bsgloan..loan_si_instruction lsi WITH (nolock) 
                   INNER JOIN bsgcore..customer_accounts ca WITH (nolock) 
                           ON ca.account_id = lsi.debit_account_id 
                   LEFT JOIN bsgcrm..customer_channel_mobile ccm WITH (nolock) 
                          ON ccm.customer_id = ca.customer_id 
                             AND ccm.channel = 'SMS' 
                             AND ccm.is_active = 1 
                   LEFT JOIN bsgcrm..customer_master cm WITH (nolock) 
                          ON cm.customer_id = ca.customer_id 
                             AND cm.is_active = 1 
                             AND cm.customer_status_code = 1 
                   INNER JOIN bsgaccounting..sms_master sm WITH (nolock) 
                           ON sm.sms_type_id = @smsTypeId 
            WHERE  lsi.next_si_date = Cast(Dateadd(day, sm.number_of_days, 
                                           @cbsAppDate 
                                           ) 
                                           AS 
                                           DATE) 
                   AND cancel <> 1 
                   AND lsi.is_active = 1; 
        END; 

      IF ( @smsTypeId = 5 ) 
        BEGIN 
            INSERT INTO #tempsms 
                        (mobileno, 
                         smscontent) 
            SELECT h.mobileno, 
                   Replace(Replace(h.sms_template, 'AMOUNT', h.overdue_amount), 
                   'ACCOUNT', 
                   Concat( 
                   'XXXXXXXXXX', RIGHT(h.account_no, 4))) AS smsContent 
            FROM   (SELECT lam.loan_account_no account_no, 
                           a.overdue_amount    overdue_amount, 
                           CASE 
                             WHEN ccm.mobile_no IS NULL THEN 
                             cm.registered_mobile_no 
                             ELSE ccm.mobile_no 
                           END                 AS mobileNo, 
                           sm.sms_template 
                    FROM   bsgloan..loan_account_master lam 
                           INNER JOIN bsgaccounting..account_balance_loan a 
                                   ON lam.loan_account_id = a.loan_account_id 
                                      AND lam.loan_account_status = 1 
                                      AND lam.is_active = 1 
                           INNER JOIN (SELECT loan_account_id, 
                                              Max(txn_date) date 
                                       FROM 
                           bsgaccounting..account_balance_loan 
                                       GROUP  BY loan_account_id) c 
                                   ON a.loan_account_id = c.loan_account_id 
                                      AND a.txn_date = c.date 
                                      AND overdue_amount >= (SELECT config_value 
                                                             FROM 
                                          bsgadmin..cbs_config 
                                                             WHERE 
                                          config_key = 'LOAN_OVERDUE_THRESHOLD') 
                                      AND overdue_days_count = 1 
                           LEFT JOIN bsgcrm..customer_channel_mobile ccm WITH ( 
                                     nolock) 
                                  ON ccm.customer_id = lam.customer_no 
                                     AND ccm.channel = 'SMS' 
                                     AND ccm.is_active = 1 
                           LEFT JOIN bsgcrm..customer_master cm WITH (nolock) 
                                  ON cm.customer_id = lam.customer_no 
                                     AND cm.is_active = 1 
                                     AND cm.customer_status_code = 1 
                           INNER JOIN bsgaccounting..sms_master sm WITH (nolock) 
                                   ON sm.sms_type_id = @smsTypeId 
                                      AND sm.is_active = 1) h; 
        END; 

      IF ( @smsTypeId = 6 ) 
        BEGIN 
            INSERT INTO #tempsms 
                        (mobileno, 
                         smscontent) 
            SELECT CASE 
                     WHEN ccm.mobile_no IS NULL THEN cm.registered_mobile_no 
                     ELSE ccm.mobile_no 
                   END                                    AS mobileNo, 
                   Replace(sm.sms_template, 'ACCOUNT', 
                   Concat('XXXXXXXXXX', RIGHT(ca.account_no, 4) 
                   )) AS smsContent 
            FROM   bsgcore..account_master am WITH (nolock) 
                   INNER JOIN bsgcore..customer_accounts ca WITH (nolock) 
                           ON ca.account_id = am.account_id 
                   LEFT JOIN bsgcrm..customer_channel_mobile ccm WITH (nolock) 
                          ON ccm.customer_id = ca.customer_id 
                             AND ccm.channel = 'SMS' 
                             AND ccm.is_active = 1 
                   LEFT JOIN bsgcrm..customer_master cm WITH (nolock) 
                          ON cm.customer_id = ca.customer_id 
                             AND cm.is_active = 1 
                             AND cm.customer_status_code = 1 
                   INNER JOIN bsgaccounting..sms_master sm WITH (nolock) 
                           ON sm.sms_type_id = 6 
                              AND sm.is_active = 1 
            WHERE  am.account_status_id = 7 
                   AND Cast(am.created_date AS DATE) = @cbsAppDate 
                   AND am.is_active = 1; 
        END; 

      IF ( @smsTypeId = 7 ) 
        BEGIN 
            INSERT INTO #tempsms 
                        (mobileno, 
                         smscontent) 
            SELECT cm.registered_mobile_no, 
                   sm.sms_template -- cm.customer_id, cid.date_of_birth 
            FROM   bsgcrm..customer_master cm WITH (nolock) 
                   INNER JOIN bsgcrm..customer_ind_info cid WITH (nolock) 
                           ON cm.customer_id = cid.customer_id 
                              AND Month(cid.date_of_birth) = Month(Getdate()) 
                              AND Day(cid.date_of_birth) = Day(Getdate()) 
                              AND Year(cid.date_of_birth) > 1900 
                              AND cid.is_active = 1 
                   INNER JOIN bsgaccounting..sms_master sm WITH (nolock) 
                           ON sm.sms_type_id = @smsTypeId 
                              AND sm.is_active = 1 
            WHERE  cm.is_active = 1; 
        END; 

      IF ( @smsTypeId = 8 ) 
        BEGIN 
            INSERT INTO #tempsms 
                        (mobileno, 
                         smscontent) 
            SELECT CASE 
                     WHEN ccm.mobile_no IS NULL THEN cm.registered_mobile_no 
                     ELSE ccm.mobile_no 
                   END 
                   AS 
                   mobileNo, 
                   Replace(Replace(sm.sms_template, 'LIMIT_EXPIRY_DATE', 
                           Replace( 
                                   CONVERT(NVARCHAR, lab.limit_expiry_date, 106) 
                           , 
                           ' ', 
                           '-' 
                           )) 
                   , 
                   'ACCOUNT', Concat('XXXXXXXXXX', RIGHT(lam.loan_account_no, 4) 
                              )) 
                   AS 
                   smsContent 
            FROM   bsgloan..loan_account_basic lab WITH (nolock) 
                   INNER JOIN bsgloan..loan_account_master lam WITH (nolock) 
                           ON lam.loan_account_id = lab.loan_account_id 
                              AND lam.loan_account_status <> 2 
                              AND lam.loan_type = 2 
                              AND lam.is_active = 1 
                   LEFT JOIN bsgcrm..customer_channel_mobile ccm WITH (nolock) 
                          ON ccm.customer_id = lam.customer_no 
                             AND ccm.channel = 'SMS' 
                             AND ccm.is_active = 1 
                   LEFT JOIN bsgcrm..customer_master cm WITH (nolock) 
                          ON cm.customer_id = lam.customer_no 
                             AND cm.is_active = 1 
                             AND cm.customer_status_code = 1 
                   INNER JOIN bsgaccounting..sms_master sm WITH (nolock) 
                           ON sm.sms_type_id = @smsTypeId 
                              AND sm.is_active = 1 
            WHERE  Cast(lab.limit_expiry_date AS DATE) = Cast( 
                          Dateadd(day, sm.number_of_days, @cbsAppDate) AS DATE) 
                   AND lab.is_active = 1; 
        END; 

      IF ( @smsTypeId = 9 ) 
        BEGIN 
            INSERT INTO #tempsms 
                        (mobileno, 
                         smscontent) 
            SELECT DISTINCT CASE 
                              WHEN ccm.mobile_no IS NULL THEN 
                              cm.registered_mobile_no 
                              ELSE ccm.mobile_no 
                            END 
                            AS mobileNo, 
                            Replace(Replace(Replace(Replace(sm.sms_template,'AMOUNT',lie.insurance_amount), 
                                            'CLASSIFICATION', 
                                            CASE 
                                                    WHEN lam.loan_type = 1 THEN 
                                                    'LOAN' 
                                                    ELSE 'CC' 
                                            END), 
                                    'INSURANCE_EXPIRY_DATE' 
                                    , Replace(CONVERT(NVARCHAR, 
                                              lie.insurance_expiry_date, 
                                              106), ' ', '-')), 
                            'ACCOUNT', Concat('XXXXXXXXXX', 
                                       RIGHT(lam.loan_account_no, 
                                       4 
                                       ))) 
                            AS smsContent 
            FROM   bsgloan..loan_insurance_entry lie WITH (nolock) 
                   INNER JOIN bsgloan..loan_account_master lam WITH (nolock) 
                           ON lam.loan_account_id = lie.loan_account_id 
                              AND lam.loan_account_status <> 2 
                              AND lam.is_active = 1 
                   LEFT JOIN bsgcrm..customer_channel_mobile ccm WITH (nolock) 
                          ON ccm.customer_id = lam.customer_no 
                             AND ccm.channel = 'SMS' 
                             AND ccm.is_active = 1 
                   LEFT JOIN bsgcrm..customer_master cm WITH (nolock) 
                          ON cm.customer_id = lam.customer_no 
                             AND cm.is_active = 1 
                             AND cm.customer_status_code = 1 
                   INNER JOIN bsgaccounting..sms_master sm WITH (nolock) 
                           ON sm.sms_type_id = 9 
                              AND sm.is_active = 1 
            WHERE  lie.insurance_expiry_date = Cast( 
                       Dateadd(day, sm.number_of_days, @cbsAppDate 
                       ) AS 
                       DATE) 
                   AND lie.is_active = 1; 
        END; 



      IF ( @smsTypeId = 10 ) 
        BEGIN 
            INSERT INTO #tempsms 
                        (mobileno, 
                         smscontent) 
            SELECT DISTINCT
			 CASE 
				 WHEN ccm.mobile_no IS NULL THEN cm.registered_mobile_no 
				 ELSE ccm.mobile_no 
			END 
				AS mobileNo,
			Replace(Replace(sm.sms_template, 'DP_EXPIRY_DATE', 
								   Replace( 
										   CONVERT(NVARCHAR, A.expriy_date, 106) 
								   , 
								   ' ', 
								   '-' 
								   )) 
						   , 
						   'ACCOUNT', Concat('XXXXXXXXXX', RIGHT(A.loan_account_no, 4) 
									  )) 
						   AS 
						   smsContent 
		FROM
			(SELECT 
				lbd.loan_account_id, 
				lam.customer_no,
				lam.loan_account_no,
				CASE 
					WHEN 
						(lbd.dp_expiry_date > lab.limit_expiry_date) 
						THEN lab.limit_expiry_date 
					ELSE
						lbd.dp_expiry_date 
				END AS expriy_date
			FROM
				BSGLOAN..loan_stock_bd_details lbd WITH (NOLOCK) 
					INNER JOIN 
				BSGLOAN..loan_account_master lam WITH (NOLOCK) 
					ON 
						lam.loan_account_id = lbd.loan_account_id AND 
						lam.loan_account_status <> 2 AND 
						lam.loan_type = 2 AND 
						lam.is_active = 1 
					INNER JOIN
				BSGLOAN..loan_account_basic lab WITH (NOLOCK) 
					ON
						lab.loan_account_id = lbd.loan_account_id AND 
						lab.is_active=1
			WHERE
				lbd.is_active = 1)A
				LEFT JOIN bsgcrm..customer_channel_mobile ccm WITH (NOLOCK) 
								  ON ccm.customer_id = A.customer_no 
									 AND ccm.channel = 'SMS' 
									 AND ccm.is_active = 1 
						   LEFT JOIN bsgcrm..customer_master cm WITH (NOLOCK) 
								  ON cm.customer_id = A.customer_no 
									 AND cm.is_active = 1 
									 AND cm.customer_status_code = 1 
						   INNER JOIN bsgaccounting..sms_master sm WITH (NOLOCK) 
								   ON sm.sms_type_id = @smsTypeId 
									  AND sm.is_active = 1 

		WHERE CAST(A.expriy_date AS DATE) = CAST(DATEADD(DAY, sm.number_of_days, @cbsAppDate) AS DATE);
        END; 


      IF ( @smsTypeId = 11 ) 
        BEGIN 
            INSERT INTO #tempsms 
                        (mobileno, 
                         smscontent) 
          
SELECT DISTINCT
			 CASE 
				 WHEN ccm.mobile_no IS NULL THEN cm.registered_mobile_no 
				 ELSE ccm.mobile_no 
			END 
				AS mobileNo,
			Replace(Replace(Replace(sm.sms_template,'AMOUNT',h.installment_amount), 'LOAN_EMI_DUE_DATE', 
								   Replace( 
										   CONVERT(NVARCHAR, CAST(h.installment_date AS DATE), 106) 
								   , 
								   ' ', 
								   '-' 
								   )) 
						   , 
						   'ACCOUNT', Concat('XXXXXXXXXX', RIGHT(h.loan_account_no, 4) 
									  )) 
						   AS 
						   smsContent 
		FROM
			(select 
				a.loan_account_no,
				concat(year(@cbsAppDate),'-',month(@cbsAppDate),'-',day(installment_start_date)) installment_date,
				installment_amount,
				a.customer_no,
				b.installment_frequency,
				b.installment_start_date
				from
			bsgloan..loan_account_master a
			inner join
			bsgloan..loan_account_basic b
			on
			a.loan_account_id=b.loan_account_id
			and a.is_active=1
			and b.is_active=1
			and loan_account_status<>2
			and repayment_mode=1
			and installment_start_date<=@cbsAppDate
			and limit_expiry_date>=@cbsAppDate)h
		    LEFT JOIN bsgcrm..customer_channel_mobile ccm WITH ( 
					 nolock) 
				  ON ccm.customer_id = h.customer_no 
					 AND ccm.channel = 'SMS' 
					 AND ccm.is_active = 1 
		    LEFT JOIN bsgcrm..customer_master cm WITH (nolock) 
				  ON cm.customer_id = h.customer_no 
					 AND cm.is_active = 1 
					 AND cm.customer_status_code = 1 
		    INNER JOIN bsgaccounting..sms_master sm WITH (nolock) 
				   ON sm.sms_type_id = @smsTypeId 
					  AND sm.is_active = 1
			WHERE (
						day(@cbsAppDate)  + sm.number_of_days = day(installment_start_date)
						or
			(EOMONTH(@cbsAppDate)=dateadd(day,sm.number_of_days,@cbsAppDate ) and day(installment_start_date)>=day(@cbsAppDate)  + sm.number_of_days)
					)
			and (
					installment_frequency=1 or
					(installment_frequency=2 and abs(month(@cbsAppDate)-month(installment_start_date))%3=0) or
					(installment_frequency=3 and abs(month(@cbsAppDate)-month(installment_start_date))%6=0) or
					(installment_frequency=4 and abs(month(@cbsAppDate)-month(installment_start_date))=0)
				);
        END; 

		IF ( @smsTypeId = 12 ) 
        BEGIN 
            INSERT INTO #tempsms 
                        (mobileno, 
                         smscontent) 
            SELECT CASE 
                     WHEN ccm.mobile_no IS NULL THEN cm.registered_mobile_no 
                     ELSE ccm.mobile_no 
                   END                                            AS mobileNo, 
                   Replace(Replace(sm.sms_template, 'FD_MATURITY_DATE', 
                           Replace( 
                                   CONVERT(NVARCHAR, maturity_date, 106), ' ', 
                           '-') 
                           ), 
                   'ACCOUNT', 
                   Concat('XXXXXXXXXX', RIGHT(ca.account_no, 4))) AS smsContent 
            FROM   bsgtd..td_account_master tam WITH (nolock), 
                   bsgtd..td_account_deposit_details tdd WITH (nolock) 
                   INNER JOIN bsgcore..customer_accounts ca WITH (nolock) 
                           ON ca.account_id = tdd.td_account_id 
                   LEFT JOIN bsgcrm..customer_channel_mobile ccm WITH (nolock) 
                          ON ccm.customer_id = ca.customer_id 
                             AND ccm.channel = 'SMS' 
                             AND ccm.is_active = 1 
                   LEFT JOIN bsgcrm..customer_master cm WITH (nolock) 
                          ON cm.customer_id = ca.customer_id 
                             AND cm.is_active = 1 
                             AND cm.customer_status_code = 1 
                   INNER JOIN bsgaccounting..sms_master sm WITH (nolock) 
                           ON sm.sms_type_id = 2 
            WHERE  tam.td_account_id = tdd.td_account_id 
                   AND tam.account_status_id IN ( 1 ) 
                   AND Cast(tdd.maturity_date AS DATE) = Cast( 
                       Dateadd(day, sm.number_of_days, @cbsAppDate) AS DATE) 
                   AND tam.is_active = 1 
                   AND tdd.is_active = 1 
                   AND auto_renewal = 1; 
        END; 
      SELECT mobileno, 
             smscontent 
      FROM   #tempsms; 

      DROP TABLE #tempsms 


	  IF ( @smsTypeId = 13 ) 
	  BEGIN

		select 
			ca.account_id,max(txn_date)  txn_date into #temp_tr 
		from 
			bsgcore..customer_accounts ca with (nolock)
		inner join
			BSGCORE..account_master am
		on 
			ca.account_id = am.account_id
		and 
			am.product_code <> 2004
		left join 
			BSGACCOUNTING..transaction_master tm with (nolock)
		on	
			ca.account_id = tm.account_id
		and 
			activity_id not in (11081,11067,11069,11065,11063,11071,11073,11113,1003,1004)
		and 
			tm.narration not like 'Interest Credit%'
		and 
			tm.narration not like '%Charg%' 
		and 
			tm.narration not like '%CGST%' 
		and 
			tm.narration not like '%SGST%'
		where 
			ca.is_active=1

		and 
			am.account_open_date < DATEADD(month,-1*23,getdate())
		
		and
			am.is_active=1
		and 
			
				  am.account_status_id not in (3,5,4,7,8)
						 
		group by ca.account_id
		having (max(txn_date) is null or max(txn_date) < DATEADD(month,-1*23,getdate()))


		select 
			ca.account_id,max(tm.txn_date)  txn_date into #temp_df
		from 
			#temp_tr ca
		inner join 
			bsgdeepfreeze..transaction_master_df tm with (nolock)
		on	
			ca.account_id = tm.account_id
		and 
			tm.narration not like 'Interest Credit%'
		and 
			tm.narration not like '%Charg%' 
		and 
			tm.narration not like '%CGST%' 
		and 
			tm.narration not like '%SGST%'
		where 			
			activity_id not in (11081,11067,11069,11065,11063,11071,11073,11113,1003,1004)			 
		group by ca.account_id
		having ( max(tm.txn_date) = DATEADD(month,-1*23,getdate()))

		--select * into #tempdftr from #temp_tr where account_id not in (select account_id from #temp_df)

		delete #temp_tr where account_id in (select account_id from #temp_df)

			select 
			ca.account_id,max(tm.txn_date)  txn_date into #temp_history
		from 
			#temp_tr ca
		inner join 
			bsgdeepfreeze..transaction_master_history tm with (nolock)
		on	
			ca.account_id = tm.account_id
		where 			
			activity_id not in (11081,11067,11069,11065,11063,11071,11073,11113,1003,1004)			 
		group by ca.account_id
		having ( max(tm.txn_date) = DATEADD(month,-1*23,getdate()))

		--select * into #tempdftr from #temp_tr where account_id not in (select account_id from #temp_df)

		delete #temp_tr where account_id in (select account_id from #temp_history)



		select 
			ca.account_id,alt.LastTranDate  txn_date into #temp_acclast
		from 
			bsgcore..customer_accounts ca with (nolock)
		inner join
			#temp_tr am
		on 
			ca.account_id = am.account_id
		left join 
			BSGTURINGREPORTS..accountlasttransaction alt
		on 
			ca.account_no = alt.AccountNo
		where 
			am.txn_date is null
		and 
			ca.is_active=1		 		
		and 
			alt.LastTranDate =  DATEADD(month,-1*23,getdate())
		--and 
			--case when 23 > 24 then 1 else 0 end  = 1


		;with cte as (
		select * from #temp_tr
		where  
			account_id not in (
			select tr.account_id from #temp_acclast tr		 	
			)
		
			
		)

	select distinct am.account_id  from cte c inner join 
			BSGCORE..account_master am with (nolock)
			on 
				c.account_id = am.account_id
		where am.is_active=1 order by am.account_id;

		--return 

		 END


	
END


 




"
19,insert_token_no,"CREATE   PROCEDURE [dbo].[insert_token_no] -- [insert_token_no] 6,1,100
(
@brcode int,
@from_token int,
@to_token int
)
AS
BEGIN
while (@from_token <= @to_token)
BEGIN
        insert into bsgaccounting..token_stock_master
        (
                txn_branch,token_no,is_active,remark,txn_nature,created_by,created_date,last_modified_by,
                last_modified_date
        )
        select
                A.*
        from
        (
        select
                bm.branch_code,
                @from_token token_no,
                1 is_active,
                'System entry' remark,
                'D' txn_nature,
                1 created_by,
                GETDATE() created_date,
                1 last_modified_by,
                GETDATE() last_modified_date
        from
                BSGMASTER..branch_master bm
        )A
    where
                A.branch_code = @brcode
        order by
                A.branch_code;
set @from_token = @from_token + 1;
end;
END
"
20,loan_auto_recovery_sp,"-- =============================================
-- Author:		<Author,,Shubham Bhalerao>
-- Create date: <Create Date,,30/06/2022>
-- Description:	<Description,,loan_auto_recovery_sp>
-- =============================================
CREATE PROCEDURE [dbo].[loan_auto_recovery_sp] -- [loan_auto_recovery_sp] -- loan_auto_recovery_sp 3 ,'2023-06-05'
	@recoveryType int,
	@date datetime,
	@executionType int = 1
AS
BEGIN
 
-- return 1
 
DECLARE @overdueWithNpa int =	ISNULL((select config_value from BSGADMIN..cbs_config where config_key ='LOAN_OVERDUE_WITH_NPA_INTEREST' and is_active = 1),0)
 
 
CREATE TABLE #auto_recovery_temptable
(
	debit_account_no varchar(50),
	loan_account_id bigint,
	debit_account_id bigint,
	recovery_type int,
	loan_account_no varchar(50),
	classification_id int,
	due_amount decimal(18,2)
)
  IF (@recoveryType = 1)   -- moratorium
  BEGIN
  if(@executionType = 1)
		BEGIN
     -- DROP TABLE IF EXISTS #auto_recovery_temptable
	 INSERT INTO #auto_recovery_temptable    
	select 
		debit_account_no,
		loan_account_id,
		debit_account_id,
		recovery_type,
		loan_account_no,
		classification_id,
		due_amount
	from
	( select 
		debit_account_no,
		loan_account_id,
		debit_account_id,
		recovery_type,
		loan_account_no,
		classification_id,
		case when due_amount < balance then due_amount else  balance end
		due_amount
	 from
	 (
 
	  SELECT 
		ca.account_no AS debit_account_no ,
		lar.loan_account_id,
		lar.debit_account_id, 
		lar.recovery_type,
		lam.loan_account_no, 
		ca.classification_id, 
		bb.due_amount AS due_amount ,
		case 
			when ca.classification_id = 6 
			then acbl.available_balance - acbl.earmarked_amount 
			else acb.available_balance - acb.lien_amount
		end  balance
	--  INTO #auto_recovery_temptable
      FROM 
		BSGLOAN..loan_auto_recovery lar with(nolock)
		INNER JOIN BSGLOAN..loan_account_master lam  with(nolock)
			ON lar.loan_account_id = lam.loan_account_id 
				and lam.is_active = 1
				and lam.loan_account_status <> 2
		INNER JOIN BSGCORE..customer_accounts ca  with(nolock)
			ON lar.debit_account_id = ca.account_id 
					AND ca.is_active = 1
		INNER JOIN BSGLOAN..loan_account_basic lab with(nolock)
			ON lar.loan_account_id = lab.loan_account_id
				and lab.is_active =1
		LEFT JOIN (
					SELECT 
						account_id,
						MAX(txn_date)txn_date 
					FROM 
						BSGACCOUNTING..account_balance with(nolock)
					WHERE 
						txn_date <= @date 
						--AND is_active = 1 
					GROUP BY account_id
					) ab
			ON lar.debit_account_id = ab.account_id
		LEFT JOIN BSGACCOUNTING..account_balance acb with(nolock)
			ON ab.account_id = acb.account_id AND ab.txn_date = acb.txn_date
		LEFT JOIN (
					SELECT 
						loan_account_id,
						MAX(txn_date)txn_date 
					FROM 
						BSGACCOUNTING..account_balance_loan with(nolock)
					WHERE 
						txn_date <= @date 
					GROUP BY loan_account_id
				) abl
				ON lar.debit_account_id = abl.loan_account_id 
		LEFT JOIN BSGACCOUNTING..account_balance_loan acbl with(nolock)
				ON abl.loan_account_id = acbl.loan_account_id 
				AND abl.txn_date = acbl.txn_date
		LEFT OUTER JOIN (
			select 
				lrc.loan_account_id,	
				SUM(ISNULL(lrc.interest_amount,0) 
				- ISNULL(lrc.interest_received,0) + 
				ISNULL(lrc.od_int_accrual,0)
				- ISNULL(lrc.od_int_received,0) + 
				ISNULL(lrc.penal_int_accrual,0) 
				- ISNULL(lrc.penal_int_received,0)) due_amount
			from
			(select 
					loan_account_id,installment_no,MAX(id) id
				from	
					BSGACCOUNTING..loan_repayment_chart with(nolock)
				where
					due_date <= @date
				 GROUP BY loan_account_id, installment_no
			)a inner join BSGACCOUNTING..loan_repayment_chart lrc with(nolock)
				on lrc.loan_account_id = a.loan_account_id
				and lrc.installment_no = a.installment_no
					and lrc.id = a.id
					and is_active =1
					and full_installment_received = 0
			group by lrc.loan_account_id
		)bb on bb.loan_account_id = lam.loan_account_id
		WHERE 
			lar.recovery_type = @recoveryType
				and lar.is_active = 1
			AND cast(installment_start_date as date) <  @date 
			and case 
				when ca.classification_id = 6 
				then acbl.available_balance - acbl.earmarked_amount 
				else acb.available_balance - acb.lien_amount
				end > 0 --- Debit Account should have balance
		) a
			)b where due_amount > 0
	 END
 
  END

 
--IF @recoveryType = 2 -- Interest as and when 
--   BEGIN
 
   

 
--	END

IF  @recoveryType = 3 -- Overdue
  BEGIN 
    insert into #auto_recovery_temptable
	select 
		debit_account_no,
		loan_account_id,
		debit_account_id,
		recovery_type,
		loan_account_no,
		classification_id,
		due_amount
	from
	( select 
		debit_account_no,
		loan_account_id,
		debit_account_id,
		recovery_type,
		loan_account_no,
		classification_id,
		case when 
			(case when total_oustanding < due_amount 
			 then total_oustanding else due_amount end 
			)
< balance then (case when total_oustanding < due_amount
		then total_oustanding else due_amount end) 
			else  balance end
		due_amount
	 from
	 (
 
	  SELECT 
		ca.account_no AS debit_account_no ,
		lar.loan_account_id,
		lar.debit_account_id, 
		lar.recovery_type,
		lam.loan_account_no, 
		ca.classification_id, 
		ISNULL(case when acbl1.checker_clear_balance > 0 then 0 else
			(acbl1.checker_clear_balance) *-1 end,0) + 
			ISNULL(acbl1.npa_interest_amount,0)
			+ISNULL(acbl1.npa_penal_interest_amount,0)
			+ISNULL(acbl1.npa_charges_amount,0) total_oustanding,
		ISNULL(due_amount,0) +
		ISNULL(acbl1.charges_applied-acbl1.charges_paid,0) + ISNULL(acbl1.npa_charges_amount,0)
		AS due_amount ,
		case 
			when ca.classification_id = 6 
			then acbl.available_balance - acbl.earmarked_amount 
			else acb.available_balance - acb.lien_amount
		end  balance
	--  INTO #auto_recovery_temptable
      FROM 
		BSGLOAN..loan_auto_recovery lar with(nolock)
		INNER JOIN BSGLOAN..loan_account_master lam  with(nolock)
			ON lar.loan_account_id = lam.loan_account_id 
				and lam.is_active = 1
				and lam.loan_account_status <> 2
		inner join BSGLOAN..loan_product_master lpm with(nolock)
			on lpm.loan_product_id = lam.loan_product_id
				and lpm.is_active = 1
		INNER JOIN BSGCORE..customer_accounts ca  with(nolock)
			ON lar.debit_account_id = ca.account_id 
					AND ca.is_active = 1
		INNER JOIN BSGLOAN..loan_account_basic lab with(nolock)
			ON lar.loan_account_id = lab.loan_account_id
				and lab.is_active =1
		LEFT JOIN (
					SELECT 
						account_id,
						MAX(txn_date)txn_date 
					FROM 
						BSGACCOUNTING..account_balance with(nolock)
					WHERE 
						txn_date <= @date 
						--AND is_active = 1 
					GROUP BY account_id
					) ab
			ON lar.debit_account_id = ab.account_id
		LEFT JOIN BSGACCOUNTING..account_balance acb with(nolock)
			ON ab.account_id = acb.account_id AND ab.txn_date = acb.txn_date
		LEFT JOIN (
					SELECT 
						loan_account_id,
						MAX(txn_date)txn_date 
					FROM 
						BSGACCOUNTING..account_balance_loan with(nolock)
					WHERE 
						txn_date <= @date 
					GROUP BY loan_account_id
				) abl
				ON lar.debit_account_id = abl.loan_account_id 
		LEFT JOIN BSGACCOUNTING..account_balance_loan acbl with(nolock)
				ON abl.loan_account_id = acbl.loan_account_id 
				AND abl.txn_date = acbl.txn_date
		LEFT JOIN (
					SELECT 
						loan_account_id,
						MAX(txn_date)txn_date 
					FROM 
						BSGACCOUNTING..account_balance_loan with(nolock)
					WHERE 
						txn_date <= @date 
					GROUP BY loan_account_id
				) abl1
				ON lar.loan_account_id = abl1.loan_account_id 
		LEFT JOIN BSGACCOUNTING..account_balance_loan acbl1 with(nolock)
				ON abl1.loan_account_id = acbl1.loan_account_id 
				AND abl1.txn_date = acbl1.txn_date
		LEFT OUTER JOIN (
		select 
				lrc.loan_account_id,	
		SUM(ISNULL(lrc.principal_amount,0) 
		- ISNULL(lrc.principal_received,0) +
		ISNULL(lrc.interest_amount,0) 
		- ISNULL(lrc.interest_received,0) + 
		ISNULL(lrc.od_int_accrual,0)
		- ISNULL(lrc.od_int_received,0) + 
		ISNULL(lrc.penal_int_accrual,0) 
		- ISNULL(lrc.penal_int_received,0)) due_amount
			from
			(select 
					loan_account_id,installment_no,MAX(id) id
				from	
					BSGACCOUNTING..loan_repayment_chart with(nolock)
				where
					due_date <= @date
					 GROUP BY loan_account_id, installment_no
			)a inner join BSGACCOUNTING..loan_repayment_chart lrc with(nolock)
				on lrc.loan_account_id = a.loan_account_id
				and lrc.installment_no = a.installment_no
					and lrc.id = a.id
					and is_active =1
					and full_installment_received = 0
			group by lrc.loan_account_id
		)bb on bb.loan_account_id = lam.loan_account_id
		WHERE 
			lar.recovery_type = @recoveryType
			and lar.is_active = 1
			and lpm.repayment_mode = 1
			and case 
				when ca.classification_id = 6 
				then acbl.available_balance - acbl.earmarked_amount 
				else acb.available_balance - acb.lien_amount
				end > 0 --- Debit Account should have balance
		) a
			)b where due_amount > 0
 
		if(@executionType = 1)
		BEGIN
		insert into #auto_recovery_temptable
		select 
		debit_account_no,
		loan_account_id,
		debit_account_id,
		recovery_type,
		loan_account_no,
		classification_id,
		due_amount
	from
	(select 
		debit_account_no,
		loan_account_id,
		debit_account_id,
		recovery_type,
		loan_account_no,
		classification_id,
		case when due_amount < balance then due_amount else  balance end
		due_amount
	 from
	 (
 
	  SELECT 
		ca.account_no AS debit_account_no ,
		lar.loan_account_id,
		lar.debit_account_id, 
		lar.recovery_type,
		lam.loan_account_no, 
		ca.classification_id, 
		acbl1.overdue_amount + case when @overdueWithNpa = 1  then 0 else ISNULL(acbl1.npa_interest_amount,0) 
	+ ISNULL(acbl1.npa_penal_interest_amount,0) +  ISNULL(acbl1.npa_charges_amount ,0)  end
		 due_amount ,
		case 
			when ca.classification_id = 6 
			then acbl.available_balance - acbl.earmarked_amount 
			else acb.available_balance - acb.lien_amount
		end  balance
	--  INTO #auto_recovery_temptable
      FROM 
		BSGLOAN..loan_auto_recovery lar with(nolock)
		INNER JOIN BSGLOAN..loan_account_master lam  with(nolock)
			ON lar.loan_account_id = lam.loan_account_id 
				and lam.is_active = 1
				and lam.loan_account_status <> 2
		inner join BSGLOAN..loan_product_master lpm
			on lpm.loan_product_id = lam.loan_product_id
				and lpm.is_active = 1
		INNER JOIN BSGCORE..customer_accounts ca  with(nolock)
			ON lar.debit_account_id = ca.account_id 
					AND ca.is_active = 1
		INNER JOIN BSGLOAN..loan_account_basic lab with(nolock)
			ON lar.loan_account_id = lab.loan_account_id
				and lab.is_active =1
		LEFT JOIN (
					SELECT 
						account_id,
						MAX(txn_date)txn_date 
					FROM 
						BSGACCOUNTING..account_balance with(nolock)
					WHERE 
						txn_date <= @date 
						--AND is_active = 1 
					GROUP BY account_id
					) ab
			ON lar.debit_account_id = ab.account_id
		LEFT JOIN BSGACCOUNTING..account_balance acb with(nolock)
			ON ab.account_id = acb.account_id AND ab.txn_date = acb.txn_date
		LEFT JOIN (
					SELECT 
						loan_account_id,
						MAX(txn_date)txn_date 
					FROM 
						BSGACCOUNTING..account_balance_loan with(nolock)
					WHERE 
						txn_date <= @date 
					GROUP BY loan_account_id
				) abl
				ON lar.debit_account_id = abl.loan_account_id 
		LEFT JOIN BSGACCOUNTING..account_balance_loan acbl with(nolock)
				ON abl.loan_account_id = acbl.loan_account_id 
				AND abl.txn_date = acbl.txn_date
		LEFT JOIN (
					SELECT 
						loan_account_id,
						MAX(txn_date)txn_date 
					FROM 
						BSGACCOUNTING..account_balance_loan with(nolock)
					WHERE 
						txn_date <= @date 
					GROUP BY loan_account_id
				) abl1
				ON lar.loan_account_id = abl1.loan_account_id 
		LEFT JOIN BSGACCOUNTING..account_balance_loan acbl1 with(nolock)
				ON abl1.loan_account_id = acbl1.loan_account_id 
				AND abl1.txn_date = acbl1.txn_date
		WHERE 
			lar.recovery_type = @recoveryType
			and lar.is_active = 1
			and lpm.repayment_mode <> 1
			and case 
				when ca.classification_id = 6 
				then acbl.available_balance - acbl.earmarked_amount 
				else acb.available_balance - acb.lien_amount
				end > 0 --- Debit Account should have balance
		) a
			)b where due_amount > 0
 
 
		END

 
 
  END

IF(@recoveryType = 4) -- Interest Recovery
  BEGIN
if(@executionType = 1)
		BEGIN
    insert into #auto_recovery_temptable
	select 
		debit_account_no,
		loan_account_id,
		debit_account_id,
		recovery_type,
		loan_account_no,
		classification_id,
		due_amount
	from
	( select 
		debit_account_no,
		loan_account_id,
		debit_account_id,
		recovery_type,
		loan_account_no,
		classification_id,
		case when due_amount < balance then due_amount else  balance end
		due_amount
	 from
	 (
 
	  SELECT 
		ca.account_no AS debit_account_no ,
		lar.loan_account_id,
		lar.debit_account_id, 
		lar.recovery_type,
		lam.loan_account_no, 
		ca.classification_id, 
		due_amount + 
		ISNULL(acbl1.charges_applied-acbl1.charges_paid,0) + ISNULL(acbl1.npa_charges_amount,0)
		AS due_amount ,
		case 
			when ca.classification_id = 6 
			then acbl.available_balance - acbl.earmarked_amount 
			else acb.available_balance - acb.lien_amount
		end  balance
	--  INTO #auto_recovery_temptable
      FROM 
		BSGLOAN..loan_auto_recovery lar with(nolock)
		INNER JOIN BSGLOAN..loan_account_master lam  with(nolock)
			ON lar.loan_account_id = lam.loan_account_id 
				and lam.is_active = 1
				and lam.loan_account_status <> 2
		inner join BSGLOAN..loan_product_master lpm with(nolock)
			on lpm.loan_product_id = lam.loan_product_id
				and lpm.is_active = 1
		INNER JOIN BSGCORE..customer_accounts ca  with(nolock)
			ON lar.debit_account_id = ca.account_id 
					AND ca.is_active = 1
		INNER JOIN BSGLOAN..loan_account_basic lab with(nolock)
			ON lar.loan_account_id = lab.loan_account_id
				and lab.is_active =1
		LEFT JOIN (
					SELECT 
						account_id,
						MAX(txn_date)txn_date 
					FROM 
						BSGACCOUNTING..account_balance with(nolock)
					WHERE 
						txn_date <= @date 
						--AND is_active = 1 
					GROUP BY account_id
					) ab
			ON lar.debit_account_id = ab.account_id
		LEFT JOIN BSGACCOUNTING..account_balance acb with(nolock)
			ON ab.account_id = acb.account_id AND ab.txn_date = acb.txn_date
		LEFT JOIN (
					SELECT 
						loan_account_id,
						MAX(txn_date)txn_date  
					FROM 
						BSGACCOUNTING..account_balance_loan with(nolock)
					WHERE 
						txn_date <= @date 
					GROUP BY loan_account_id
				) abl
				ON lar.debit_account_id = abl.loan_account_id 
		LEFT JOIN BSGACCOUNTING..account_balance_loan acbl with(nolock)
				ON abl.loan_account_id = acbl.loan_account_id 
				AND abl.txn_date = acbl.txn_date
		LEFT JOIN (
					SELECT 
						loan_account_id,
						MAX(txn_date)txn_date 
					FROM 
						BSGACCOUNTING..account_balance_loan with(nolock)
					WHERE 
						txn_date <= @date 
					GROUP BY loan_account_id
				) abl1
				ON lar.loan_account_id = abl1.loan_account_id 
		LEFT JOIN BSGACCOUNTING..account_balance_loan acbl1 with(nolock)
				ON abl1.loan_account_id = acbl1.loan_account_id 
				AND abl1.txn_date = acbl1.txn_date
		LEFT OUTER JOIN (
		select 
				lrc.loan_account_id,	
		SUM(ISNULL(lrc.interest_amount,0) 
		- ISNULL(lrc.interest_received,0) + 
		ISNULL(lrc.od_int_accrual,0)
		- ISNULL(lrc.od_int_received,0) + 
		ISNULL(lrc.penal_int_accrual,0) 
		- ISNULL(lrc.penal_int_received,0)) due_amount
			from
			(select 
					loan_account_id,installment_no,MAX(id) id
				from	
					BSGACCOUNTING..loan_repayment_chart with(nolock)
				where
					due_date <= @date
					 GROUP BY loan_account_id, installment_no
			)a inner join BSGACCOUNTING..loan_repayment_chart lrc with(nolock)
				on lrc.loan_account_id = a.loan_account_id
				and lrc.installment_no = a.installment_no
					and lrc.id = a.id
					and is_active =1
					and full_installment_received = 0
			group by lrc.loan_account_id
		)bb on bb.loan_account_id = lam.loan_account_id
		WHERE 
			lar.recovery_type = @recoveryType
				and lar.is_active = 1
			and lpm.repayment_mode = 1
			and case 
				when ca.classification_id = 6 
				then acbl.available_balance - acbl.earmarked_amount 
				else acb.available_balance - acb.lien_amount
				end > 0 --- Debit Account should have balance
		) a
			)b where due_amount > 0
 
 
		insert into #auto_recovery_temptable
	select 
		debit_account_no,
		loan_account_id,
		debit_account_id,
		recovery_type,
		loan_account_no,
		classification_id,
		due_amount
	from
	(
	select 
		debit_account_no,
		loan_account_id,
		debit_account_id,
		recovery_type,
		loan_account_no,
		classification_id,
		case when due_amount < balance then due_amount else  balance end
		due_amount
	 from
	 (
 
	  SELECT 
		ca.account_no AS debit_account_no ,
		lar.loan_account_id,
		lar.debit_account_id, 
		lar.recovery_type,
		lam.loan_account_no, 
		ca.classification_id, 
	ISNULL(acbl1.interest_applied-acbl1.interest_paid,0) + ISNULL(acbl1.penal_interest_applied-acbl1.penal_interest_paid,0) + ISNULL(acbl1.charges_applied-acbl1.charges_paid,0) + ISNULL(acbl1.npa_charges_amount,0)	+ ISNULL(acbl1.npa_interest_amount,0) 
	+ ISNULL(acbl1.npa_penal_interest_amount,0) +  ISNULL(acbl1.npa_charges_amount ,0)  
		 due_amount ,
		case 
			when ca.classification_id = 6 
			then acbl.available_balance - acbl.earmarked_amount 
			else acb.available_balance - acb.lien_amount
		end  balance
	--  INTO #auto_recovery_temptable
      FROM 
		BSGLOAN..loan_auto_recovery lar with(nolock)
		INNER JOIN BSGLOAN..loan_account_master lam  with(nolock)
			ON lar.loan_account_id = lam.loan_account_id 
				and lam.is_active = 1
				and lam.loan_account_status <> 2
		inner join BSGLOAN..loan_product_master lpm with(nolock)
			on lpm.loan_product_id = lam.loan_product_id
				and lpm.is_active = 1
		INNER JOIN BSGCORE..customer_accounts ca  with(nolock)
			ON lar.debit_account_id = ca.account_id 
					AND ca.is_active = 1
		INNER JOIN BSGLOAN..loan_account_basic lab with(nolock)
			ON lar.loan_account_id = lab.loan_account_id
			and lab.is_active =1
		LEFT JOIN (
					SELECT 
						account_id,
						MAX(txn_date)txn_date 
					FROM  
						BSGACCOUNTING..account_balance with(nolock)
					WHERE 
						txn_date <= @date 
						--AND is_active = 1 
					GROUP BY account_id
					) ab
			ON lar.debit_account_id = ab.account_id
		LEFT JOIN BSGACCOUNTING..account_balance acb with(nolock)
			ON ab.account_id = acb.account_id AND ab.txn_date = acb.txn_date
		LEFT JOIN (
					SELECT 
						loan_account_id,
						MAX(txn_date)txn_date 
					FROM 
						BSGACCOUNTING..account_balance_loan with(nolock)
					WHERE 
						txn_date <= @date 
					GROUP BY loan_account_id
				) abl
				ON lar.debit_account_id = abl.loan_account_id 
		LEFT JOIN BSGACCOUNTING..account_balance_loan acbl with(nolock)
				ON abl.loan_account_id = acbl.loan_account_id 
				AND abl.txn_date = acbl.txn_date
		LEFT JOIN (
					SELECT 
						loan_account_id,
						MAX(txn_date)txn_date 
					FROM 
						BSGACCOUNTING..account_balance_loan with(nolock)
					WHERE 
						txn_date <= @date 
					GROUP BY loan_account_id
				) abl1
				ON lar.loan_account_id = abl1.loan_account_id 
		LEFT JOIN BSGACCOUNTING..account_balance_loan acbl1 with(nolock)
				ON abl1.loan_account_id = acbl1.loan_account_id 
				AND abl1.txn_date = acbl1.txn_date
		WHERE 
			lar.recovery_type = @recoveryType
				and lar.is_active = 1
			and case 
				when ca.classification_id = 6 
				then acbl.available_balance - acbl.earmarked_amount 
				else acb.available_balance - acb.lien_amount
				end > 0 --- Debit Account should have balance
		) a
 
		)b where due_amount > 0
 
		
	END
 
 
 
  END
  SELECT debit_account_no ,loan_account_id, debit_account_id, recovery_type, loan_account_no, classification_id, 
  due_amount FROM #auto_recovery_temptable 
END"
21,loan_auto_recovery_sp_bkp_20230429,"-- =============================================
-- Author:		<Author,,Shubham Bhalerao>
-- Create date: <Create Date,,30/06/2022>
-- Description:	<Description,,loan_auto_recovery_sp>
-- =============================================
CREATE    PROCEDURE [dbo].[loan_auto_recovery_sp_bkp_20230429] -- [loan_auto_recovery_sp] 
	@recoveryType int,
	@date datetime
AS
BEGIN

DECLARE @overdueWithNpa int =	ISNULL((select config_value from BSGADMIN..cbs_config where config_key ='LOAN_OVERDUE_WITH_NPA_INTEREST' and is_active = 1),0)


CREATE TABLE #auto_recovery_temptable
(
	debit_account_no varchar(50),
	loan_account_id bigint,
	debit_account_id bigint,
	recovery_type int,
	loan_account_no varchar(50),
	classification_id int,
	due_amount decimal(18,2)
)
 
  IF (@recoveryType = 1)   -- moratorium
  BEGIN

     -- DROP TABLE IF EXISTS #auto_recovery_temptable
	 INSERT INTO #auto_recovery_temptable    
	select 
		debit_account_no,
		loan_account_id,
		debit_account_id,
		recovery_type,
		loan_account_no,
		classification_id,
		due_amount
	from
	( select 
		debit_account_no,
		loan_account_id,
		debit_account_id,
		recovery_type,
		loan_account_no,
		classification_id,
		case when due_amount < balance then due_amount else  balance end
		due_amount
	 from
	 (

	  SELECT 
		ca.account_no AS debit_account_no ,
		lar.loan_account_id,
		lar.debit_account_id, 
		lar.recovery_type,
		lam.loan_account_no, 
		ca.classification_id, 
		bb.due_amount AS due_amount ,
		case 
			when ca.classification_id = 6 
			then acbl.available_balance - acbl.earmarked_amount 
			else acb.available_balance - acb.lien_amount
		end  balance
	--  INTO #auto_recovery_temptable
      FROM 
		BSGLOAN..loan_auto_recovery lar with(nolock)
		INNER JOIN BSGLOAN..loan_account_master lam  with(nolock)
			ON lar.loan_account_id = lam.loan_account_id 
				and lam.is_active = 1
				and lam.loan_account_status <> 2
		INNER JOIN BSGCORE..customer_accounts ca  with(nolock)
			ON lar.debit_account_id = ca.account_id 
					AND ca.is_active = 1
		INNER JOIN BSGLOAN..loan_account_basic lab with(nolock)
			ON lar.loan_account_id = lab.loan_account_id
		LEFT JOIN (
					SELECT 
						account_id,
						MAX(txn_date)txn_date 
					FROM 
						BSGACCOUNTING..account_balance
					WHERE 
						txn_date <= @date 
						--AND is_active = 1 
					GROUP BY account_id
					) ab
			ON lar.debit_account_id = ab.account_id
		LEFT JOIN BSGACCOUNTING..account_balance acb with(nolock)
			ON ab.account_id = acb.account_id AND ab.txn_date = acb.txn_date
		LEFT JOIN (
					SELECT 
						loan_account_id,
						MAX(txn_date)txn_date 
					FROM 
						BSGACCOUNTING..account_balance_loan with(nolock)
					WHERE 
						txn_date <= @date 
					GROUP BY loan_account_id
				) abl
				ON lar.debit_account_id = abl.loan_account_id 
		LEFT JOIN BSGACCOUNTING..account_balance_loan acbl with(nolock)
				ON abl.loan_account_id = acbl.loan_account_id 
				AND abl.txn_date = acbl.txn_date
		LEFT OUTER JOIN (
			
			select 
				lrc.loan_account_id,	
				SUM(ISNULL(lrc.interest_amount,0) 
				- ISNULL(lrc.interest_received,0) + 
				ISNULL(lrc.od_int_accrual,0)
				- ISNULL(lrc.od_int_received,0) + 
				ISNULL(lrc.penal_int_accrual,0) 
				- ISNULL(lrc.penal_int_received,0)) due_amount
			from
			(select 
					loan_account_id,installment_no,MAX(id) id
				from	
					BSGACCOUNTING..loan_repayment_chart
				where
					due_date <= @date
					and is_active =1
					and full_installment_received = 0 GROUP BY loan_account_id, installment_no
			)a inner join BSGACCOUNTING..loan_repayment_chart lrc
				on lrc.loan_account_id = a.loan_account_id
				and lrc.installment_no = a.installment_no
					and lrc.id = a.id
			group by lrc.loan_account_id
		)bb on bb.loan_account_id = lam.loan_account_id
		WHERE 
			lar.recovery_type = @recoveryType
			AND cast(installment_start_date as date) <  @date 
			and case 
				when ca.classification_id = 6 
				then acbl.available_balance - acbl.earmarked_amount 
				else acb.available_balance - acb.lien_amount
				end > 0 --- Debit Account should have balance
		) a
			)b where due_amount > 0
			
	 

  END
 

--IF @recoveryType = 2 -- Interest as and when 
--   BEGIN

   
			

--	END
  
 
IF  @recoveryType = 3 -- Overdue
  BEGIN 
    insert into #auto_recovery_temptable
	select 
		debit_account_no,
		loan_account_id,
		debit_account_id,
		recovery_type,
		loan_account_no,
		classification_id,
		due_amount
	from
	( select 
		debit_account_no,
		loan_account_id,
		debit_account_id,
		recovery_type,
		loan_account_no,
		classification_id,
		case when 
			(case when total_oustanding < due_amount 
			 then total_oustanding else due_amount end 
			)
		< balance then (case when total_oustanding < due_amount
		then total_oustanding else due_amount end) 
			else  balance end
		due_amount
	 from
	 (

	  SELECT 
		ca.account_no AS debit_account_no ,
		lar.loan_account_id,
		lar.debit_account_id, 
		lar.recovery_type,
		lam.loan_account_no, 
		ca.classification_id, 
		ISNULL(case when acbl1.checker_clear_balance > 0 then 0 else
			(acbl1.checker_clear_balance) *-1 end,0) + 
			ISNULL(acbl1.npa_interest_amount,0)
			+ISNULL(acbl1.npa_penal_interest_amount,0)
			+ISNULL(acbl1.npa_charges_amount,0) total_oustanding,
		ISNULL(due_amount,0) +
		ISNULL(acbl1.charges_applied-acbl1.charges_paid,0) + ISNULL(acbl1.npa_charges_amount,0)
		AS due_amount ,
		case 
			when ca.classification_id = 6 
			then acbl.available_balance - acbl.earmarked_amount 
			else acb.available_balance - acb.lien_amount
		end  balance
	--  INTO #auto_recovery_temptable
      FROM 
		BSGLOAN..loan_auto_recovery lar with(nolock)
		INNER JOIN BSGLOAN..loan_account_master lam  with(nolock)
			ON lar.loan_account_id = lam.loan_account_id 
				and lam.is_active = 1
				and lam.loan_account_status <> 2
		inner join BSGLOAN..loan_product_master lpm
			on lpm.loan_product_id = lam.loan_product_id
				and lpm.is_active = 1
		INNER JOIN BSGCORE..customer_accounts ca  with(nolock)
			ON lar.debit_account_id = ca.account_id 
					AND ca.is_active = 1
		INNER JOIN BSGLOAN..loan_account_basic lab with(nolock)
			ON lar.loan_account_id = lab.loan_account_id
		LEFT JOIN (
					SELECT 
						account_id,
						MAX(txn_date)txn_date 
					FROM 
						BSGACCOUNTING..account_balance
					WHERE 
						txn_date <= @date 
						--AND is_active = 1 
					GROUP BY account_id
					) ab
			ON lar.debit_account_id = ab.account_id
		LEFT JOIN BSGACCOUNTING..account_balance acb with(nolock)
			ON ab.account_id = acb.account_id AND ab.txn_date = acb.txn_date
		LEFT JOIN (
					SELECT 
						loan_account_id,
						MAX(txn_date)txn_date 
					FROM 
						BSGACCOUNTING..account_balance_loan with(nolock)
					WHERE 
						txn_date <= @date 
					GROUP BY loan_account_id
				) abl
				ON lar.debit_account_id = abl.loan_account_id 
		LEFT JOIN BSGACCOUNTING..account_balance_loan acbl with(nolock)
				ON abl.loan_account_id = acbl.loan_account_id 
				AND abl.txn_date = acbl.txn_date
		LEFT JOIN (
					SELECT 
						loan_account_id,
						MAX(txn_date)txn_date 
					FROM 
						BSGACCOUNTING..account_balance_loan with(nolock)
					WHERE 
						txn_date <= @date 
					GROUP BY loan_account_id
				) abl1
				ON lar.loan_account_id = abl1.loan_account_id 
		LEFT JOIN BSGACCOUNTING..account_balance_loan acbl1 with(nolock)
				ON abl1.loan_account_id = acbl1.loan_account_id 
				AND abl1.txn_date = acbl1.txn_date
		LEFT OUTER JOIN (
			
		select 
				lrc.loan_account_id,	
		SUM(ISNULL(lrc.principal_amount,0) 
		- ISNULL(lrc.principal_received,0) +
		ISNULL(lrc.interest_amount,0) 
		- ISNULL(lrc.interest_received,0) + 
		ISNULL(lrc.od_int_accrual,0)
		- ISNULL(lrc.od_int_received,0) + 
		ISNULL(lrc.penal_int_accrual,0) 
		- ISNULL(lrc.penal_int_received,0)) due_amount
			from
			(select 
					loan_account_id,installment_no,MAX(id) id
				from	
					BSGACCOUNTING..loan_repayment_chart
				where
					due_date <= @date
					and is_active =1
					and full_installment_received = 0 GROUP BY loan_account_id, installment_no
			)a inner join BSGACCOUNTING..loan_repayment_chart lrc
				on lrc.loan_account_id = a.loan_account_id
				and lrc.installment_no = a.installment_no
					and lrc.id = a.id
			group by lrc.loan_account_id
		)bb on bb.loan_account_id = lam.loan_account_id
		WHERE 
			lar.recovery_type = @recoveryType
			and lpm.repayment_mode = 1
			and case 
				when ca.classification_id = 6 
				then acbl.available_balance - acbl.earmarked_amount 
				else acb.available_balance - acb.lien_amount
				end > 0 --- Debit Account should have balance
		) a
			)b where due_amount > 0


		insert into #auto_recovery_temptable
		select 
		debit_account_no,
		loan_account_id,
		debit_account_id,
		recovery_type,
		loan_account_no,
		classification_id,
		due_amount
	from
	(select 
		debit_account_no,
		loan_account_id,
		debit_account_id,
		recovery_type,
		loan_account_no,
		classification_id,
		case when due_amount < balance then due_amount else  balance end
		due_amount
	 from
	 (

	  SELECT 
		ca.account_no AS debit_account_no ,
		lar.loan_account_id,
		lar.debit_account_id, 
		lar.recovery_type,
		lam.loan_account_no, 
		ca.classification_id, 
		acbl1.overdue_amount + case when @overdueWithNpa = 1  then 0 else ISNULL(acbl1.npa_interest_amount,0) 
	+ ISNULL(acbl1.npa_penal_interest_amount,0) +  ISNULL(acbl1.npa_charges_amount ,0)  end
		 due_amount ,
		case 
			when ca.classification_id = 6 
			then acbl.available_balance - acbl.earmarked_amount 
			else acb.available_balance - acb.lien_amount
		end  balance
	--  INTO #auto_recovery_temptable
      FROM 
		BSGLOAN..loan_auto_recovery lar with(nolock)
		INNER JOIN BSGLOAN..loan_account_master lam  with(nolock)
			ON lar.loan_account_id = lam.loan_account_id 
				and lam.is_active = 1
				and lam.loan_account_status <> 2
		inner join BSGLOAN..loan_product_master lpm
			on lpm.loan_product_id = lam.loan_product_id
				and lpm.is_active = 1
		INNER JOIN BSGCORE..customer_accounts ca  with(nolock)
			ON lar.debit_account_id = ca.account_id 
					AND ca.is_active = 1
		INNER JOIN BSGLOAN..loan_account_basic lab with(nolock)
			ON lar.loan_account_id = lab.loan_account_id
		LEFT JOIN (
					SELECT 
						account_id,
						MAX(txn_date)txn_date 
					FROM 
						BSGACCOUNTING..account_balance
					WHERE 
						txn_date <= @date 
						--AND is_active = 1 
					GROUP BY account_id
					) ab
			ON lar.debit_account_id = ab.account_id
		LEFT JOIN BSGACCOUNTING..account_balance acb with(nolock)
			ON ab.account_id = acb.account_id AND ab.txn_date = acb.txn_date
		LEFT JOIN (
					SELECT 
						loan_account_id,
						MAX(txn_date)txn_date 
					FROM 
						BSGACCOUNTING..account_balance_loan with(nolock)
					WHERE 
						txn_date <= @date 
					GROUP BY loan_account_id
				) abl
				ON lar.debit_account_id = abl.loan_account_id 
		LEFT JOIN BSGACCOUNTING..account_balance_loan acbl with(nolock)
				ON abl.loan_account_id = acbl.loan_account_id 
				AND abl.txn_date = acbl.txn_date
		LEFT JOIN (
					SELECT 
						loan_account_id,
						MAX(txn_date)txn_date 
					FROM 
						BSGACCOUNTING..account_balance_loan with(nolock)
					WHERE 
						txn_date <= @date 
					GROUP BY loan_account_id
				) abl1
				ON lar.loan_account_id = abl1.loan_account_id 
		LEFT JOIN BSGACCOUNTING..account_balance_loan acbl1 with(nolock)
				ON abl1.loan_account_id = acbl1.loan_account_id 
				AND abl1.txn_date = acbl1.txn_date
		WHERE 
			lar.recovery_type = @recoveryType
			and lpm.repayment_mode <> 1
			and case 
				when ca.classification_id = 6 
				then acbl.available_balance - acbl.earmarked_amount 
				else acb.available_balance - acb.lien_amount
				end > 0 --- Debit Account should have balance
		) a
			)b where due_amount > 0


		
	


  END
  
  
IF(@recoveryType = 4) -- Interest Recovery
  BEGIN
 
    insert into #auto_recovery_temptable
	select 
		debit_account_no,
		loan_account_id,
		debit_account_id,
		recovery_type,
		loan_account_no,
		classification_id,
		due_amount
	from
	( select 
		debit_account_no,
		loan_account_id,
		debit_account_id,
		recovery_type,
		loan_account_no,
		classification_id,
		case when due_amount < balance then due_amount else  balance end
		due_amount
	 from
	 (

	  SELECT 
		ca.account_no AS debit_account_no ,
		lar.loan_account_id,
		lar.debit_account_id, 
		lar.recovery_type,
		lam.loan_account_no, 
		ca.classification_id, 
		due_amount + 
		ISNULL(acbl1.charges_applied-acbl1.charges_paid,0) + ISNULL(acbl1.npa_charges_amount,0)
		AS due_amount ,
		case 
			when ca.classification_id = 6 
			then acbl.available_balance - acbl.earmarked_amount 
			else acb.available_balance - acb.lien_amount
		end  balance
	--  INTO #auto_recovery_temptable
      FROM 
		BSGLOAN..loan_auto_recovery lar with(nolock)
		INNER JOIN BSGLOAN..loan_account_master lam  with(nolock)
			ON lar.loan_account_id = lam.loan_account_id 
				and lam.is_active = 1
				and lam.loan_account_status <> 2
		inner join BSGLOAN..loan_product_master lpm
			on lpm.loan_product_id = lam.loan_product_id
				and lpm.is_active = 1
		INNER JOIN BSGCORE..customer_accounts ca  with(nolock)
			ON lar.debit_account_id = ca.account_id 
					AND ca.is_active = 1
		INNER JOIN BSGLOAN..loan_account_basic lab with(nolock)
			ON lar.loan_account_id = lab.loan_account_id
		LEFT JOIN (
					SELECT 
						account_id,
						MAX(txn_date)txn_date 
					FROM 
						BSGACCOUNTING..account_balance
					WHERE 
						txn_date <= @date 
						--AND is_active = 1 
					GROUP BY account_id
					) ab
			ON lar.debit_account_id = ab.account_id
		LEFT JOIN BSGACCOUNTING..account_balance acb with(nolock)
			ON ab.account_id = acb.account_id AND ab.txn_date = acb.txn_date
		LEFT JOIN (
					SELECT 
						loan_account_id,
						MAX(txn_date)txn_date 
					FROM 
						BSGACCOUNTING..account_balance_loan with(nolock)
					WHERE 
						txn_date <= @date 
					GROUP BY loan_account_id
				) abl
				ON lar.debit_account_id = abl.loan_account_id 
		LEFT JOIN BSGACCOUNTING..account_balance_loan acbl with(nolock)
				ON abl.loan_account_id = acbl.loan_account_id 
				AND abl.txn_date = acbl.txn_date
		LEFT JOIN (
					SELECT 
						loan_account_id,
						MAX(txn_date)txn_date 
					FROM 
						BSGACCOUNTING..account_balance_loan with(nolock)
					WHERE 
						txn_date <= @date 
					GROUP BY loan_account_id
				) abl1
				ON lar.loan_account_id = abl1.loan_account_id 
		LEFT JOIN BSGACCOUNTING..account_balance_loan acbl1 with(nolock)
				ON abl1.loan_account_id = acbl1.loan_account_id 
				AND abl1.txn_date = acbl1.txn_date
		LEFT OUTER JOIN (
			
		select 
				lrc.loan_account_id,	
		SUM(ISNULL(lrc.interest_amount,0) 
		- ISNULL(lrc.interest_received,0) + 
		ISNULL(lrc.od_int_accrual,0)
		- ISNULL(lrc.od_int_received,0) + 
		ISNULL(lrc.penal_int_accrual,0) 
		- ISNULL(lrc.penal_int_received,0)) due_amount
			from
			(select 
					loan_account_id,installment_no,MAX(id) id
				from	
					BSGACCOUNTING..loan_repayment_chart
				where
					due_date <= @date
					and is_active =1
					and full_installment_received = 0 GROUP BY loan_account_id, installment_no
			)a inner join BSGACCOUNTING..loan_repayment_chart lrc
				on lrc.loan_account_id = a.loan_account_id
				and lrc.installment_no = a.installment_no
					and lrc.id = a.id
			group by lrc.loan_account_id
		)bb on bb.loan_account_id = lam.loan_account_id
		WHERE 
			lar.recovery_type = @recoveryType
			and lpm.repayment_mode = 1
			and case 
				when ca.classification_id = 6 
				then acbl.available_balance - acbl.earmarked_amount 
				else acb.available_balance - acb.lien_amount
				end > 0 --- Debit Account should have balance
		) a
			)b where due_amount > 0


		insert into #auto_recovery_temptable
	select 
		debit_account_no,
		loan_account_id,
		debit_account_id,
		recovery_type,
		loan_account_no,
		classification_id,
		due_amount
	from
	(
	select 
		debit_account_no,
		loan_account_id,
		debit_account_id,
		recovery_type,
		loan_account_no,
		classification_id,
		case when due_amount < balance then due_amount else  balance end
		due_amount
	 from
	 (

	  SELECT 
		ca.account_no AS debit_account_no ,
		lar.loan_account_id,
		lar.debit_account_id, 
		lar.recovery_type,
		lam.loan_account_no, 
		ca.classification_id, 
	ISNULL(acbl1.interest_applied-acbl1.interest_paid,0) + ISNULL(acbl1.penal_interest_applied-acbl1.penal_interest_paid,0) + ISNULL(acbl1.charges_applied-acbl1.charges_paid,0) + ISNULL(acbl1.npa_charges_amount,0)	+ ISNULL(acbl1.npa_interest_amount,0) 
	+ ISNULL(acbl1.npa_penal_interest_amount,0) +  ISNULL(acbl1.npa_charges_amount ,0)  
		 due_amount ,
		case 
			when ca.classification_id = 6 
			then acbl.available_balance - acbl.earmarked_amount 
			else acb.available_balance - acb.lien_amount
		end  balance
	--  INTO #auto_recovery_temptable
      FROM 
		BSGLOAN..loan_auto_recovery lar with(nolock)
		INNER JOIN BSGLOAN..loan_account_master lam  with(nolock)
			ON lar.loan_account_id = lam.loan_account_id 
				and lam.is_active = 1
				and lam.loan_account_status <> 2
		inner join BSGLOAN..loan_product_master lpm
			on lpm.loan_product_id = lam.loan_product_id
				and lpm.is_active = 1
		INNER JOIN BSGCORE..customer_accounts ca  with(nolock)
			ON lar.debit_account_id = ca.account_id 
					AND ca.is_active = 1
		INNER JOIN BSGLOAN..loan_account_basic lab with(nolock)
			ON lar.loan_account_id = lab.loan_account_id
		LEFT JOIN (
					SELECT 
						account_id,
						MAX(txn_date)txn_date 
					FROM 
						BSGACCOUNTING..account_balance
					WHERE 
						txn_date <= @date 
						--AND is_active = 1 
					GROUP BY account_id
					) ab
			ON lar.debit_account_id = ab.account_id
		LEFT JOIN BSGACCOUNTING..account_balance acb with(nolock)
			ON ab.account_id = acb.account_id AND ab.txn_date = acb.txn_date
		LEFT JOIN (
					SELECT 
						loan_account_id,
						MAX(txn_date)txn_date 
					FROM 
						BSGACCOUNTING..account_balance_loan with(nolock)
					WHERE 
						txn_date <= @date 
					GROUP BY loan_account_id
				) abl
				ON lar.debit_account_id = abl.loan_account_id 
		LEFT JOIN BSGACCOUNTING..account_balance_loan acbl with(nolock)
				ON abl.loan_account_id = acbl.loan_account_id 
				AND abl.txn_date = acbl.txn_date
		LEFT JOIN (
					SELECT 
						loan_account_id,
						MAX(txn_date)txn_date 
					FROM 
						BSGACCOUNTING..account_balance_loan with(nolock)
					WHERE 
						txn_date <= @date 
					GROUP BY loan_account_id
				) abl1
				ON lar.loan_account_id = abl1.loan_account_id 
		LEFT JOIN BSGACCOUNTING..account_balance_loan acbl1 with(nolock)
				ON abl1.loan_account_id = acbl1.loan_account_id 
				AND abl1.txn_date = acbl1.txn_date
		WHERE 
			lar.recovery_type = @recoveryType
			
			and case 
				when ca.classification_id = 6 
				then acbl.available_balance - acbl.earmarked_amount 
				else acb.available_balance - acb.lien_amount
				end > 0 --- Debit Account should have balance
		) a

		)b where due_amount > 0

		
	






  END
  
  SELECT debit_account_no ,loan_account_id, debit_account_id, recovery_type, loan_account_no, classification_id, 
  due_amount FROM #auto_recovery_temptable 

END
"
22,loan_auto_recovery_sp_bkp_20230610,"-- =============================================
-- Author:		<Author,,Shubham Bhalerao>
-- Create date: <Create Date,,30/06/2022>
-- Description:	<Description,,loan_auto_recovery_sp>
-- =============================================
CREATE PROCEDURE [dbo].[loan_auto_recovery_sp_bkp_20230610] -- [loan_auto_recovery_sp] -- loan_auto_recovery_sp 3 ,'2023-06-05'
	@recoveryType int,
	@date datetime
AS
BEGIN

 -- return 1

DECLARE @overdueWithNpa int =	ISNULL((select config_value from BSGADMIN..cbs_config where config_key ='LOAN_OVERDUE_WITH_NPA_INTEREST' and is_active = 1),0)


CREATE TABLE #auto_recovery_temptable
(
	debit_account_no varchar(50),
	loan_account_id bigint,
	debit_account_id bigint,
	recovery_type int,
	loan_account_no varchar(50),
	classification_id int,
	due_amount decimal(18,2)
)
 
  IF (@recoveryType = 1)   -- moratorium
  BEGIN

     -- DROP TABLE IF EXISTS #auto_recovery_temptable
	 INSERT INTO #auto_recovery_temptable    
	select 
		debit_account_no,
		loan_account_id,
		debit_account_id,
		recovery_type,
		loan_account_no,
		classification_id,
		due_amount
	from
	( select 
		debit_account_no,
		loan_account_id,
		debit_account_id,
		recovery_type,
		loan_account_no,
		classification_id,
		case when due_amount < balance then due_amount else  balance end
		due_amount
	 from
	 (

	  SELECT 
		ca.account_no AS debit_account_no ,
		lar.loan_account_id,
		lar.debit_account_id, 
		lar.recovery_type,
		lam.loan_account_no, 
		ca.classification_id, 
		bb.due_amount AS due_amount ,
		case 
			when ca.classification_id = 6 
			then acbl.available_balance - acbl.earmarked_amount 
			else acb.available_balance - acb.lien_amount
		end  balance
	--  INTO #auto_recovery_temptable
      FROM 
		BSGLOAN..loan_auto_recovery lar with(nolock)
		INNER JOIN BSGLOAN..loan_account_master lam  with(nolock)
			ON lar.loan_account_id = lam.loan_account_id 
				and lam.is_active = 1
				and lam.loan_account_status <> 2
		INNER JOIN BSGCORE..customer_accounts ca  with(nolock)
			ON lar.debit_account_id = ca.account_id 
					AND ca.is_active = 1
		INNER JOIN BSGLOAN..loan_account_basic lab with(nolock)
			ON lar.loan_account_id = lab.loan_account_id
				and lab.is_active =1
		LEFT JOIN (
					SELECT 
						account_id,
						MAX(txn_date)txn_date 
					FROM 
						BSGACCOUNTING..account_balance with(nolock)
					WHERE 
						txn_date <= @date 
						--AND is_active = 1 
					GROUP BY account_id
					) ab
			ON lar.debit_account_id = ab.account_id
		LEFT JOIN BSGACCOUNTING..account_balance acb with(nolock)
			ON ab.account_id = acb.account_id AND ab.txn_date = acb.txn_date
		LEFT JOIN (
					SELECT 
						loan_account_id,
						MAX(txn_date)txn_date 
					FROM 
						BSGACCOUNTING..account_balance_loan with(nolock)
					WHERE 
						txn_date <= @date 
					GROUP BY loan_account_id
				) abl
				ON lar.debit_account_id = abl.loan_account_id 
		LEFT JOIN BSGACCOUNTING..account_balance_loan acbl with(nolock)
				ON abl.loan_account_id = acbl.loan_account_id 
				AND abl.txn_date = acbl.txn_date
		LEFT OUTER JOIN (
			
			select 
				lrc.loan_account_id,	
				SUM(ISNULL(lrc.interest_amount,0) 
				- ISNULL(lrc.interest_received,0) + 
				ISNULL(lrc.od_int_accrual,0)
				- ISNULL(lrc.od_int_received,0) + 
				ISNULL(lrc.penal_int_accrual,0) 
				- ISNULL(lrc.penal_int_received,0)) due_amount
			from
			(select 
					loan_account_id,installment_no,MAX(id) id
				from	
					BSGACCOUNTING..loan_repayment_chart with(nolock)
				where
					due_date <= @date
				 GROUP BY loan_account_id, installment_no
			)a inner join BSGACCOUNTING..loan_repayment_chart lrc with(nolock)
				on lrc.loan_account_id = a.loan_account_id
				and lrc.installment_no = a.installment_no
					and lrc.id = a.id
					and is_active =1
					and full_installment_received = 0
			group by lrc.loan_account_id
		)bb on bb.loan_account_id = lam.loan_account_id
		WHERE 
			lar.recovery_type = @recoveryType
				and lar.is_active = 1
			AND cast(installment_start_date as date) <  @date 
			and case 
				when ca.classification_id = 6 
				then acbl.available_balance - acbl.earmarked_amount 
				else acb.available_balance - acb.lien_amount
				end > 0 --- Debit Account should have balance
		) a
			)b where due_amount > 0
			
	 

  END
 

--IF @recoveryType = 2 -- Interest as and when 
--   BEGIN

   
			

--	END
  
 
IF  @recoveryType = 3 -- Overdue
  BEGIN 
    insert into #auto_recovery_temptable
	select 
		debit_account_no,
		loan_account_id,
		debit_account_id,
		recovery_type,
		loan_account_no,
		classification_id,
		due_amount
	from
	( select 
		debit_account_no,
		loan_account_id,
		debit_account_id,
		recovery_type,
		loan_account_no,
		classification_id,
		case when 
			(case when total_oustanding < due_amount 
			 then total_oustanding else due_amount end 
			)
		< balance then (case when total_oustanding < due_amount
		then total_oustanding else due_amount end) 
			else  balance end
		due_amount
	 from
	 (

	  SELECT 
		ca.account_no AS debit_account_no ,
		lar.loan_account_id,
		lar.debit_account_id, 
		lar.recovery_type,
		lam.loan_account_no, 
		ca.classification_id, 
		ISNULL(case when acbl1.checker_clear_balance > 0 then 0 else
			(acbl1.checker_clear_balance) *-1 end,0) + 
			ISNULL(acbl1.npa_interest_amount,0)
			+ISNULL(acbl1.npa_penal_interest_amount,0)
			+ISNULL(acbl1.npa_charges_amount,0) total_oustanding,
		ISNULL(due_amount,0) +
		ISNULL(acbl1.charges_applied-acbl1.charges_paid,0) + ISNULL(acbl1.npa_charges_amount,0)
		AS due_amount ,
		case 
			when ca.classification_id = 6 
			then acbl.available_balance - acbl.earmarked_amount 
			else acb.available_balance - acb.lien_amount
		end  balance
	--  INTO #auto_recovery_temptable
      FROM 
		BSGLOAN..loan_auto_recovery lar with(nolock)
		INNER JOIN BSGLOAN..loan_account_master lam  with(nolock)
			ON lar.loan_account_id = lam.loan_account_id 
				and lam.is_active = 1
				and lam.loan_account_status <> 2
		inner join BSGLOAN..loan_product_master lpm with(nolock)
			on lpm.loan_product_id = lam.loan_product_id
				and lpm.is_active = 1
		INNER JOIN BSGCORE..customer_accounts ca  with(nolock)
			ON lar.debit_account_id = ca.account_id 
					AND ca.is_active = 1
		INNER JOIN BSGLOAN..loan_account_basic lab with(nolock)
			ON lar.loan_account_id = lab.loan_account_id
				and lab.is_active =1
		LEFT JOIN (
					SELECT 
						account_id,
						MAX(txn_date)txn_date 
					FROM 
						BSGACCOUNTING..account_balance with(nolock)
					WHERE 
						txn_date <= @date 
						--AND is_active = 1 
					GROUP BY account_id
					) ab
			ON lar.debit_account_id = ab.account_id
		LEFT JOIN BSGACCOUNTING..account_balance acb with(nolock)
			ON ab.account_id = acb.account_id AND ab.txn_date = acb.txn_date
		LEFT JOIN (
					SELECT 
						loan_account_id,
						MAX(txn_date)txn_date 
					FROM 
						BSGACCOUNTING..account_balance_loan with(nolock)
					WHERE 
						txn_date <= @date 
					GROUP BY loan_account_id
				) abl
				ON lar.debit_account_id = abl.loan_account_id 
		LEFT JOIN BSGACCOUNTING..account_balance_loan acbl with(nolock)
				ON abl.loan_account_id = acbl.loan_account_id 
				AND abl.txn_date = acbl.txn_date
		LEFT JOIN (
					SELECT 
						loan_account_id,
						MAX(txn_date)txn_date 
					FROM 
						BSGACCOUNTING..account_balance_loan with(nolock)
					WHERE 
						txn_date <= @date 
					GROUP BY loan_account_id
				) abl1
				ON lar.loan_account_id = abl1.loan_account_id 
		LEFT JOIN BSGACCOUNTING..account_balance_loan acbl1 with(nolock)
				ON abl1.loan_account_id = acbl1.loan_account_id 
				AND abl1.txn_date = acbl1.txn_date
		LEFT OUTER JOIN (
			
		select 
				lrc.loan_account_id,	
		SUM(ISNULL(lrc.principal_amount,0) 
		- ISNULL(lrc.principal_received,0) +
		ISNULL(lrc.interest_amount,0) 
		- ISNULL(lrc.interest_received,0) + 
		ISNULL(lrc.od_int_accrual,0)
		- ISNULL(lrc.od_int_received,0) + 
		ISNULL(lrc.penal_int_accrual,0) 
		- ISNULL(lrc.penal_int_received,0)) due_amount
			from
			(select 
					loan_account_id,installment_no,MAX(id) id
				from	
					BSGACCOUNTING..loan_repayment_chart with(nolock)
				where
					due_date <= @date
					 GROUP BY loan_account_id, installment_no
			)a inner join BSGACCOUNTING..loan_repayment_chart lrc with(nolock)
				on lrc.loan_account_id = a.loan_account_id
				and lrc.installment_no = a.installment_no
					and lrc.id = a.id
					and is_active =1
					and full_installment_received = 0
			group by lrc.loan_account_id
		)bb on bb.loan_account_id = lam.loan_account_id
		WHERE 
			lar.recovery_type = @recoveryType
			and lar.is_active = 1
			and lpm.repayment_mode = 1
			and case 
				when ca.classification_id = 6 
				then acbl.available_balance - acbl.earmarked_amount 
				else acb.available_balance - acb.lien_amount
				end > 0 --- Debit Account should have balance
		) a
			)b where due_amount > 0


		insert into #auto_recovery_temptable
		select 
		debit_account_no,
		loan_account_id,
		debit_account_id,
		recovery_type,
		loan_account_no,
		classification_id,
		due_amount
	from
	(select 
		debit_account_no,
		loan_account_id,
		debit_account_id,
		recovery_type,
		loan_account_no,
		classification_id,
		case when due_amount < balance then due_amount else  balance end
		due_amount
	 from
	 (

	  SELECT 
		ca.account_no AS debit_account_no ,
		lar.loan_account_id,
		lar.debit_account_id, 
		lar.recovery_type,
		lam.loan_account_no, 
		ca.classification_id, 
		acbl1.overdue_amount + case when @overdueWithNpa = 1  then 0 else ISNULL(acbl1.npa_interest_amount,0) 
	+ ISNULL(acbl1.npa_penal_interest_amount,0) +  ISNULL(acbl1.npa_charges_amount ,0)  end
		 due_amount ,
		case 
			when ca.classification_id = 6 
			then acbl.available_balance - acbl.earmarked_amount 
			else acb.available_balance - acb.lien_amount
		end  balance
	--  INTO #auto_recovery_temptable
      FROM 
		BSGLOAN..loan_auto_recovery lar with(nolock)
		INNER JOIN BSGLOAN..loan_account_master lam  with(nolock)
			ON lar.loan_account_id = lam.loan_account_id 
				and lam.is_active = 1
				and lam.loan_account_status <> 2
		inner join BSGLOAN..loan_product_master lpm
			on lpm.loan_product_id = lam.loan_product_id
				and lpm.is_active = 1
		INNER JOIN BSGCORE..customer_accounts ca  with(nolock)
			ON lar.debit_account_id = ca.account_id 
					AND ca.is_active = 1
		INNER JOIN BSGLOAN..loan_account_basic lab with(nolock)
			ON lar.loan_account_id = lab.loan_account_id
				and lab.is_active =1
		LEFT JOIN (
					SELECT 
						account_id,
						MAX(txn_date)txn_date 
					FROM 
						BSGACCOUNTING..account_balance with(nolock)
					WHERE 
						txn_date <= @date 
						--AND is_active = 1 
					GROUP BY account_id
					) ab
			ON lar.debit_account_id = ab.account_id
		LEFT JOIN BSGACCOUNTING..account_balance acb with(nolock)
			ON ab.account_id = acb.account_id AND ab.txn_date = acb.txn_date
		LEFT JOIN (
					SELECT 
						loan_account_id,
						MAX(txn_date)txn_date 
					FROM 
						BSGACCOUNTING..account_balance_loan with(nolock)
					WHERE 
						txn_date <= @date 
					GROUP BY loan_account_id
				) abl
				ON lar.debit_account_id = abl.loan_account_id 
		LEFT JOIN BSGACCOUNTING..account_balance_loan acbl with(nolock)
				ON abl.loan_account_id = acbl.loan_account_id 
				AND abl.txn_date = acbl.txn_date
		LEFT JOIN (
					SELECT 
						loan_account_id,
						MAX(txn_date)txn_date 
					FROM 
						BSGACCOUNTING..account_balance_loan with(nolock)
					WHERE 
						txn_date <= @date 
					GROUP BY loan_account_id
				) abl1
				ON lar.loan_account_id = abl1.loan_account_id 
		LEFT JOIN BSGACCOUNTING..account_balance_loan acbl1 with(nolock)
				ON abl1.loan_account_id = acbl1.loan_account_id 
				AND abl1.txn_date = acbl1.txn_date
		WHERE 
			lar.recovery_type = @recoveryType
			and lar.is_active = 1
			and lpm.repayment_mode <> 1
			and case 
				when ca.classification_id = 6 
				then acbl.available_balance - acbl.earmarked_amount 
				else acb.available_balance - acb.lien_amount
				end > 0 --- Debit Account should have balance
		) a
			)b where due_amount > 0


		
	


  END
  
  
IF(@recoveryType = 4) -- Interest Recovery
  BEGIN
 
    insert into #auto_recovery_temptable
	select 
		debit_account_no,
		loan_account_id,
		debit_account_id,
		recovery_type,
		loan_account_no,
		classification_id,
		due_amount
	from
	( select 
		debit_account_no,
		loan_account_id,
		debit_account_id,
		recovery_type,
		loan_account_no,
		classification_id,
		case when due_amount < balance then due_amount else  balance end
		due_amount
	 from
	 (

	  SELECT 
		ca.account_no AS debit_account_no ,
		lar.loan_account_id,
		lar.debit_account_id, 
		lar.recovery_type,
		lam.loan_account_no, 
		ca.classification_id, 
		due_amount + 
		ISNULL(acbl1.charges_applied-acbl1.charges_paid,0) + ISNULL(acbl1.npa_charges_amount,0)
		AS due_amount ,
		case 
			when ca.classification_id = 6 
			then acbl.available_balance - acbl.earmarked_amount 
			else acb.available_balance - acb.lien_amount
		end  balance
	--  INTO #auto_recovery_temptable
      FROM 
		BSGLOAN..loan_auto_recovery lar with(nolock)
		INNER JOIN BSGLOAN..loan_account_master lam  with(nolock)
			ON lar.loan_account_id = lam.loan_account_id 
				and lam.is_active = 1
				and lam.loan_account_status <> 2
		inner join BSGLOAN..loan_product_master lpm with(nolock)
			on lpm.loan_product_id = lam.loan_product_id
				and lpm.is_active = 1
		INNER JOIN BSGCORE..customer_accounts ca  with(nolock)
			ON lar.debit_account_id = ca.account_id 
					AND ca.is_active = 1
		INNER JOIN BSGLOAN..loan_account_basic lab with(nolock)
			ON lar.loan_account_id = lab.loan_account_id
				and lab.is_active =1
		LEFT JOIN (
					SELECT 
						account_id,
						MAX(txn_date)txn_date 
					FROM 
						BSGACCOUNTING..account_balance with(nolock)
					WHERE 
						txn_date <= @date 
						--AND is_active = 1 
					GROUP BY account_id
					) ab
			ON lar.debit_account_id = ab.account_id
		LEFT JOIN BSGACCOUNTING..account_balance acb with(nolock)
			ON ab.account_id = acb.account_id AND ab.txn_date = acb.txn_date
		LEFT JOIN (
					SELECT 
						loan_account_id,
						MAX(txn_date)txn_date  
					FROM 
						BSGACCOUNTING..account_balance_loan with(nolock)
					WHERE 
						txn_date <= @date 
					GROUP BY loan_account_id
				) abl
				ON lar.debit_account_id = abl.loan_account_id 
		LEFT JOIN BSGACCOUNTING..account_balance_loan acbl with(nolock)
				ON abl.loan_account_id = acbl.loan_account_id 
				AND abl.txn_date = acbl.txn_date
		LEFT JOIN (
					SELECT 
						loan_account_id,
						MAX(txn_date)txn_date 
					FROM 
						BSGACCOUNTING..account_balance_loan with(nolock)
					WHERE 
						txn_date <= @date 
					GROUP BY loan_account_id
				) abl1
				ON lar.loan_account_id = abl1.loan_account_id 
		LEFT JOIN BSGACCOUNTING..account_balance_loan acbl1 with(nolock)
				ON abl1.loan_account_id = acbl1.loan_account_id 
				AND abl1.txn_date = acbl1.txn_date
		LEFT OUTER JOIN (
			
		select 
				lrc.loan_account_id,	
		SUM(ISNULL(lrc.interest_amount,0) 
		- ISNULL(lrc.interest_received,0) + 
		ISNULL(lrc.od_int_accrual,0)
		- ISNULL(lrc.od_int_received,0) + 
		ISNULL(lrc.penal_int_accrual,0) 
		- ISNULL(lrc.penal_int_received,0)) due_amount
			from
			(select 
					loan_account_id,installment_no,MAX(id) id
				from	
					BSGACCOUNTING..loan_repayment_chart with(nolock)
				where
					due_date <= @date
					 GROUP BY loan_account_id, installment_no
			)a inner join BSGACCOUNTING..loan_repayment_chart lrc with(nolock)
				on lrc.loan_account_id = a.loan_account_id
				and lrc.installment_no = a.installment_no
					and lrc.id = a.id
					and is_active =1
					and full_installment_received = 0
			group by lrc.loan_account_id
		)bb on bb.loan_account_id = lam.loan_account_id
		WHERE 
			lar.recovery_type = @recoveryType
				and lar.is_active = 1
			and lpm.repayment_mode = 1
			and case 
				when ca.classification_id = 6 
				then acbl.available_balance - acbl.earmarked_amount 
				else acb.available_balance - acb.lien_amount
				end > 0 --- Debit Account should have balance
		) a
			)b where due_amount > 0


		insert into #auto_recovery_temptable
	select 
		debit_account_no,
		loan_account_id,
		debit_account_id,
		recovery_type,
		loan_account_no,
		classification_id,
		due_amount
	from
	(
	select 
		debit_account_no,
		loan_account_id,
		debit_account_id,
		recovery_type,
		loan_account_no,
		classification_id,
		case when due_amount < balance then due_amount else  balance end
		due_amount
	 from
	 (

	  SELECT 
		ca.account_no AS debit_account_no ,
		lar.loan_account_id,
		lar.debit_account_id, 
		lar.recovery_type,
		lam.loan_account_no, 
		ca.classification_id, 
	ISNULL(acbl1.interest_applied-acbl1.interest_paid,0) + ISNULL(acbl1.penal_interest_applied-acbl1.penal_interest_paid,0) + ISNULL(acbl1.charges_applied-acbl1.charges_paid,0) + ISNULL(acbl1.npa_charges_amount,0)	+ ISNULL(acbl1.npa_interest_amount,0) 
	+ ISNULL(acbl1.npa_penal_interest_amount,0) +  ISNULL(acbl1.npa_charges_amount ,0)  
		 due_amount ,
		case 
			when ca.classification_id = 6 
			then acbl.available_balance - acbl.earmarked_amount 
			else acb.available_balance - acb.lien_amount
		end  balance
	--  INTO #auto_recovery_temptable
      FROM 
		BSGLOAN..loan_auto_recovery lar with(nolock)
		INNER JOIN BSGLOAN..loan_account_master lam  with(nolock)
			ON lar.loan_account_id = lam.loan_account_id 
				and lam.is_active = 1
				and lam.loan_account_status <> 2
		inner join BSGLOAN..loan_product_master lpm with(nolock)
			on lpm.loan_product_id = lam.loan_product_id
				and lpm.is_active = 1
		INNER JOIN BSGCORE..customer_accounts ca  with(nolock)
			ON lar.debit_account_id = ca.account_id 
					AND ca.is_active = 1
		INNER JOIN BSGLOAN..loan_account_basic lab with(nolock)
			ON lar.loan_account_id = lab.loan_account_id
		LEFT JOIN (
					SELECT 
						account_id,
						MAX(txn_date)txn_date 
					FROM  
						BSGACCOUNTING..account_balance with(nolock)
					WHERE 
						txn_date <= @date 
						--AND is_active = 1 
					GROUP BY account_id
					) ab
			ON lar.debit_account_id = ab.account_id
		LEFT JOIN BSGACCOUNTING..account_balance acb with(nolock)
			ON ab.account_id = acb.account_id AND ab.txn_date = acb.txn_date
		LEFT JOIN (
					SELECT 
						loan_account_id,
						MAX(txn_date)txn_date 
					FROM 
						BSGACCOUNTING..account_balance_loan with(nolock)
					WHERE 
						txn_date <= @date 
					GROUP BY loan_account_id
				) abl
				ON lar.debit_account_id = abl.loan_account_id 
		LEFT JOIN BSGACCOUNTING..account_balance_loan acbl with(nolock)
				ON abl.loan_account_id = acbl.loan_account_id 
				AND abl.txn_date = acbl.txn_date
		LEFT JOIN (
					SELECT 
						loan_account_id,
						MAX(txn_date)txn_date 
					FROM 
						BSGACCOUNTING..account_balance_loan with(nolock)
					WHERE 
						txn_date <= @date 
					GROUP BY loan_account_id
				) abl1
				ON lar.loan_account_id = abl1.loan_account_id 
		LEFT JOIN BSGACCOUNTING..account_balance_loan acbl1 with(nolock)
				ON abl1.loan_account_id = acbl1.loan_account_id 
				AND abl1.txn_date = acbl1.txn_date
		WHERE 
			lar.recovery_type = @recoveryType
				and lar.is_active = 1
			
			and case 
				when ca.classification_id = 6 
				then acbl.available_balance - acbl.earmarked_amount 
				else acb.available_balance - acb.lien_amount
				end > 0 --- Debit Account should have balance
		) a

		)b where due_amount > 0

		
	






  END
  
  SELECT debit_account_no ,loan_account_id, debit_account_id, recovery_type, loan_account_no, classification_id, 
  due_amount FROM #auto_recovery_temptable 
  
END
"
23,loan_auto_recovery_sp_bkp_20231220,"-- =============================================
-- Author:		<Author,,Shubham Bhalerao>
-- Create date: <Create Date,,30/06/2022>
-- Description:	<Description,,loan_auto_recovery_sp>
-- =============================================
CREATE PROCEDURE [dbo].[loan_auto_recovery_sp] -- [loan_auto_recovery_sp] -- loan_auto_recovery_sp 3 ,'2023-06-05'
	@recoveryType int,
	@date datetime,
	@executionType int = 1
AS
BEGIN

 -- return 1

DECLARE @overdueWithNpa int =	ISNULL((select config_value from BSGADMIN..cbs_config where config_key ='LOAN_OVERDUE_WITH_NPA_INTEREST' and is_active = 1),0)


CREATE TABLE #auto_recovery_temptable
(
	debit_account_no varchar(50),
	loan_account_id bigint,
	debit_account_id bigint,
	recovery_type int,
	loan_account_no varchar(50),
	classification_id int,
	due_amount decimal(18,2)
)
 
  IF (@recoveryType = 1)   -- moratorium
  BEGIN
  if(@executionType = 1)
		BEGIN
     -- DROP TABLE IF EXISTS #auto_recovery_temptable
	 INSERT INTO #auto_recovery_temptable    
	select 
		debit_account_no,
		loan_account_id,
		debit_account_id,
		recovery_type,
		loan_account_no,
		classification_id,
		due_amount
	from
	( select 
		debit_account_no,
		loan_account_id,
		debit_account_id,
		recovery_type,
		loan_account_no,
		classification_id,
		case when due_amount < balance then due_amount else  balance end
		due_amount
	 from
	 (

	  SELECT 
		ca.account_no AS debit_account_no ,
		lar.loan_account_id,
		lar.debit_account_id, 
		lar.recovery_type,
		lam.loan_account_no, 
		ca.classification_id, 
		bb.due_amount AS due_amount ,
		case 
			when ca.classification_id = 6 
			then acbl.available_balance - acbl.earmarked_amount 
			else acb.available_balance - acb.lien_amount
		end  balance
	--  INTO #auto_recovery_temptable
      FROM 
		BSGLOAN..loan_auto_recovery lar with(nolock)
		INNER JOIN BSGLOAN..loan_account_master lam  with(nolock)
			ON lar.loan_account_id = lam.loan_account_id 
				and lam.is_active = 1
				and lam.loan_account_status <> 2
		INNER JOIN BSGCORE..customer_accounts ca  with(nolock)
			ON lar.debit_account_id = ca.account_id 
					AND ca.is_active = 1
		INNER JOIN BSGLOAN..loan_account_basic lab with(nolock)
			ON lar.loan_account_id = lab.loan_account_id
				and lab.is_active =1
		LEFT JOIN (
					SELECT 
						account_id,
						MAX(txn_date)txn_date 
					FROM 
						BSGACCOUNTING..account_balance with(nolock)
					WHERE 
						txn_date <= @date 
						--AND is_active = 1 
					GROUP BY account_id
					) ab
			ON lar.debit_account_id = ab.account_id
		LEFT JOIN BSGACCOUNTING..account_balance acb with(nolock)
			ON ab.account_id = acb.account_id AND ab.txn_date = acb.txn_date
		LEFT JOIN (
					SELECT 
						loan_account_id,
						MAX(txn_date)txn_date 
					FROM 
						BSGACCOUNTING..account_balance_loan with(nolock)
					WHERE 
						txn_date <= @date 
					GROUP BY loan_account_id
				) abl
				ON lar.debit_account_id = abl.loan_account_id 
		LEFT JOIN BSGACCOUNTING..account_balance_loan acbl with(nolock)
				ON abl.loan_account_id = acbl.loan_account_id 
				AND abl.txn_date = acbl.txn_date
		LEFT OUTER JOIN (
			
			select 
				lrc.loan_account_id,	
				SUM(ISNULL(lrc.interest_amount,0) 
				- ISNULL(lrc.interest_received,0) + 
				ISNULL(lrc.od_int_accrual,0)
				- ISNULL(lrc.od_int_received,0) + 
				ISNULL(lrc.penal_int_accrual,0) 
				- ISNULL(lrc.penal_int_received,0)) due_amount
			from
			(select 
					loan_account_id,installment_no,MAX(id) id
				from	
					BSGACCOUNTING..loan_repayment_chart with(nolock)
				where
					due_date <= @date
				 GROUP BY loan_account_id, installment_no
			)a inner join BSGACCOUNTING..loan_repayment_chart lrc with(nolock)
				on lrc.loan_account_id = a.loan_account_id
				and lrc.installment_no = a.installment_no
					and lrc.id = a.id
					and is_active =1
					and full_installment_received = 0
			group by lrc.loan_account_id
		)bb on bb.loan_account_id = lam.loan_account_id
		WHERE 
			lar.recovery_type = @recoveryType
				and lar.is_active = 1
			AND cast(installment_start_date as date) <  @date 
			and case 
				when ca.classification_id = 6 
				then acbl.available_balance - acbl.earmarked_amount 
				else acb.available_balance - acb.lien_amount
				end > 0 --- Debit Account should have balance
		) a
			)b where due_amount > 0
			
	 END

  END
 

--IF @recoveryType = 2 -- Interest as and when 
--   BEGIN

   
			

--	END
  
 
IF  @recoveryType = 3 -- Overdue
  BEGIN 
    insert into #auto_recovery_temptable
	select 
		debit_account_no,
		loan_account_id,
		debit_account_id,
		recovery_type,
		loan_account_no,
		classification_id,
		due_amount
	from
	( select 
		debit_account_no,
		loan_account_id,
		debit_account_id,
		recovery_type,
		loan_account_no,
		classification_id,
		case when 
			(case when total_oustanding < due_amount 
			 then total_oustanding else due_amount end 
			)
		< balance then (case when total_oustanding < due_amount
		then total_oustanding else due_amount end) 
			else  balance end
		due_amount
	 from
	 (

	  SELECT 
		ca.account_no AS debit_account_no ,
		lar.loan_account_id,
		lar.debit_account_id, 
		lar.recovery_type,
		lam.loan_account_no, 
		ca.classification_id, 
		ISNULL(case when acbl1.checker_clear_balance > 0 then 0 else
			(acbl1.checker_clear_balance) *-1 end,0) + 
			ISNULL(acbl1.npa_interest_amount,0)
			+ISNULL(acbl1.npa_penal_interest_amount,0)
			+ISNULL(acbl1.npa_charges_amount,0) total_oustanding,
		ISNULL(due_amount,0) +
		ISNULL(acbl1.charges_applied-acbl1.charges_paid,0) + ISNULL(acbl1.npa_charges_amount,0)
		AS due_amount ,
		case 
			when ca.classification_id = 6 
			then acbl.available_balance - acbl.earmarked_amount 
			else acb.available_balance - acb.lien_amount
		end  balance
	--  INTO #auto_recovery_temptable
      FROM 
		BSGLOAN..loan_auto_recovery lar with(nolock)
		INNER JOIN BSGLOAN..loan_account_master lam  with(nolock)
			ON lar.loan_account_id = lam.loan_account_id 
				and lam.is_active = 1
				and lam.loan_account_status <> 2
		inner join BSGLOAN..loan_product_master lpm with(nolock)
			on lpm.loan_product_id = lam.loan_product_id
				and lpm.is_active = 1
		INNER JOIN BSGCORE..customer_accounts ca  with(nolock)
			ON lar.debit_account_id = ca.account_id 
					AND ca.is_active = 1
		INNER JOIN BSGLOAN..loan_account_basic lab with(nolock)
			ON lar.loan_account_id = lab.loan_account_id
				and lab.is_active =1
		LEFT JOIN (
					SELECT 
						account_id,
						MAX(txn_date)txn_date 
					FROM 
						BSGACCOUNTING..account_balance with(nolock)
					WHERE 
						txn_date <= @date 
						--AND is_active = 1 
					GROUP BY account_id
					) ab
			ON lar.debit_account_id = ab.account_id
		LEFT JOIN BSGACCOUNTING..account_balance acb with(nolock)
			ON ab.account_id = acb.account_id AND ab.txn_date = acb.txn_date
		LEFT JOIN (
					SELECT 
						loan_account_id,
						MAX(txn_date)txn_date 
					FROM 
						BSGACCOUNTING..account_balance_loan with(nolock)
					WHERE 
						txn_date <= @date 
					GROUP BY loan_account_id
				) abl
				ON lar.debit_account_id = abl.loan_account_id 
		LEFT JOIN BSGACCOUNTING..account_balance_loan acbl with(nolock)
				ON abl.loan_account_id = acbl.loan_account_id 
				AND abl.txn_date = acbl.txn_date
		LEFT JOIN (
					SELECT 
						loan_account_id,
						MAX(txn_date)txn_date 
					FROM 
						BSGACCOUNTING..account_balance_loan with(nolock)
					WHERE 
						txn_date <= @date 
					GROUP BY loan_account_id
				) abl1
				ON lar.loan_account_id = abl1.loan_account_id 
		LEFT JOIN BSGACCOUNTING..account_balance_loan acbl1 with(nolock)
				ON abl1.loan_account_id = acbl1.loan_account_id 
				AND abl1.txn_date = acbl1.txn_date
		LEFT OUTER JOIN (
			
		select 
				lrc.loan_account_id,	
		SUM(ISNULL(lrc.principal_amount,0) 
		- ISNULL(lrc.principal_received,0) +
		ISNULL(lrc.interest_amount,0) 
		- ISNULL(lrc.interest_received,0) + 
		ISNULL(lrc.od_int_accrual,0)
		- ISNULL(lrc.od_int_received,0) + 
		ISNULL(lrc.penal_int_accrual,0) 
		- ISNULL(lrc.penal_int_received,0)) due_amount
			from
			(select 
					loan_account_id,installment_no,MAX(id) id
				from	
					BSGACCOUNTING..loan_repayment_chart with(nolock)
				where
					due_date <= @date
					 GROUP BY loan_account_id, installment_no
			)a inner join BSGACCOUNTING..loan_repayment_chart lrc with(nolock)
				on lrc.loan_account_id = a.loan_account_id
				and lrc.installment_no = a.installment_no
					and lrc.id = a.id
					and is_active =1
					and full_installment_received = 0
			group by lrc.loan_account_id
		)bb on bb.loan_account_id = lam.loan_account_id
		WHERE 
			lar.recovery_type = @recoveryType
			and lar.is_active = 1
			and lpm.repayment_mode = 1
			and case 
				when ca.classification_id = 6 
				then acbl.available_balance - acbl.earmarked_amount 
				else acb.available_balance - acb.lien_amount
				end > 0 --- Debit Account should have balance
		) a
			)b where due_amount > 0

		if(@executionType = 1)
		BEGIN
		insert into #auto_recovery_temptable
		select 
		debit_account_no,
		loan_account_id,
		debit_account_id,
		recovery_type,
		loan_account_no,
		classification_id,
		due_amount
	from
	(select 
		debit_account_no,
		loan_account_id,
		debit_account_id,
		recovery_type,
		loan_account_no,
		classification_id,
		case when due_amount < balance then due_amount else  balance end
		due_amount
	 from
	 (

	  SELECT 
		ca.account_no AS debit_account_no ,
		lar.loan_account_id,
		lar.debit_account_id, 
		lar.recovery_type,
		lam.loan_account_no, 
		ca.classification_id, 
		acbl1.overdue_amount + case when @overdueWithNpa = 1  then 0 else ISNULL(acbl1.npa_interest_amount,0) 
	+ ISNULL(acbl1.npa_penal_interest_amount,0) +  ISNULL(acbl1.npa_charges_amount ,0)  end
		 due_amount ,
		case 
			when ca.classification_id = 6 
			then acbl.available_balance - acbl.earmarked_amount 
			else acb.available_balance - acb.lien_amount
		end  balance
	--  INTO #auto_recovery_temptable
      FROM 
		BSGLOAN..loan_auto_recovery lar with(nolock)
		INNER JOIN BSGLOAN..loan_account_master lam  with(nolock)
			ON lar.loan_account_id = lam.loan_account_id 
				and lam.is_active = 1
				and lam.loan_account_status <> 2
		inner join BSGLOAN..loan_product_master lpm
			on lpm.loan_product_id = lam.loan_product_id
				and lpm.is_active = 1
		INNER JOIN BSGCORE..customer_accounts ca  with(nolock)
			ON lar.debit_account_id = ca.account_id 
					AND ca.is_active = 1
		INNER JOIN BSGLOAN..loan_account_basic lab with(nolock)
			ON lar.loan_account_id = lab.loan_account_id
				and lab.is_active =1
		LEFT JOIN (
					SELECT 
						account_id,
						MAX(txn_date)txn_date 
					FROM 
						BSGACCOUNTING..account_balance with(nolock)
					WHERE 
						txn_date <= @date 
						--AND is_active = 1 
					GROUP BY account_id
					) ab
			ON lar.debit_account_id = ab.account_id
		LEFT JOIN BSGACCOUNTING..account_balance acb with(nolock)
			ON ab.account_id = acb.account_id AND ab.txn_date = acb.txn_date
		LEFT JOIN (
					SELECT 
						loan_account_id,
						MAX(txn_date)txn_date 
					FROM 
						BSGACCOUNTING..account_balance_loan with(nolock)
					WHERE 
						txn_date <= @date 
					GROUP BY loan_account_id
				) abl
				ON lar.debit_account_id = abl.loan_account_id 
		LEFT JOIN BSGACCOUNTING..account_balance_loan acbl with(nolock)
				ON abl.loan_account_id = acbl.loan_account_id 
				AND abl.txn_date = acbl.txn_date
		LEFT JOIN (
					SELECT 
						loan_account_id,
						MAX(txn_date)txn_date 
					FROM 
						BSGACCOUNTING..account_balance_loan with(nolock)
					WHERE 
						txn_date <= @date 
					GROUP BY loan_account_id
				) abl1
				ON lar.loan_account_id = abl1.loan_account_id 
		LEFT JOIN BSGACCOUNTING..account_balance_loan acbl1 with(nolock)
				ON abl1.loan_account_id = acbl1.loan_account_id 
				AND abl1.txn_date = acbl1.txn_date
		WHERE 
			lar.recovery_type = @recoveryType
			and lar.is_active = 1
			and lpm.repayment_mode <> 1
			and case 
				when ca.classification_id = 6 
				then acbl.available_balance - acbl.earmarked_amount 
				else acb.available_balance - acb.lien_amount
				end > 0 --- Debit Account should have balance
		) a
			)b where due_amount > 0


		END
	


  END
  
  
IF(@recoveryType = 4) -- Interest Recovery
  BEGIN
 if(@executionType = 1)
		BEGIN
    insert into #auto_recovery_temptable
	select 
		debit_account_no,
		loan_account_id,
		debit_account_id,
		recovery_type,
		loan_account_no,
		classification_id,
		due_amount
	from
	( select 
		debit_account_no,
		loan_account_id,
		debit_account_id,
		recovery_type,
		loan_account_no,
		classification_id,
		case when due_amount < balance then due_amount else  balance end
		due_amount
	 from
	 (

	  SELECT 
		ca.account_no AS debit_account_no ,
		lar.loan_account_id,
		lar.debit_account_id, 
		lar.recovery_type,
		lam.loan_account_no, 
		ca.classification_id, 
		due_amount + 
		ISNULL(acbl1.charges_applied-acbl1.charges_paid,0) + ISNULL(acbl1.npa_charges_amount,0)
		AS due_amount ,
		case 
			when ca.classification_id = 6 
			then acbl.available_balance - acbl.earmarked_amount 
			else acb.available_balance - acb.lien_amount
		end  balance
	--  INTO #auto_recovery_temptable
      FROM 
		BSGLOAN..loan_auto_recovery lar with(nolock)
		INNER JOIN BSGLOAN..loan_account_master lam  with(nolock)
			ON lar.loan_account_id = lam.loan_account_id 
				and lam.is_active = 1
				and lam.loan_account_status <> 2
		inner join BSGLOAN..loan_product_master lpm with(nolock)
			on lpm.loan_product_id = lam.loan_product_id
				and lpm.is_active = 1
		INNER JOIN BSGCORE..customer_accounts ca  with(nolock)
			ON lar.debit_account_id = ca.account_id 
					AND ca.is_active = 1
		INNER JOIN BSGLOAN..loan_account_basic lab with(nolock)
			ON lar.loan_account_id = lab.loan_account_id
				and lab.is_active =1
		LEFT JOIN (
					SELECT 
						account_id,
						MAX(txn_date)txn_date 
					FROM 
						BSGACCOUNTING..account_balance with(nolock)
					WHERE 
						txn_date <= @date 
						--AND is_active = 1 
					GROUP BY account_id
					) ab
			ON lar.debit_account_id = ab.account_id
		LEFT JOIN BSGACCOUNTING..account_balance acb with(nolock)
			ON ab.account_id = acb.account_id AND ab.txn_date = acb.txn_date
		LEFT JOIN (
					SELECT 
						loan_account_id,
						MAX(txn_date)txn_date  
					FROM 
						BSGACCOUNTING..account_balance_loan with(nolock)
					WHERE 
						txn_date <= @date 
					GROUP BY loan_account_id
				) abl
				ON lar.debit_account_id = abl.loan_account_id 
		LEFT JOIN BSGACCOUNTING..account_balance_loan acbl with(nolock)
				ON abl.loan_account_id = acbl.loan_account_id 
				AND abl.txn_date = acbl.txn_date
		LEFT JOIN (
					SELECT 
						loan_account_id,
						MAX(txn_date)txn_date 
					FROM 
						BSGACCOUNTING..account_balance_loan with(nolock)
					WHERE 
						txn_date <= @date 
					GROUP BY loan_account_id
				) abl1
				ON lar.loan_account_id = abl1.loan_account_id 
		LEFT JOIN BSGACCOUNTING..account_balance_loan acbl1 with(nolock)
				ON abl1.loan_account_id = acbl1.loan_account_id 
				AND abl1.txn_date = acbl1.txn_date
		LEFT OUTER JOIN (
			
		select 
				lrc.loan_account_id,	
		SUM(ISNULL(lrc.interest_amount,0) 
		- ISNULL(lrc.interest_received,0) + 
		ISNULL(lrc.od_int_accrual,0)
		- ISNULL(lrc.od_int_received,0) + 
		ISNULL(lrc.penal_int_accrual,0) 
		- ISNULL(lrc.penal_int_received,0)) due_amount
			from
			(select 
					loan_account_id,installment_no,MAX(id) id
				from	
					BSGACCOUNTING..loan_repayment_chart with(nolock)
				where
					due_date <= @date
					 GROUP BY loan_account_id, installment_no
			)a inner join BSGACCOUNTING..loan_repayment_chart lrc with(nolock)
				on lrc.loan_account_id = a.loan_account_id
				and lrc.installment_no = a.installment_no
					and lrc.id = a.id
					and is_active =1
					and full_installment_received = 0
			group by lrc.loan_account_id
		)bb on bb.loan_account_id = lam.loan_account_id
		WHERE 
			lar.recovery_type = @recoveryType
				and lar.is_active = 1
			and lpm.repayment_mode = 1
			and case 
				when ca.classification_id = 6 
				then acbl.available_balance - acbl.earmarked_amount 
				else acb.available_balance - acb.lien_amount
				end > 0 --- Debit Account should have balance
		) a
			)b where due_amount > 0


		insert into #auto_recovery_temptable
	select 
		debit_account_no,
		loan_account_id,
		debit_account_id,
		recovery_type,
		loan_account_no,
		classification_id,
		due_amount
	from
	(
	select 
		debit_account_no,
		loan_account_id,
		debit_account_id,
		recovery_type,
		loan_account_no,
		classification_id,
		case when due_amount < balance then due_amount else  balance end
		due_amount
	 from
	 (

	  SELECT 
		ca.account_no AS debit_account_no ,
		lar.loan_account_id,
		lar.debit_account_id, 
		lar.recovery_type,
		lam.loan_account_no, 
		ca.classification_id, 
	ISNULL(acbl1.interest_applied-acbl1.interest_paid,0) + ISNULL(acbl1.penal_interest_applied-acbl1.penal_interest_paid,0) + ISNULL(acbl1.charges_applied-acbl1.charges_paid,0) + ISNULL(acbl1.npa_charges_amount,0)	+ ISNULL(acbl1.npa_interest_amount,0) 
	+ ISNULL(acbl1.npa_penal_interest_amount,0) +  ISNULL(acbl1.npa_charges_amount ,0)  
		 due_amount ,
		case 
			when ca.classification_id = 6 
			then acbl.available_balance - acbl.earmarked_amount 
			else acb.available_balance - acb.lien_amount
		end  balance
	--  INTO #auto_recovery_temptable
      FROM 
		BSGLOAN..loan_auto_recovery lar with(nolock)
		INNER JOIN BSGLOAN..loan_account_master lam  with(nolock)
			ON lar.loan_account_id = lam.loan_account_id 
				and lam.is_active = 1
				and lam.loan_account_status <> 2
		inner join BSGLOAN..loan_product_master lpm with(nolock)
			on lpm.loan_product_id = lam.loan_product_id
				and lpm.is_active = 1
		INNER JOIN BSGCORE..customer_accounts ca  with(nolock)
			ON lar.debit_account_id = ca.account_id 
					AND ca.is_active = 1
		INNER JOIN BSGLOAN..loan_account_basic lab with(nolock)
			ON lar.loan_account_id = lab.loan_account_id
		LEFT JOIN (
					SELECT 
						account_id,
						MAX(txn_date)txn_date 
					FROM  
						BSGACCOUNTING..account_balance with(nolock)
					WHERE 
						txn_date <= @date 
						--AND is_active = 1 
					GROUP BY account_id
					) ab
			ON lar.debit_account_id = ab.account_id
		LEFT JOIN BSGACCOUNTING..account_balance acb with(nolock)
			ON ab.account_id = acb.account_id AND ab.txn_date = acb.txn_date
		LEFT JOIN (
					SELECT 
						loan_account_id,
						MAX(txn_date)txn_date 
					FROM 
						BSGACCOUNTING..account_balance_loan with(nolock)
					WHERE 
						txn_date <= @date 
					GROUP BY loan_account_id
				) abl
				ON lar.debit_account_id = abl.loan_account_id 
		LEFT JOIN BSGACCOUNTING..account_balance_loan acbl with(nolock)
				ON abl.loan_account_id = acbl.loan_account_id 
				AND abl.txn_date = acbl.txn_date
		LEFT JOIN (
					SELECT 
						loan_account_id,
						MAX(txn_date)txn_date 
					FROM 
						BSGACCOUNTING..account_balance_loan with(nolock)
					WHERE 
						txn_date <= @date 
					GROUP BY loan_account_id
				) abl1
				ON lar.loan_account_id = abl1.loan_account_id 
		LEFT JOIN BSGACCOUNTING..account_balance_loan acbl1 with(nolock)
				ON abl1.loan_account_id = acbl1.loan_account_id 
				AND abl1.txn_date = acbl1.txn_date
		WHERE 
			lar.recovery_type = @recoveryType
				and lar.is_active = 1
			
			and case 
				when ca.classification_id = 6 
				then acbl.available_balance - acbl.earmarked_amount 
				else acb.available_balance - acb.lien_amount
				end > 0 --- Debit Account should have balance
		) a

		)b where due_amount > 0

		
	
	END





  END
  
  SELECT debit_account_no ,loan_account_id, debit_account_id, recovery_type, loan_account_no, classification_id, 
  due_amount FROM #auto_recovery_temptable 
  
END
"
24,LOAN_CC_ASSET_CLASSIFICATION_LIST,"-- =============================================
-- Author:		<Abhishek,>
-- Create date: <2023-04-29, 2023-04-29>
-- Description:	<Loan Asset Classification Updation task, Business Logic for NPA Asset classification change >
-- =============================================

CREATE PROCEDURE [dbo].[LOAN_CC_ASSET_CLASSIFICATION_LIST] -- LOAN_CC_ASSET_CLASSIFICATION_LIST '2023-05-04',1
(
	@taskDate date,
	@modifyBy int
)
AS 
BEGIN
DECLARE @doubtfull1AssetMonths int = ISNULL((select config_value from BSGADMIN..cbs_config where config_key = 'NPA_DOUBTFUL_ASSET_PERIOD_MONTHS' and is_active = 1 ),12)
DECLARE @doubtfull2AssetMonths int = ISNULL((select config_value from BSGADMIN..cbs_config where config_key = 'NPA_DOUBTFUL_TWO_ASSET_PERIOD_MONTHS' and is_active = 1 ),24)
DECLARE @doubtfull3AssetMonths int = ISNULL((select config_value from BSGADMIN..cbs_config where config_key = 'NPA_DOUBTFUL_THREE_ASSET_PERIOD_MONTHS' and is_active = 1 ),48)

CREATE TABLE #temp_account_new_asset_classification
(
	loan_account_id bigint,
	old_asset_classification int,
	new_asset_classfication int
)


CREATE TABLE #temp_asset_classification_details
(
	loan_account_id bigint,
	customer_no bigint,
	customer_group_id bigint,
	asset_classification int,
	npa_mark_date date
)
INSERT INTO #temp_asset_classification_details
select 
	lam.loan_account_id,
	cm.customer_id,
	cm.customer_group_id,
	lam.asset_classification,
	abl.npa_marked_date
from
	BSGLOAN..loan_account_master lam with(nolock)
		inner join BSGCRM..customer_master cm with(nolock)
			on cm.customer_id = lam.customer_no
				and cm.is_active = 1
	    left outer join  (
							select 
								loan_account_id,
								MAX(txn_date)txn_date
							from
								BSGACCOUNTING..account_balance_loan abl with(nolock)
							where
								txn_date <= @taskDate
							group by 
								loan_account_id
						) ab
					on ab.loan_account_id = lam.loan_account_id
		 left outer join BSGACCOUNTING..account_balance_loan abl with(nolock)
			on abl.loan_account_id = ab.loan_account_id
				and abl.txn_date = ab.txn_date
where
	lam.is_active = 1
	and lam.loan_account_status <> 2
	and lam.asset_classification >= 3 -- Sub-Standard and greater asset-classification
			

select 
	cm.customer_group_id,	
	MAX(lam.is_suitfile) is_suitfile,
	MIN(lab.limit_expiry_date) limit_expiry_date,
	ISNULL(SUM(overdue_amount),0) overdue_amount,
	ISNULL(SUM(npa_interest_amount),0) npa_interest_amount,
	ISNULL(SUM(npa_penal_interest_amount),0) npa_penal_interest_amount,
	ISNULL(SUM(npa_charges_amount),0) npa_charges_amount
INTO
	#temp_customer_group_id_details
from
	#temp_asset_classification_details t
		inner join BSGCRM..customer_master cm with(nolock)
			on	cm.customer_group_id = t.customer_group_id
				and cm.is_active = 1
		 inner join BSGLOAN..loan_account_master lam with(nolock)
			on lam.customer_no = cm.customer_id
				and lam.is_active = 1
		left join BSGLOAN..loan_account_basic lab with(nolock)
			on lab.loan_account_id = lam.loan_account_id
				and lab.is_active =1 
		LEFT OUTER JOIN  (
							select 
								loan_account_id,
								MAX(txn_date)txn_date
							from
								BSGACCOUNTING..account_balance_loan abl with(nolock)
							where	
								txn_date <= @taskDate
							group by 
								loan_account_id
						) ab
					on ab.loan_account_id = lam.loan_account_id
		LEFT OUTER JOIN BSGACCOUNTING..account_balance_loan abl with(nolock)
			on abl.loan_account_id = ab.loan_account_id
				and abl.txn_date = ab.txn_date
where
	lam.is_active = 1
	and lam.loan_account_status <> 2
group by cm.customer_group_id

/* New asset classification standard list */
insert into #temp_account_new_asset_classification
select 
	loan_account_id,
	asset_classification,
	1 new_asset_classfication -- make account standard as all recovery come

from	
	#temp_asset_classification_details
where
	customer_group_id
	in (
	
	select 
		customer_group_id
	from 
		#temp_customer_group_id_details
	where
		is_suitfile = 0  
		and limit_expiry_date > @taskDate
		and overdue_amount = 0	
		and npa_interest_amount = 0
		and npa_penal_interest_amount = 0
		and npa_charges_amount = 0
	)
	--and asset_classification = 3 -- only substandard account we can unmark to standard
	AND asset_classification IN (3,4,5,6) -- ALL NPA accounts marks as Standard on Full recovery



/* New asset classification d1 list */
INSERT INTO #temp_account_new_asset_classification
select 
	t.loan_account_id,
	asset_classification,
	4 new_asset_classification -- new_asset_classification is doubtfull -1
from
	#temp_asset_classification_details t
		left join #temp_account_new_asset_classification tt
			on t.loan_account_id = tt.loan_account_id
where
	asset_classification = 3 -- substandard-account where npa_doubtfull_asset_months_passed should be mark as doubtfull 1
	and dbo.FullMonthsSeparation(npa_mark_date,@taskDate) >= @doubtfull1AssetMonths
	and tt.loan_account_id is null



/* New asset classification d2 list */
INSERT INTO #temp_account_new_asset_classification
select 
	t.loan_account_id,
	asset_classification,
	5 new_asset_classification -- new_asset_classification is doubtfull -2
from
	#temp_asset_classification_details t
		left join #temp_account_new_asset_classification tt
			on t.loan_account_id = tt.loan_account_id
where
	asset_classification = 4 -- doubtful -1 -account where npa_doubtfull_asset_months_passed should be mark as doubtfull 2
	and dbo.FullMonthsSeparation(npa_mark_date,@taskDate) >= @doubtfull2AssetMonths
	and tt.loan_account_id is null


/* New asset classification d3 list */
INSERT INTO #temp_account_new_asset_classification
select 
	t.loan_account_id,
	asset_classification,
	6 new_asset_classification -- new_asset_classification is doubtfull -1
from
	#temp_asset_classification_details t
		left join #temp_account_new_asset_classification tt
			on t.loan_account_id = tt.loan_account_id
where
	asset_classification = 5 -- doubtful -2 -account where npa_doubtfull_asset_months_passed should be mark as doubtfull 3
	and dbo.FullMonthsSeparation(npa_mark_date,@taskDate) >= @doubtfull3AssetMonths
	and tt.loan_account_id is null
	 




select 
	loan_account_id loanAccountId, 
	old_asset_classification,  
	new_asset_classfication 
from 
	#temp_account_new_asset_classification
order by loan_account_id

END"
25,LOAN_NPA_IDENTIFCATION_TASK_LIST,"-- =============================================
-- Author:		<Abhishek,>
-- Create date: <2023-04-29, 2023-04-29>
-- Description:	<Loan Npa Identification task list, Business Logic for loan npa identification task change >
-- =============================================

create PROCEDURE [dbo].[LOAN_NPA_IDENTIFCATION_TASK_LIST] -- LOAN_NPA_IDENTIFCATION_TASK_LIST '2024-04-13',1
(
	@taskDate date,
	@modifyBy int
)
AS 
BEGIN
DECLARE @npaDays int = ISNULL((select config_value from BSGADMIN..cbs_config where config_key = 'NPA_TRANSACTION_DAYS' and is_active = 1 ),91)
DECLARE @fromDate date =  DATEADD(d,-@npaDays,@taskDate)
--DECLARE @halfyearlyInterestDays int = 365
--DECLARE @yearlyInterestDays int = 730
--DECLARE @quaterlyInterestDays int = 182
CREATE TABLE #temp_npa_mark_account_list
(
	loan_account_id bigint,
	npa_reason varchar(250)
)

SET @npaDays=@npaDays-1;

CREATE TABLE #temp_asset_classification_details
(
	loan_account_id bigint,
	is_agriculture int,
	npa_period int,
	limit_expiry_date date,
	overdue_amount decimal(18,2),
	overdue_days bigint,
	repayment_mode int,
	prime_security_type_npa int,
	security_overdue_days int,
	interest_frequency int,
	charges_applied decimal(18,2),
	charges_paid decimal(18,2),
	charges_applied_npa_days decimal(18,2),
	charges_paid_npa_days decimal(18,2),

)
INSERT INTO #temp_asset_classification_details
select
	a.*
from
(
select 
	lam.loan_account_id,
	lpm.is_agricultural,
	case when ISNULL(lpm.npa_period,0) < 3 then 3 else ISNULL(lpm.npa_period,0) end  npa_period,
	lab.limit_expiry_date,
	abl.overdue_amount,
	abl.overdue_days_count,
	lpm.repayment_mode,
	case when lpm.prime_security_type in (2,12,13,14) then 1 else 0 end security_npa, -- Deposit,KVP,NSC,LIC
	ISNULL(abl.security_amount_overdue_days,0) security_amount_overdue_days,
	lpm.interest_frequency,
	ISNULL(ABL.charges_applied,0) charges_applied,
	ISNULL(ABL.charges_paid,0) charges_paid,
	ISNULL(abl1.charges_applied,0) charges_applied_npa,
	ISNULL(abl1.charges_paid,0) charges_paid_npa
from
	BSGLOAN..loan_account_master lam with(nolock)
	left join BSGLOAN..loan_account_basic lab with(nolock)
			on lab.loan_account_id = lam.loan_account_id
				and lab.is_active =1 
	left outer join BSGLOAN..loan_product_master lpm with(nolock)
		on lpm.loan_product_id = lam.loan_product_id
			and lpm.is_active = 1
	    left outer join  (
							select 
								loan_account_id,
								MAX(txn_date)txn_date
							from
								BSGACCOUNTING..account_balance_loan abl with(nolock)
							where
								txn_date <= @taskDate
							group by 
								loan_account_id
						) ab
					on ab.loan_account_id = lam.loan_account_id
		 left outer join BSGACCOUNTING..account_balance_loan abl with(nolock)
			on abl.loan_account_id = ab.loan_account_id
				and abl.txn_date = ab.txn_date
		left outer join  (
							select 
								loan_account_id,
								MAX(txn_date)txn_date
							from
								BSGACCOUNTING..account_balance_loan abl with(nolock)
							where
								txn_date <= @fromDate
							group by 
								loan_account_id
						) ab1
					on ab1.loan_account_id = lam.loan_account_id
		 left outer join BSGACCOUNTING..account_balance_loan abl1 with(nolock)
			on abl1.loan_account_id = ab1.loan_account_id
				and abl1.txn_date = ab1.txn_date
where
	lam.is_active = 1
	--and lam.loan_account_id not in (select account_id from bsgdeepfreeze..manipur_accounts)
	and lam.loan_account_status <> 2
	and lam.loan_type= 1 -- Loan Account Only
	and lam.asset_classification = 1 -- -Standard 
	and lpm.npa_applicable = 1 -- Only NPA Applicable Product Only
	and abl.checker_clear_balance < 0 -- debit balance account only
)a
/*Agriculture account yes : */
insert into #temp_npa_mark_account_list	
select
	loan_account_id,
	'Account is out of order from last 90 or more days-Agri Loan' npa_reasons
from
(
select 
	*,
	dbo.FullMonthsSeparation(limit_expiry_date,@taskDate) month_passed
from
	#temp_asset_classification_details
where	
	is_agriculture = 1
	and limit_expiry_date <= @taskDate
) a 
where month_passed >= npa_period


/*Check for Term Loan EMI /Bullet payment */
insert into #temp_npa_mark_account_list	
select
	t.loan_account_id,
	'Overdue not serverd from last 90 or more days' npa_reason
from
	#temp_asset_classification_details  t
		left outer join #temp_npa_mark_account_list npa
			on t.loan_account_id = npa.loan_account_id
where
	npa.loan_account_id is null
	and repayment_mode in (1,3) -- EMI, Bullet payment
	and is_agriculture = 0 -- Non- Agri
	and overdue_amount > 0
	and overdue_days >= @npaDays

/*Check for Term Loan Lumpsum Security Check */
insert into #temp_npa_mark_account_list	
select 
	t.loan_account_id,
	'Security Overdue from last 90 or more days' npa_reasons
from
	#temp_asset_classification_details t
		left outer join #temp_npa_mark_account_list npa
			on t.loan_account_id = npa.loan_account_id
where
	npa.loan_account_id is null
	and repayment_mode = 2 -- LUMPSUM
	and is_agriculture= 0
	and security_overdue_days >= @npaDays
	and prime_security_type_npa = 1 -- Deposit,KVP,NSC,LIC


/*Check for Term Loan Lumpsum and on limit expiry(bullet payment) Limit Expiry Check */
insert into #temp_npa_mark_account_list	
select 
	t.loan_account_id,
	'Loan Expire for more than 90 days'
from
	#temp_asset_classification_details t
		left outer join #temp_npa_mark_account_list npa
			on t.loan_account_id = npa.loan_account_id
where
	npa.loan_account_id is null
	and repayment_mode in (2,3) -- LUMPSUM,Bullet payment
	and is_agriculture = 0
	and DATEADD(d,@npaDays,limit_expiry_date) <= @taskDate -- Limit is expire more than 90 days



-- Getting Pending Interest Details -For Lumpsum

select 
	account_id,
	txn_date,
	CASE WHEN ISNULL(InterestDebit,0) - ISNULL(InterestReversal,0) < 0 THEN 0 else ISNULL(InterestDebit,0) - ISNULL(InterestReversal,0) end Interest
INTO
	#temp_due_interest_details
From
(

select
	id.account_id,
	SUM(CASE WHEN activity_id in (3004,3006,6003,6005) then  id.interest_amount else 0 end) InterestDebit,
	SUM(CASE WHEN activity_id in (3005,3014,6004,6006) then  id.interest_amount else 0 end) InterestReversal,
	MIN(txn_date) txn_date
from
	BSGACCOUNTING..interest_details id with(nolock)
	left outer join BSGLOAN..loan_account_master lam with(nolock)
		on id.account_id = lam.loan_account_id
			and lam.is_active = 1
	inner join #temp_asset_classification_details t
		on id.account_id = t.loan_account_id
			and t.repayment_mode in (2)
			and t.is_agriculture = 0
Where
	lam.loan_account_status <> 2
	and id.txn_date >= @fromDate
	and id.txn_date <= @taskDate
	and id.activity_id in (
							3004,3006,6003,6005, -- Loan Interest Debit Activtity,Loan Penal Debit Activtity,CC Interest Debit Activtity,CC Penal Debit Activtity
							3005,3014,6004,6006  -- Loan Interest Reversal Activtity,Loan Penal Reversal Activtity,CC Interest Reversal Activtity,CC Penal Reversal Activtity
						   )
group by id.account_id
)a

--CREATE TABLE #temp_interest_and_charges_details
--(
--	loan_account_id bigint,
--	interest_pending decimal(18,2),
--	interest_debit decimal(18,2)
--)

/*Interest Not Served for 90 days*/
insert into #temp_npa_mark_account_list	
select 
	loan_account_id,
	'Interest is not serverd from last 90 or more days' npa_reason
from
(

select 
	loan_account_id,
	case when interest_pending < 0 then 0 else interest_pending end interest_pending,
	case when Interest < 0 then 0 else Interest end interest_debit
from
(
select 
	t.loan_account_id,
	ISNULL(abl.interest_applied,0) - ISNULL(abl.interest_paid,0) + ISNULL(abl.penal_interest_applied,0) - ISNULL(abl.penal_interest_paid,0) interest_pending,
	i.Interest 
from
	#temp_asset_classification_details t
		left outer join #temp_npa_mark_account_list npa
			on t.loan_account_id = npa.loan_account_id
		 left outer join  (
							select 
								loan_account_id,
								MAX(txn_date)txn_date
							from
								BSGACCOUNTING..account_balance_loan abl with(nolock)
							where
								txn_date <= @taskDate
							group by 
								loan_account_id
						) ab
					on ab.loan_account_id = t.loan_account_id
		 left outer join BSGACCOUNTING..account_balance_loan abl with(nolock)
			on abl.loan_account_id = ab.loan_account_id
				and abl.txn_date = ab.txn_date
		left outer join #temp_due_interest_details i
			on t.loan_account_id = i.account_id

where
	npa.loan_account_id is null
	and repayment_mode = 2 -- LUMPSUM
	and is_agriculture= 0
	and prime_security_type_npa = 0
)a
)npa
where 
	interest_pending > interest_debit



/*charges Not Served for 90 days*/
insert into #temp_npa_mark_account_list	
select 
	t.loan_account_id,
	'Charges is not serverd from last 90 or more days' npa_reason
from
	#temp_asset_classification_details t
		left outer join #temp_npa_mark_account_list npa
			on t.loan_account_id = npa.loan_account_id
			
where
	npa.loan_account_id is null
	and is_agriculture = 0
	and (charges_applied - charges_paid) > 0
	and (
			charges_applied_npa_days > charges_paid
			and charges_applied >= charges_applied_npa_days
		) -- Charges Pending for more than 90 days




select 
	  *
from
	#temp_npa_mark_account_list
order by 
	loan_account_id

END
"
26,LOAN_NPA_IDENTIFCATION_TASK_LIST_29012024,"-- =============================================
-- Author:		<Abhishek,>
-- Create date: <2023-04-29, 2023-04-29>
-- Description:	<Loan Npa Identification task list, Business Logic for loan npa identification task change >
-- =============================================

CREATE PROCEDURE [dbo].[LOAN_NPA_IDENTIFCATION_TASK_LIST] -- LOAN_NPA_IDENTIFCATION_TASK_LIST '2023-10-08',1
(
	@taskDate date,
	@modifyBy int
)
AS 
BEGIN
DECLARE @npaDays int = ISNULL((select config_value from BSGADMIN..cbs_config where config_key = 'NPA_TRANSACTION_DAYS' and is_active = 1 ),91)
DECLARE @fromDate date =  DATEADD(d,-@npaDays,@taskDate)
--DECLARE @halfyearlyInterestDays int = 365
--DECLARE @yearlyInterestDays int = 730
--DECLARE @quaterlyInterestDays int = 182
CREATE TABLE #temp_npa_mark_account_list
(
	loan_account_id bigint,
	npa_reason varchar(250)
)


CREATE TABLE #temp_asset_classification_details
(
	loan_account_id bigint,
	is_agriculture int,
	npa_period int,
	limit_expiry_date date,
	overdue_amount decimal(18,2),
	overdue_days bigint,
	repayment_mode int,
	prime_security_type_npa int,
	security_overdue_days int,
	interest_frequency int,
	charges_applied decimal(18,2),
	charges_paid decimal(18,2),
	charges_applied_npa_days decimal(18,2),
	charges_paid_npa_days decimal(18,2),

)
INSERT INTO #temp_asset_classification_details
select
	a.*
from
(
select 
	lam.loan_account_id,
	lpm.is_agricultural,
	case when ISNULL(lpm.npa_period,0) < 3 then 3 else ISNULL(lpm.npa_period,0) end  npa_period,
	lab.limit_expiry_date,
	abl.overdue_amount,
	abl.overdue_days_count,
	lpm.repayment_mode,
	case when lpm.prime_security_type in (2,12,13,14) then 1 else 0 end security_npa, -- Deposit,KVP,NSC,LIC
	ISNULL(abl.security_amount_overdue_days,0) security_amount_overdue_days,
	lpm.interest_frequency,
	ISNULL(ABL.charges_applied,0) charges_applied,
	ISNULL(ABL.charges_paid,0) charges_paid,
	ISNULL(abl1.charges_applied,0) charges_applied_npa,
	ISNULL(abl1.charges_paid,0) charges_paid_npa
from
	BSGLOAN..loan_account_master lam with(nolock)
	left join BSGLOAN..loan_account_basic lab with(nolock)
			on lab.loan_account_id = lam.loan_account_id
				and lab.is_active =1 
	left outer join BSGLOAN..loan_product_master lpm with(nolock)
		on lpm.loan_product_id = lam.loan_product_id
			and lpm.is_active = 1
	    left outer join  (
							select 
								loan_account_id,
								MAX(txn_date)txn_date
							from
								BSGACCOUNTING..account_balance_loan abl with(nolock)
							where
								txn_date <= @taskDate
							group by 
								loan_account_id
						) ab
					on ab.loan_account_id = lam.loan_account_id
		 left outer join BSGACCOUNTING..account_balance_loan abl with(nolock)
			on abl.loan_account_id = ab.loan_account_id
				and abl.txn_date = ab.txn_date
		left outer join  (
							select 
								loan_account_id,
								MAX(txn_date)txn_date
							from
								BSGACCOUNTING..account_balance_loan abl with(nolock)
							where
								txn_date <= @fromDate
							group by 
								loan_account_id
						) ab1
					on ab1.loan_account_id = lam.loan_account_id
		 left outer join BSGACCOUNTING..account_balance_loan abl1 with(nolock)
			on abl1.loan_account_id = ab1.loan_account_id
				and abl1.txn_date = ab1.txn_date
where
	lam.is_active = 1
	and lam.loan_account_id not in (select account_id from bsgdeepfreeze..manipur_accounts)
	and lam.loan_account_status <> 2
	and lam.loan_type= 1 -- Loan Account Only
	and lam.asset_classification = 1 -- -Standard 
	and lpm.npa_applicable = 1 -- Only NPA Applicable Product Only
	and abl.checker_clear_balance < 0 -- debit balance account only
)a
/*Agriculture account yes : */
insert into #temp_npa_mark_account_list	
select
	loan_account_id,
	'Account is out of order from last 90 or more days-Agri Loan' npa_reasons
from
(
select 
	*,
	dbo.FullMonthsSeparation(limit_expiry_date,@taskDate) month_passed
from
	#temp_asset_classification_details
where	
	is_agriculture = 1
	and limit_expiry_date <= @taskDate
) a 
where month_passed >= npa_period


/*Check for Term Loan EMI /Bullet payment */
insert into #temp_npa_mark_account_list	
select
	t.loan_account_id,
	'Overdue not serverd from last 90 or more days' npa_reason
from
	#temp_asset_classification_details  t
		left outer join #temp_npa_mark_account_list npa
			on t.loan_account_id = npa.loan_account_id
where
	npa.loan_account_id is null
	and repayment_mode in (1,3) -- EMI, Bullet payment
	and is_agriculture = 0 -- Non- Agri
	and overdue_amount > 0
	and overdue_days >= @npaDays

/*Check for Term Loan Lumpsum Security Check */
insert into #temp_npa_mark_account_list	
select 
	t.loan_account_id,
	'Security Overdue from last 90 or more days' npa_reasons
from
	#temp_asset_classification_details t
		left outer join #temp_npa_mark_account_list npa
			on t.loan_account_id = npa.loan_account_id
where
	npa.loan_account_id is null
	and repayment_mode = 2 -- LUMPSUM
	and is_agriculture= 0
	and security_overdue_days >= @npaDays
	and prime_security_type_npa = 1 -- Deposit,KVP,NSC,LIC


/*Check for Term Loan Lumpsum and on limit expiry(bullet payment) Limit Expiry Check */
insert into #temp_npa_mark_account_list	
select 
	t.loan_account_id,
	'Loan Expire for more than 90 days'
from
	#temp_asset_classification_details t
		left outer join #temp_npa_mark_account_list npa
			on t.loan_account_id = npa.loan_account_id
where
	npa.loan_account_id is null
	and repayment_mode in (2,3) -- LUMPSUM,Bullet payment
	and is_agriculture = 0
	and DATEADD(d,@npaDays,limit_expiry_date) <= @taskDate -- Limit is expire more than 90 days



-- Getting Pending Interest Details -For Lumpsum

select 
	account_id,
	txn_date,
	CASE WHEN ISNULL(InterestDebit,0) - ISNULL(InterestReversal,0) < 0 THEN 0 else ISNULL(InterestDebit,0) - ISNULL(InterestReversal,0) end Interest
INTO
	#temp_due_interest_details
From
(

select
	id.account_id,
	SUM(CASE WHEN activity_id in (3004,3006,6003,6005) then  id.interest_amount else 0 end) InterestDebit,
	SUM(CASE WHEN activity_id in (3005,3014,6004,6006) then  id.interest_amount else 0 end) InterestReversal,
	MIN(txn_date) txn_date
from
	BSGACCOUNTING..interest_details id with(nolock)
	left outer join BSGLOAN..loan_account_master lam with(nolock)
		on id.account_id = lam.loan_account_id
			and lam.is_active = 1
	inner join #temp_asset_classification_details t
		on id.account_id = t.loan_account_id
			and t.repayment_mode in (2)
			and t.is_agriculture = 0
Where
	lam.loan_account_status <> 2
	and id.txn_date >= @fromDate
	and id.txn_date <= @taskDate
	and id.activity_id in (
							3004,3006,6003,6005, -- Loan Interest Debit Activtity,Loan Penal Debit Activtity,CC Interest Debit Activtity,CC Penal Debit Activtity
							3005,3014,6004,6006  -- Loan Interest Reversal Activtity,Loan Penal Reversal Activtity,CC Interest Reversal Activtity,CC Penal Reversal Activtity
						   )
group by id.account_id
)a

--CREATE TABLE #temp_interest_and_charges_details
--(
--	loan_account_id bigint,
--	interest_pending decimal(18,2),
--	interest_debit decimal(18,2)
--)

/*Interest Not Served for 90 days*/
insert into #temp_npa_mark_account_list	
select 
	loan_account_id,
	'Interest is not serverd from last 90 or more days' npa_reason
from
(

select 
	loan_account_id,
	case when interest_pending < 0 then 0 else interest_pending end interest_pending,
	case when Interest < 0 then 0 else Interest end interest_debit
from
(
select 
	t.loan_account_id,
	ISNULL(abl.interest_applied,0) - ISNULL(abl.interest_paid,0) + ISNULL(abl.penal_interest_applied,0) - ISNULL(abl.penal_interest_paid,0) interest_pending,
	i.Interest 
from
	#temp_asset_classification_details t
		left outer join #temp_npa_mark_account_list npa
			on t.loan_account_id = npa.loan_account_id
		 left outer join  (
							select 
								loan_account_id,
								MAX(txn_date)txn_date
							from
								BSGACCOUNTING..account_balance_loan abl with(nolock)
							where
								txn_date <= @taskDate
							group by 
								loan_account_id
						) ab
					on ab.loan_account_id = t.loan_account_id
		 left outer join BSGACCOUNTING..account_balance_loan abl with(nolock)
			on abl.loan_account_id = ab.loan_account_id
				and abl.txn_date = ab.txn_date
		left outer join #temp_due_interest_details i
			on t.loan_account_id = i.account_id

where
	npa.loan_account_id is null
	and repayment_mode = 2 -- LUMPSUM
	and is_agriculture= 0
	and prime_security_type_npa = 0
)a
)npa
where 
	interest_pending > interest_debit



/*charges Not Served for 90 days*/
insert into #temp_npa_mark_account_list	
select 
	t.loan_account_id,
	'Charges is not serverd from last 90 or more days' npa_reason
from
	#temp_asset_classification_details t
		left outer join #temp_npa_mark_account_list npa
			on t.loan_account_id = npa.loan_account_id
			
where
	npa.loan_account_id is null
	and is_agriculture = 0
	and (charges_applied - charges_paid) > 0
	and (
			charges_applied_npa_days > charges_paid
			and charges_applied >= charges_applied_npa_days
		) -- Charges Pending for more than 90 days




select 
	  *
from
	#temp_npa_mark_account_list
order by 
	loan_account_id

END"
27,mf_co_based_demand,"-- =============================================
-- Author:		<Author,Akhil Chandran>
-- Create date: <Create Date,2022-12-12>
-- Description:	<Description,MF-CO-BASED-DEMAND-DETAILS>
-- =============================================
CREATE   PROCEDURE [dbo].[mf_co_based_demand]  -- mf_co_based_demand null,213
@demandDate datetime = null,
@branchCode int ,
@summaryOrDetail int = 0, -- 0 = summary , 1 - detailed , -1 -- insertinDemandtable
@loanAccountId bigint = -1,
@page int = 1,
@size int = 50
AS
BEGIN
	SET NOCOUNT ON;
	declare @fromrnum int = case when @page = 1 then 1 else (@page-1)*@size end
	declare @tornum int = case when @page = 1 then @size else @size * @page end

	
	set @demandDate = case 
		when  @demandDate is null then (select app_date from BSGACCOUNTING..cbs_application_date where is_active = 1) 
		else @demandDate end;

		
		if(@summaryOrDetail = 0) -- summary
		begin
			DROP TABLE if exists #finalMFAccountData;
			select account_id loan_account_id,0 installmentno,sum(collection_amt) collection_amt,ROW_NUMBER()over(order by account_id) rnum
			into #finalMFAccountData
			from BSGLOAN..co_based_demand_details
			where status = 1 and is_active = 1 and cast(app_date as date) = cast(@demandDate as date)
			group by account_id

			select a.*,b.ref_id,c.co_id,d.co_name,c.village_id,e.village_name,c.center_id,f.center_name,c.group_id,g.group_name,
			f.collection_day,f.collection_week
			from #finalMFAccountData a
			inner join bsgloan..loan_account_master lam
			on
				a.loan_account_id = lam.loan_account_id
			inner join bsgloan..loan_micro_finance_master b
			on	
				a.loan_account_id = b.loan_account_id
			inner join bsgloan..co_group_mapping c
			on
				b.ref_id = c.ref_id
			left outer join bsgloan..collection_officer_master d
			on	
				c.co_id = d.co_id
			and
				d.is_active = 1
			left outer join bsgloan..village_master e
			on
				c.village_id = e.village_id
			and
				e.is_active = 1
			left outer join bsgloan..center_master f
			on
				c.center_id = f.center_id
			and
				f.is_active = 1
			left outer join bsgloan..loan_group_master g
			on
				c.group_id = g.group_id
			and
				g.is_active = 1	
			where 
				b.is_active = 1 and c.is_active = 1  and c.status = 1 and lam.is_active = 1
				and rnum >= @fromrnum and rnum <= @tornum
		end
		else if(@summaryOrDetail = 1) -- @summaryOrDetail = 1 -- detailed
		begin
		
			select account_id loan_account_id,0 installmentno
			from BSGLOAN..co_based_demand_details cbdd
			inner join bsgloan..loan_account_master lam
			on
				cbdd.account_id = lam.loan_account_id
			inner join bsgaccounting..loan_repayment_chart lrc
			on
				cbdd.account_id = lrc.loan_account_id
			and
				cbdd.installment_no = lrc.installment_no 		
			and
				lrc.id = (select max(id) from BSGACCOUNTING..loan_repayment_chart a where a.loan_account_id = cbdd.account_id and
				a.installment_no = lrc.installment_no ) 
			where 
				cbdd.status = 1 
			and 
				cbdd.is_active = 1 
			and 
				cast(cbdd.app_date as date) = cast(@demandDate as date)
			and
				lam.is_active = 1
			and
				lrc.is_active = 1

		end
		else if(@summaryOrDetail = -1) -- @summaryOrDetail = 1 -- insert activity
		begin
		
			declare @hoBranchCode varchar(10) = (select config_value from BSGADMIN..cbs_config where config_key = 'HO_BRANCH_ID');

			set @branchCode = case 
				when cast(@hoBranchCode as int) = @branchCode then null 
				else @branchCode end;
			
			declare @microFinanceProduct varchar(20) = null;
			set @microFinanceProduct = (select config_value from BSGADMIN..cbs_config where config_key = 'MICROFINANCE_PRODUCT');
		
			IF OBJECT_ID(N'tempdb..#tempMFProduct') IS NOT NULL
				DROP TABLE #tempMFProduct; 
		
			create table #tempMFProduct(
			productCode int,
			productDescription varchar(100)
			)
			insert into #tempMFProduct
			select productcode,product_description
			from (
			SELECT t.c.value('.', 'VARCHAR(100)') productcode
			                    FROM (
			                            SELECT x = CAST('<t>' + 
			                                REPLACE(@microFinanceProduct , ',', '</t><t>') + '</t>' AS XML)
			                         ) a
			                    CROSS APPLY x.nodes('/t') t(c) 
			) a
			inner join bsgcore..product_master pam
			on
				a.productcode = pam.product_code
			and
				pam.classification_id in (3)
			and
				pam.is_active = 1
			and
				pam.branch_code  = @hoBranchCode
			
			--select * from #tempMFProduct
			
			IF OBJECT_ID('tempdb..#tempMFAccounts') IS NOT NULL
			  DROP TABLE #tempMFAccounts; 
			
			select a.loan_account_no,lrc.loan_account_id,account_name,lrc.installment_no,lrc.installment_amount,
				isnull(lrc.principal_amount,0) principal_amount,isnull(lrc.principal_received,0) principal_rec,
				isnull(lrc.interest_amount,0) interest_amount,isnull(lrc.interest_received,0) interest_received,
				isnull(lrc.od_int_accrual,0) od_int_accrual,isnull(lrc.penal_int_accrual,0) penal_int_accrual,isnull(lrc.overdue_amount,0) overdue_amount,
				isnull(lrc.overdue_days_count,0) overdue_days_count
			into #tempMFAccounts 
			from BSGACCOUNTING..loan_repayment_chart lrc
			inner join (select a.loan_account_id , a.installment_no , max(a.id) id from BSGACCOUNTING..loan_repayment_chart a where a.is_active = 1 and
				a.due_date <= @demandDate group by a.loan_account_id,a.installment_no) lrc1
			on	
				lrc.loan_account_id = lrc1.loan_account_id
			and
				lrc.installment_no = lrc1.installment_no
			inner join bsgloan..loan_account_master a
			on
				lrc.loan_account_id = a.loan_account_id
			inner join #tempMFProduct tmp
			on
				a.loan_product_code = tmp.productCode
			
			where
				lrc.is_active = 1 
			and
				lrc.full_installment_received = 0
			and
				(@branchCode is null or a.branch_code = @branchCode)
			and
				a.loan_account_status <> 2
			
			end
		
END
"
28,neft_rtgs_register,"CREATE   PROCEDURE [dbo].[neft_rtgs_register] -- neft_rtgs_register 0,'2019-02-02','2019-02-14','I',1
(  
@BranchCode		INT,
@FromDate		DATETIME,
@ToDate		DATETIME,
@ClearingType	VARCHAR(10),
@ReportType		INT
)
AS
BEGIN

-- @ClearingType = 'I' -> Inward 
-- @ClearingType = 'O' -> Outward 

CREATE TABLE #temp_outward
(
	transfer_type VARCHAR(20),
	txn_ref_no BIGINT, 	
	utr_no VARCHAR(100),
	branch_name VARCHAR(100),
	account_no VARCHAR(150),
	name VARCHAR(200),
	ben_acc_no VARCHAR(50),
	ben_name VARCHAR(200),
	amount DECIMAL(18,2),
	issue_date DATETIME,
	ifsc_code VARCHAR(50),
	remitter_principal_id INT,
	remitter_principal_type VARCHAR(50)
)

	   
IF(@ClearingType = 'I')

BEGIN
	
SELECT
	A.txn_ref_no,	
	A.principal_id,
	A.branch_code,
	A.account_no,
	A.account_name name,
	A.txn_amount amount,	
	A.utr_no,
	A.created_date issue_date,
	A.transfer_type,
	A.principal_type
INTO 
	#temp_inward 
FROM
(
SELECT 
	nrit.txn_ref_no,	
	nrit.principal_id,
	CASE WHEN nrit.principal_type = 'IP' THEN pmi.branch_code else ca.branch_code end branch_code,
	CASE WHEN nrit.principal_type = 'IP' THEN pmi.product_code else ca.account_no end account_no,
	CASE WHEN nrit.principal_type = 'IP' THEN pmi.description else bsgturingreports.dbo.fn_GetAccountName(ca.account_id) end account_name,
	nrit.txn_amount,	
	nrit.utr_no,
	CAST(nrit.created_date AS DATE) created_date,
	nrit.transfer_type,
	nrit.principal_type			
FROM
	BSGACCOUNTING..neft_rtgs_inward_transaction nrit WITH (NOLOCK)
	LEFT OUTER JOIN BSGCORE..customer_accounts ca WITH (NOLOCK)
		ON nrit.principal_id = ca.account_id and ca.is_active = 1
	LEFT OUTER JOIN bsgcore..product_master_internal pmi WITH (NOLOCK)
		ON nrit.principal_id = pmi.internal_product_id and pmi.is_Active = 1
WHERE
	nrit.is_active = 1
)A
LEFT OUTER JOIN
(
	SELECT ts.txn_ref_no,ts.txn_validation_code FROM BSGACCOUNTING..transaction_status ts WITH(NOLOCK) 
	WHERE ts.is_active = 1 AND ts.txn_date >= @FromDate AND ts.txn_date <= @Todate
	UNION ALL
	SELECT ts_df.txn_ref_no,ts_df.txn_validation_code FROM BSGDEEPFREEZE..transaction_status_df ts_df WITH(NOLOCK) 
	WHERE ts_df.is_active = 1 AND ts_df.txn_date >= @FromDate AND ts_df.txn_date <= @Todate
)B
	ON A.txn_ref_no = B.txn_ref_no 
WHERE
	(@BranchCode = 0 OR A.branch_code = @BranchCode)
	AND (@FromDate IS NULL OR A.created_date >= @FromDate)
	AND (@ToDate IS NULL OR A.created_date <= @ToDate)
	AND B.txn_validation_code = 1

SELECT 
	t.txn_ref_no,	
	t.principal_id,
	CAST(t.branch_code AS VARCHAR) + ' - ' + bm.branch_name branch_name,
	t.account_no,
	t.name,
	t.amount,	
	t.utr_no,
	t.issue_date,
	t.transfer_type,
	t.principal_type,
	NULL ben_acc_no,
	NULL ben_name,
	NULL ifsc_code,
	NULL remitter_principal_id,
	NULL remitter_principal_type
from 
	#temp_inward t
	LEFT OUTER JOIN BSGMASTER..branch_master bm WITH(NOLOCK)
		ON t.branch_code = bm.branch_code AND bm.is_Active = 1
ORDER BY 
	account_no,created_date;

SELECT
	NULL txn_ref_no,	
	NULL principal_id,
	NULL branch_name,
	NULL account_no,
	'TOTAL' name,
	SUM(amount) amount,	
	NULL utr_no,
	NULL issue_date,
	NULL transfer_type,
	NULL principal_type,
	NULL ben_acc_no,
	NULL ben_name,
	NULL ifsc_code,
	NULL remitter_principal_id,
	NULL remitter_principal_type
FROM
	#temp_inward;

SELECT COUNT(*) total_count , SUM(amount) total_amount FROM #temp_inward;

DROP TABLE #temp_inward

END 
	
IF(@ClearingType = 'O')
    
BEGIN
		
	IF(@ReportType = 1)
		
	BEGIN        

	INSERT INTO #temp_outward
	SELECT 
		CASE WHEN nr.rem_txn_type = 'N' THEN 'NEFT' WHEN nr.rem_txn_type = 'R' THEN 'RTGS' END transfer_type,
		nr.txn_ref_no,
		nr.utr_no,
		CAST(nr.txn_branch_code AS VARCHAR) + ' - ' + bm.branch_name as branch_name,
		CASE WHEN nr.remitter_principal_type = 'A' THEN ca.account_no ELSE pmi.product_code END account_no,
		CASE WHEN nr.remitter_principal_type = 'A' THEN bsgturingreports.dbo.fn_GetAccountName(ca.account_id) ELSE pmi.description END name,
		nr.ben_acc_no,
		nr.ben_name,	
		nr.amount,	
		CAST(nr.issue_date AS DATE) issue_date,
		nr.ben_ifsc ifsc_code,
		nr.remitter_principal_id,
		nr.remitter_principal_type
	FROM
		BSGACCOUNTING..neft_rtgs nr WITH(NOLOCK)
		LEFT OUTER JOIN bsgcore..customer_accounts ca WITH(NOLOCK)
			ON nr.remitter_principal_id = ca.account_id AND ca.is_active = 1
		LEFT OUTER JOIN BSGCORE..product_master_internal pmi WITH(NOLOCK)
			ON nr.product_id = pmi.internal_product_id and pmi.is_active = 1
		LEFT OUTER JOIN BSGMASTER..branch_master bm WITH(NOLOCK)
			ON nr.txn_branch_code = bm.branch_code AND bm.is_Active = 1
	WHERE
		nr.is_active = 1	
		AND CAST(nr.issue_date AS DATE) >= @FromDate 
		AND CAST(nr.issue_date AS DATE) <= @ToDate		
			
	SELECT * FROM #temp_outward;
            
	SELECT 
		NULL txn_ref_no,
		NULL utr_no,
		NULL branch_name,
		'TOTAL' ben_acc_no,
		NULL ben_name,
		NULL account_no,
		NULL name,
		SUM(amount) amount, 				
		NULL issue_date,
		NULL ifsc_code,
		NULL transfer_type
	FROM 
		#temp_outward;
            
	SELECT COUNT(*) total_count , SUM(amount) total_amount FROM #temp_outward;
			
	END

	IF(@ReportType = 2)
        
	BEGIN
	
	INSERT INTO #temp_outward	
	SELECT
		NULL transfer_type,
		Main.txn_ref_no,
		NULL utr_no,
		CAST(Main.txn_branch AS VARCHAR) + ' - ' + bm.branch_name as branch_name,
		CASE WHEN Main.principal_type = 'IA' THEN ca.account_no ELSE pmi.product_code END account_no,
		CASE WHEN Main.principal_type = 'IA' THEN bsgturingreports.dbo.fn_GetAccountName(ca.account_id) ELSE pmi.description END name,
		NULL ben_acc_no,
		NULL ben_name,	
		Main.txn_amount amount,	
		Main.txn_posting_date issue_date,
		NULL ifsc_code,
		Main.principal_id remitter_principal_id,
		Main.principal_type remitter_principal_type
	FROM
		(
		SELECT 
			tmi.*
		FROM 
			bsgaccounting..transaction_master_internal tmi
		WHERE
			tmi.is_active = 1 
			AND tmi.principal_id = (
							SELECT pmi.internal_product_id 
							FROM bsgcore..product_master_internal pmi WITH(NOLOCK)
							WHERE pmi.product_code = (SELECT config_value FROM bsgadmin..cbs_config WITH(NOLOCK) WHERE config_key = 'NEFT_SETTLEMENT_PRODUCT' AND is_active = 1)
							AND pmi.branch_code = (SELECT config_value FROM bsgadmin..cbs_config WITH(NOLOCK) WHERE config_key = 'HO_BRANCH_ID' AND is_active = 1)
							AND pmi.is_active = 1
							) 
			AND CAST(tmi.txn_posting_date AS DATE) >= @FromDate 
			AND CAST(tmi.txn_posting_date AS DATE) <= @ToDate 
			AND tmi.txn_nature = 'C'
			AND tmi.activity_id in (5022,5023)

		UNION ALL

		SELECT 
			tmi_df.*
		FROM 
			bsgdeepfreeze..transaction_master_internal_df tmi_df WITH(NOLOCK)
		WHERE
			tmi_df.is_active = 1 
			AND tmi_df.principal_id = (
								SELECT pmi.internal_product_id 
								FROM bsgcore..product_master_internal pmi WITH(NOLOCK)
								WHERE pmi.product_code = (SELECT config_value FROM bsgadmin..cbs_config WITH(NOLOCK) WHERE config_key = 'NEFT_SETTLEMENT_PRODUCT' AND is_active = 1)
								AND pmi.branch_code = (SELECT config_value FROM bsgadmin..cbs_config WITH(NOLOCK) WHERE config_key = 'HO_BRANCH_ID' AND is_active = 1)
								AND pmi.is_active = 1
							  ) 
			AND CAST(tmi_df.txn_posting_date AS DATE) >= @FromDate 
			AND CAST(tmi_df.txn_posting_date AS DATE) <= @ToDate 
			AND tmi_df.txn_nature = 'C'
			AND tmi_df.activity_id in (5022,5023)
		)Main
	LEFT OUTER JOIN bsgcore..customer_accounts ca WITH(NOLOCK)
		ON Main.principal_id = ca.account_id AND ca.is_active = 1
	LEFT OUTER JOIN BSGCORE..product_master_internal pmi WITH(NOLOCK)
		ON Main.principal_id = pmi.internal_product_id and pmi.is_active = 1
	LEFT OUTER JOIN BSGMASTER..branch_master bm WITH(NOLOCK)
		ON Main.txn_branch = bm.branch_code AND bm.is_Active = 1;
			
	SELECT * FROM #temp_outward;
            
	select 
		NULL txn_ref_no,
		NULL utr_no,
		NULL branch_name,
		'TOTAL' ben_acc_no,
		NULL ben_name,
		NULL account_no,
		NULL name,
		SUM(amount) amount, 				
		NULL issue_date,
		NULL ifsc_code,
		NULL transfer_type
	FROM 
		#temp_outward;
            
	SELECT COUNT(*) total_count , SUM(amount) total_amount FROM #temp_outward;
        
	END

	IF(@ReportType = 3)
        
	BEGIN 			

	INSERT INTO #temp_outward
	SELECT
		NULL transfer_type,
		Main.txn_ref_no,
		NULL utr_no,
		CAST(Main.txn_branch AS VARCHAR) + ' - ' + bm.branch_name as branch_name,
		CASE WHEN Main.principal_type = 'IA' THEN ca.account_no ELSE pmi.product_code END account_no,
		CASE WHEN Main.principal_type = 'IA' THEN bsgturingreports.dbo.fn_GetAccountName(ca.account_id) ELSE pmi.description END name,
		NULL ben_acc_no,
		NULL ben_name,	
		Main.txn_amount amount,	
		Main.txn_posting_date issue_date,
		NULL ifsc_code,
		Main.principal_id remitter_principal_id,
		Main.principal_type remitter_principal_type
	FROM
		(
		SELECT 
			tmi.*
		FROM 
			bsgaccounting..transaction_master_internal tmi WITH(NOLOCK)
		WHERE
			tmi.is_active = 1 
			AND tmi.principal_id = (
							SELECT pmi.internal_product_id 
							FROM bsgcore..product_master_internal pmi WITH(NOLOCK)
							WHERE pmi.product_code = (SELECT config_value FROM bsgadmin..cbs_config WITH(NOLOCK) WHERE config_key = 'NEFT_SETTLEMENT_PRODUCT' AND is_active = 1)
							AND pmi.branch_code = (SELECT config_value FROM bsgadmin..cbs_config WITH(NOLOCK) WHERE config_key = 'HO_BRANCH_ID' AND is_active = 1)
							AND pmi.is_active = 1
							) 
			AND CAST(tmi.txn_posting_date AS DATE) >= @FromDate 
			AND CAST(tmi.txn_posting_date AS DATE) <= @ToDate 
			AND tmi.txn_nature = 'C'
			AND tmi.activity_id in (5022,5023)
			AND tmi.txn_ref_no NOT IN (SELECT txn_ref_no FROM BSGACCOUNTING..neft_rtgs WITH(NOLOCK) WHERE CAST(issue_date AS DATE) >=  @FromDate AND CAST(issue_date AS DATE) <= @ToDate AND is_active = 1)

		UNION ALL

		SELECT 
			tmi_df.*
		FROM 
			bsgdeepfreeze..transaction_master_internal_df tmi_df WITH(NOLOCK)
		WHERE
			tmi_df.is_active = 1 
			AND tmi_df.principal_id = (
								SELECT pmi.internal_product_id 
								FROM bsgcore..product_master_internal pmi WITH(NOLOCK)
								WHERE pmi.product_code = (SELECT config_value FROM bsgadmin..cbs_config WITH(NOLOCK) WHERE config_key = 'NEFT_SETTLEMENT_PRODUCT' AND is_active = 1)
								AND pmi.branch_code = (SELECT config_value FROM bsgadmin..cbs_config WITH(NOLOCK) WHERE config_key = 'HO_BRANCH_ID' AND is_active = 1)
								AND pmi.is_active = 1
							  ) 
			AND CAST(tmi_df.txn_posting_date AS DATE) >= @FromDate 
			AND CAST(tmi_df.txn_posting_date AS DATE) <= @ToDate 
			AND tmi_df.txn_nature = 'C'
			AND tmi_df.activity_id in (5022,5023)
			AND tmi_df.txn_ref_no NOT IN (SELECT txn_ref_no FROM BSGACCOUNTING..neft_rtgs WITH(NOLOCK) WHERE CAST(issue_date AS DATE) >= @FromDate AND CAST(issue_date AS DATE) <= @ToDate AND is_active = 1)
		)Main
	LEFT OUTER JOIN bsgcore..customer_accounts ca WITH(NOLOCK)
		ON Main.principal_id = ca.account_id AND ca.is_active = 1
	LEFT OUTER JOIN BSGCORE..product_master_internal pmi WITH(NOLOCK)
		ON Main.principal_id = pmi.internal_product_id and pmi.is_active = 1
	LEFT OUTER JOIN BSGMASTER..branch_master bm WITH(NOLOCK)
		ON Main.txn_branch = bm.branch_code AND bm.is_Active = 1;
			
	SELECT * FROM #temp_outward
            
	SELECT 
		NULL txn_ref_no,
		NULL utr_no,
		NULL branch_name,
		'TOTAL' ben_acc_no,
		NULL ben_name,
		NULL account_no,
		NULL name,
		SUM(amount) amount, 				
		NULL issue_date,
		NULL ifsc_code,
		NULL transfer_type
	FROM 
		#temp_outward
            
	SELECT COUNT(*) total_count , SUM(amount) total_amount FROM #temp_outward
            
	END
	
	IF(@ReportType = 4)
        
	BEGIN 
	
	INSERT INTO #temp_outward	
	SELECT 
		CASE WHEN nr.rem_txn_type = 'N' THEN 'NEFT' WHEN nr.rem_txn_type = 'R' THEN 'RTGS' END transfer_type,
		nr.txn_ref_no,
		nr.utr_no,
		CAST(nr.txn_branch_code AS VARCHAR) + ' - ' + bm.branch_name as branch_name,
		CASE WHEN nr.remitter_principal_type = 'A' THEN ca.account_no ELSE pmi.product_code END account_no,
		CASE WHEN nr.remitter_principal_type = 'A' THEN bsgturingreports.dbo.fn_GetAccountName(ca.account_id) ELSE pmi.description END name,
		nr.ben_acc_no,
		nr.ben_name,	
		nr.amount,	
		CAST(nr.issue_date AS DATE) issue_date,
		nr.ben_ifsc ifsc_code,
		nr.remitter_principal_id,
		nr.remitter_principal_type
	FROM
		BSGACCOUNTING..neft_rtgs nr WITH(NOLOCK)
		LEFT OUTER JOIN bsgcore..customer_accounts ca WITH(NOLOCK)
			ON nr.remitter_principal_id = ca.account_id AND ca.is_active = 1
		LEFT OUTER JOIN BSGCORE..product_master_internal pmi WITH(NOLOCK)
			ON nr.product_id = pmi.internal_product_id and pmi.is_active = 1
		LEFT OUTER JOIN BSGMASTER..branch_master bm WITH(NOLOCK)
			ON nr.txn_branch_code = bm.branch_code AND bm.is_Active = 1
	WHERE
		nr.is_active = 1	
		AND CAST(nr.issue_date AS DATE) >= @FromDate 
		AND CAST(nr.issue_date AS DATE) <= @ToDate
		AND nr.txn_ref_no NOT IN 
		(
			SELECT
				Main.txn_ref_no
			FROM
			(
			SELECT 
				tmi.*
			FROM 
				bsgaccounting..transaction_master_internal tmi WITH(NOLOCK)
			WHERE
				tmi.is_active = 1 
				AND tmi.principal_id = (
								SELECT pmi.internal_product_id 
								FROM bsgcore..product_master_internal pmi WITH(NOLOCK)
								WHERE pmi.product_code = (SELECT config_value FROM bsgadmin..cbs_config WITH(NOLOCK) WHERE config_key = 'NEFT_SETTLEMENT_PRODUCT' AND is_active = 1)
								AND pmi.branch_code = (SELECT config_value FROM bsgadmin..cbs_config WITH(NOLOCK) WHERE config_key = 'HO_BRANCH_ID' AND is_active = 1)
								AND pmi.is_active = 1
								) 
				AND CAST(tmi.txn_posting_date AS DATE) >= @FromDate 
				AND CAST(tmi.txn_posting_date AS DATE) <= @ToDate 
				AND tmi.txn_nature = 'C'
				AND tmi.activity_id in (5022,5023)

			UNION ALL

			SELECT 
				tmi_df.*
			FROM 
				bsgdeepfreeze..transaction_master_internal_df tmi_df WITH(NOLOCK)
			WHERE
				tmi_df.is_active = 1 
				AND tmi_df.principal_id = (
									SELECT pmi.internal_product_id 
									FROM bsgcore..product_master_internal pmi WITH(NOLOCK)
									WHERE pmi.product_code = (SELECT config_value FROM bsgadmin..cbs_config WITH(NOLOCK) WHERE config_key = 'NEFT_SETTLEMENT_PRODUCT' AND is_active = 1)
									AND pmi.branch_code = (SELECT config_value FROM bsgadmin..cbs_config WITH(NOLOCK) WHERE config_key = 'HO_BRANCH_ID' AND is_active = 1)
									AND pmi.is_active = 1
								 ) 
				AND CAST(tmi_df.txn_posting_date AS DATE) >= @FromDate 
				AND CAST(tmi_df.txn_posting_date AS DATE) <= @ToDate 
				AND tmi_df.txn_nature = 'C'
				AND tmi_df.activity_id in (5022,5023)
			)Main    
		);
			
	SELECT * FROM #temp_outward
            
	SELECT 
		NULL txn_ref_no,
		NULL utr_no,
		NULL branch_name,
		'TOTAL' ben_acc_no,
		NULL ben_name,
		NULL account_no,
		NULL name,
		SUM(amount) amount, 				
		NULL issue_date,
		NULL ifsc_code,
		NULL transfer_type
	FROM 
		#temp_outward
            
	SELECT COUNT(*) total_count , SUM(amount) total_amount FROM #temp_outward;
       
	END 

	DROP TABLE #temp_outward

END 

END

"
29,npa_provision_details,"-- =============================================
-- Author:        <Ashish L>
-- Create date:	  <2023-06-27 19:21:30.957> SELECT GETDATE()
-- Description:   <NPA PROVISION>
-- Exec: npa_provision_details '2023-06-26'
-- =============================================
CREATE    PROCEDURE [dbo].[npa_provision_details]
(
	@cbsAppDate DATE
)
AS
BEGIN

SELECT 
	lam.loan_account_id,
	lam.loan_account_no,
	lam.loan_account_status,
	lam.asset_classification,
	lam.loan_product_code,
	lam.loan_product_id,
	lam.branch_code,
	lam.customer_no,
	lam.date_of_account_opening,
	lab.loan_amount,
	CASE WHEN ISNULL(abb.checker_clear_balance,0)<0 THEN -1*ISNULL(abb.checker_clear_balance,0) ELSE 0 END  checker_clear_balance,
	ISNULL(lpm.is_secured,0) is_secured
	--ISNULL(abb.available_balance,0) available_balance,
	--ISNULL(abb.available_dp,0) available_dp,
	--ISNULL(abb.checker_unclear_balance,0) checker_unclear_balance,
	--ISNULL(abb.principal_outstanding,0) principal_outstanding,
	--ISNULL(abb.sanction_limit,0) sanction_limit,
INTO #loanBasicDetails
FROM 
	BSGLOAN..loan_account_master lam WITH(NOLOCK)
	INNER JOIN BSGLOAN..loan_account_basic lab WITH(NOLOCK)
	ON lam.loan_account_id=lab.loan_account_id
	AND lab.is_active=1
	LEFT JOIN BSGLOAN..loan_product_master lpm WITH(NOLOCK)
	ON lam.loan_product_id=lpm.loan_product_id
	AND lpm.is_active=1
	LEFT JOIN (
			SELECT 
				abl.checker_clear_balance,
				abl.loan_account_id
				--abl.available_balance,
				--abl.available_dp,
				--abl.checker_unclear_balance,
				--abl.principal_outstanding,
				--abl.sanction_limit,
			FROM BSGACCOUNTING..account_balance_loan abl WITH(NOLOCK)
			INNER JOIN (SELECT loan_account_id loanAccountId,MAX(txn_date) maxTxnDate FROM BSGACCOUNTING..account_balance_loan WITH(NOLOCK) 
			where txn_date <= @cbsAppDate GROUP BY loan_account_id) abbl
			ON abl.loan_account_id=abbl.loanAccountId
			AND abl.txn_date=abbl.maxTxnDate) abb
	ON lam.loan_account_id=abb.loan_account_id
WHERE 
	lam.is_active=1
	AND (lam.loan_account_status!=2 OR abb.checker_clear_balance <> 0)

SELECT 
	lbd.*,
	ISNULL(dmmu.defaulter_type,-1) defaulter_type
INTO #LoanAccountDefaulter
FROM 
	#loanBasicDetails lbd WITH(NOLOCK)
	LEFT JOIN BSGLOAN..defaulter_master_marking_unmarking dmmu WITH(NOLOCK)
	ON lbd.loan_account_id=dmmu.loan_account_id
	AND dmmu.is_active=1

SELECT 
	DISTINCT
	loan_account_id,
	is_secured,
	--defaulter_type,
	STUFF (
	(SELECT ','+CAST(defaulter_type AS VARCHAR(50)) FROM #LoanAccountDefaulter a
	WHERE a.loan_account_id=b.loan_account_id order by  loan_account_id,defaulter_type
	FOR XML PATH('')), 1, 1, '') [defaulter_match]
INTO #DefaulterDetails
FROM 
	#LoanAccountDefaulter b

SELECT dd.*,
	ISNULL(df_matrix_id,-1) df_matrix_id,
	ISNULL(df_mapping_description,'REGULAR') df_mapping_description
INTO #DefaulterCompleteDetails
FROM 
	#DefaulterDetails dd WITH(NOLOCK)
	LEFT JOIN BSGACCOUNTING..npa_defaulter_matrix ndm WITH(NOLOCK)
	ON dd.defaulter_match=ndm.df_mapping
	AND ndm.is_active=1

----

UPDATE TMP SET
TMP.df_matrix_id = CASE WHEN PM.is_secured=0 AND is_agricultural=0 THEN 4
		WHEN PM.is_secured=0 AND is_agricultural=1 THEN 5
	  WHEN PM.is_secured=1 AND is_agricultural=0 THEN 6
	  ELSE -1 end
FROM #DefaulterCompleteDetails tmp
INNER JOIN BSGLOAN..loan_account_master lm
	ON TMP.loan_account_id=LM.loan_account_id AND LM.is_active=1
	AND TMP.df_matrix_id=-1
INNER JOIN BSGLOAN..loan_product_master PM
	ON LM.loan_product_id=PM.loan_product_id
	and pm.is_active=1

----
SELECT 
	IIF(dcd.is_secured=1,npm.secured_percentage,npm.unsecured_percentage) provision_percentage,
	IIF(dcd.is_secured=1,(lbd.checker_clear_balance*(npm.secured_percentage/100.00)),(lbd.checker_clear_balance*(npm.unsecured_percentage/100.00))) provision_amount,
	lbd.loan_account_no,
	dcd.loan_account_id,
	dcd.is_secured,
	dcd.df_matrix_id,
	dcd.defaulter_match,
	dcd.df_mapping_description,
	lbd.checker_clear_balance,
	lbd.asset_classification
	--,npm.*
INTO #npaProvisionDetails
FROM 
	#DefaulterCompleteDetails dcd WITH(NOLOCK)
	INNER JOIN #loanBasicDetails lbd WITH(NOLOCK)
	ON dcd.loan_account_id=lbd.loan_account_id
	INNER JOIN BSGACCOUNTING..npa_provision_matrix npm WITH(NOLOCK)
	ON dcd.df_matrix_id=npm.df_matrix_id
	AND lbd.asset_classification=npm.asset_classification
	AND npm.is_active=1
	INNER JOIN (
		SELECT df_matrix_id,
		asset_classification,
		MAX(effective_date) maxDate 
		FROM BSGACCOUNTING..npa_provision_matrix npm WITH(NOLOCK)
		WHERE is_active=1
		GROUP BY df_matrix_id,asset_classification) npmm
	ON npm.df_matrix_id=npmm.df_matrix_id
	AND npm.asset_classification=npmm.asset_classification
	AND npm.effective_date=npmm.maxDate

--SELECT 
--	a.*,
--	b.provision_amount,
--	b.provision_percentage
UPDATE 
	a
SET
	a.provision_amount=b.provision_amount,
	a.provision_percentage=b.provision_percentage
FROM 
	BSGACCOUNTING..loan_sma_classification_details a WITH(NOLOCK)
	INNER JOIN #npaProvisionDetails b
	ON a.loan_account_id=b.loan_account_id
	INNER JOIN (
		SELECT 
			loan_account_id,MAX(txn_date) maxDate 
		FROM 
			BSGACCOUNTING..loan_sma_classification_details WITH(NOLOCK)
		WHERE txn_date<=@cbsAppDate
		GROUP BY loan_account_id
	) c
	ON a.loan_account_id=c.loan_account_id
	AND a.txn_date=c.maxDate

END"
30,npa_provision_preprocessing,"-- =============================================
-- Author:        <Ashish L>
-- Create date:      <2023-07-06 11:25:41.177> SELECT GETDATE()
-- Description:   <NPA PROVISION PRE-PROCESSING DATA>
-- Exec: npa_provision_preprocessing '2023-06-30'
-- =============================================
CREATE   PROCEDURE [dbo].[npa_provision_preprocessing]
(
    @cbsAppDate DATE = null,
	@employeeId INT = -223
)
AS
BEGIN

 

--DECLARE @cbsAppDate DATE = (SELECT app_date FROM BSGACCOUNTING..cbs_application_date NOLOCK WHERE is_active=1)
--SET @cbsAppDate = DATEADD(DAY,-1,@cbsAppDate)
PRINT @cbsAppDate

 

--============================================================
-- Details Provided By North East Bank
--PL-ACCOUNT
--90000000350: Provision of Standard A
--90000000352: Provision of NPA
--GL Product
--7805: Provision for Standard Assets-L
--7801: Provision for Sub-Standard Assets
--7802: Provision for Doubtfull Assets-L
--============================================================

 

CREATE TABLE #PLAccountNo
(
    plAccountNo VARCHAR(20),
    plAccountId INT,
    branchCode INT,
    assetClassification VARCHAR(20)
)
INSERT INTO #PLAccountNo
SELECT 
    cv.account_no,cv.account_id,cv.branch_code,'STANDARD' 
FROM 
    BSGACCOUNTING..customer_view cv WITH(NOLOCK)
    INNER JOIN BSGCORE..account_master_internal ami WITH(NOLOCK)
        ON cv.account_id=ami.internal_account_id
        AND ami.is_active=1
WHERE 
    cv.account_no LIKE '%90000000350'
UNION
SELECT 
    cv.account_no,cv.account_id,cv.branch_code,'NPA' 
FROM 
    BSGACCOUNTING..customer_view cv WITH(NOLOCK)
    INNER JOIN BSGCORE..account_master_internal ami WITH(NOLOCK)
        ON cv.account_id=ami.internal_account_id
        AND ami.is_active=1
WHERE 
    cv.account_no LIKE '%90000000352'

 

--SELECT * FROM #PLAccountNo

 

CREATE TABLE #GLProductCode
(
    creditProductCode INT,
    creditProductId INT,
    branchCode INT,
    assetClassification VARCHAR(20)
)

 

INSERT INTO #GLProductCode
SELECT product_code,internal_product_id,branch_code,'STANDARD' FROM BSGCORE..product_master_internal NOLOCK WHERE product_code=7805 and is_active = 1
UNION
SELECT product_code,internal_product_id,branch_code,'SUB-STANDARD' FROM BSGCORE..product_master_internal NOLOCK WHERE product_code=7801 and is_active = 1
UNION
SELECT product_code,internal_product_id,branch_code,'NPA' FROM BSGCORE..product_master_internal NOLOCK WHERE product_code=7802 and is_active = 1

 

--SELECT * FROM #GLProductCode

 

INSERT INTO BSGACCOUNTING..npa_provision_preprocessing_data
(
    [branch_code],[product_code],[asset_classification],[sum_of_provision_amount],[txn_date],[txn_ref_no],
    [is_processing],[is_reversal],[pl_account_id],[gl_product_id],[created_by],[created_date],[last_modified_by],
    [last_modified_date],[is_active],[reversal_txn_ref_no]
)

 

SELECT 
    pro1.branch_code,
    pro1.loan_product_code,
    pro1.asset_classification,
    pro1.sumOfProvisionAmount,
    @cbsAppDate txnDate,
    -1 txnRefNo,
    0 isProcessing,
    0 isReversal,
    CASE 
        WHEN asset_classification IN (1,2) THEN (SELECT plAccountId FROM #PLAccountNo pl WHERE pl.branchCode=pro1.branch_code AND pl.assetClassification = 'STANDARD')
        ELSE (SELECT plAccountId FROM #PLAccountNo pl WHERE pl.branchCode=pro1.branch_code AND pl.assetClassification = 'NPA')
    END DebitPlAccountId,
    CASE 
        WHEN asset_classification IN (1,2) THEN (SELECT gl.creditProductId FROM #GLProductCode gl WHERE gl.branchCode=pro1.branch_code AND gl.assetClassification = 'STANDARD')
        WHEN asset_classification IN (3) THEN (SELECT gl.creditProductId FROM #GLProductCode gl WHERE gl.branchCode=pro1.branch_code AND gl.assetClassification = 'SUB-STANDARD')
        ELSE (SELECT gl.creditProductId FROM #GLProductCode gl WHERE gl.branchCode=pro1.branch_code AND gl.assetClassification = 'NPA')
    END CreditGLProductId,
    @employeeId,
    GETDATE(),
    @employeeId,
    GETDATE(),
    1,
	-1
FROM(
SELECT 
    SUM(provision_amount) sumOfProvisionAmount,
    branch_code,
    loan_product_code,
    asset_classification
FROM(
    SELECT 
        lam.loan_account_id,
        lam.loan_account_no,
        lscd.asset_classification,
        lam.loan_product_code,
        lam.branch_code,
        lscd.provision_amount
    FROM
        BSGACCOUNTING..loan_sma_classification_details lscd WITH(NOLOCK)
        INNER JOIN BSGLOAN..loan_account_master lam WITH(NOLOCK)
        ON lscd.loan_account_id=lam.loan_account_id
        AND lam.is_active=1
    WHERE 
        txn_date = @cbsAppDate
) pro
GROUP BY 
    branch_code,
    loan_product_code,
    asset_classification
) pro1
ORDER BY branch_code,loan_product_code,asset_classification

 

END"
31,SMA_IDENTIFICATION,"
-- =============================================
-- Author:		Abhishek Vichhi
-- Create date: 2022-03-08
-- Description:	<SMA_IDENTIFICATION, Identify the sma classification and store it,>
-- =============================================

CREATE    PROCEDURE [dbo].[SMA_IDENTIFICATION] -- SMA_IDENTIFICATION '2023-06-27'
(
	@cbsAppDate date
)
AS 
BEGIN

DECLARE @sma0Days int = 30
DECLARE @sma1Days int = 60
DECLARE @sma2Days int = 90



DECLARE @fromDateSM0 date = DATEADD(d,-@sma0Days,@cbsAppDate)
DECLARE @fromDateSM1 date = DATEADD(d,-@sma1Days,@cbsAppDate)
DECLARE @fromDateSM2 date = DATEADD(d,-@sma2Days,@cbsAppDate)
DECLARE @defaultDate date = '1900-01-01'

-- SPLITING LOGIC OF STAFF HOUSING LOAN
DECLARE  @Input NVARCHAR(MAX)  = (select config_value from BSGADMIN..cbs_config where config_key = 'LOAN_ORDER_REVERSAL_PRODUCTS' and is_active = 1),
      @Character CHAR(1) = ','

  
CREATE TABLE #temp_product_details (
		product_code varchar(500)
)

DECLARE @StartIndex INT, @EndIndex INT
 
SET @StartIndex = 1
IF SUBSTRING(@Input, LEN(@Input) - 1, LEN(@Input)) <> @Character
BEGIN
	SET @Input = @Input + @Character
END
 
WHILE CHARINDEX(@Character, @Input) > 0
BEGIN
	SET @EndIndex = CHARINDEX(@Character, @Input)
           
	INSERT INTO #temp_product_details
	SELECT TRIM(SUBSTRING(@Input, @StartIndex, @EndIndex - 1))
           
	SET @Input = SUBSTRING(@Input, @EndIndex + 1, LEN(@Input))
END

-- Getting SMA-0 Details
select 
	account_id,
	txn_date,
	CASE WHEN ISNULL(InterestDebit,0) - ISNULL(InterestReversal,0) < 0 THEN 0 else ISNULL(InterestDebit,0) - ISNULL(InterestReversal,0) end Interest
INTO
	#temp_sm0_details
From
(

select
	id.account_id,
	SUM(CASE WHEN activity_id in (3004,3006,6003,6005) then  id.interest_amount else 0 end) InterestDebit,
	SUM(CASE WHEN activity_id in (3005,3014,6004,6006) then  id.interest_amount else 0 end) InterestReversal,
	MIN(txn_date) txn_date
from
	BSGACCOUNTING..interest_details id with(nolock)
	left outer join BSGLOAN..loan_account_master lam with(nolock)
		on id.account_id = lam.loan_account_id
			and lam.is_active = 1
Where
	lam.loan_account_status <> 2
	and id.txn_date >= @fromDateSM0
	and id.txn_date <= @cbsAppDate
	and id.activity_id in (
							3004,3006,6003,6005, -- Loan Interest Debit Activtity,Loan Penal Debit Activtity,CC Interest Debit Activtity,CC Penal Debit Activtity
							3005,3014,6004,6006  -- Loan Interest Reversal Activtity,Loan Penal Reversal Activtity,CC Interest Reversal Activtity,CC Penal Reversal Activtity
						   )
group by id.account_id
)a

-- Getting SMA-1 Details
select 
	account_id,
	txn_date,
	CASE WHEN ISNULL(InterestDebit,0) - ISNULL(InterestReversal,0) < 0 THEN 0 else ISNULL(InterestDebit,0) - ISNULL(InterestReversal,0) end Interest
INTO
	#temp_sm1_details
From
(

select
	id.account_id,
	SUM(CASE WHEN activity_id in (3004,3006,6003,6005) then  id.interest_amount else 0 end) InterestDebit,
	SUM(CASE WHEN activity_id in (3005,3014,6004,6006) then  id.interest_amount else 0 end) InterestReversal,
	MIN(txn_date) txn_date
from
	BSGACCOUNTING..interest_details id with(nolock)
	left outer join BSGLOAN..loan_account_master lam with(nolock)
		on id.account_id = lam.loan_account_id
			and lam.is_active = 1
Where
	lam.loan_account_status <> 2
	and id.txn_date >= @fromDateSM1
	and id.txn_date <= @cbsAppDate
	and id.activity_id in (
							3004,3006,6003,6005, -- Loan Interest Debit Activtity,Loan Penal Debit Activtity,CC Interest Debit Activtity,CC Penal Debit Activtity
							3005,3014,6004,6006  -- Loan Interest Reversal Activtity,Loan Penal Reversal Activtity,CC Interest Reversal Activtity,CC Penal Reversal Activtity
						   )
group by id.account_id
)a


-- Getting SMA-2 Details
select 
	account_id,
	txn_date,
	CASE WHEN ISNULL(InterestDebit,0) - ISNULL(InterestReversal,0) < 0 THEN 0 else ISNULL(InterestDebit,0) - ISNULL(InterestReversal,0) end Interest
INTO
	#temp_sm2_details
From
(

select
	id.account_id,
	SUM(CASE WHEN activity_id in (3004,3006,6003,6005) then  id.interest_amount else 0 end) InterestDebit,
	SUM(CASE WHEN activity_id in (3005,3014,6004,6006) then  id.interest_amount else 0 end) InterestReversal,
	MIN(txn_date) txn_date
from
	BSGACCOUNTING..interest_details id with(nolock)
	left outer join BSGLOAN..loan_account_master lam with(nolock)
		on id.account_id = lam.loan_account_id
			and lam.is_active = 1
Where
	lam.loan_account_status <> 2
	and id.txn_date >= @fromDateSM2
	and id.txn_date <= @cbsAppDate
	and id.activity_id in (
							3004,3006,6003,6005, -- Loan Interest Debit Activtity,Loan Penal Debit Activtity,CC Interest Debit Activtity,CC Penal Debit Activtity
							3005,3014,6004,6006  -- Loan Interest Reversal Activtity,Loan Penal Reversal Activtity,CC Interest Reversal Activtity,CC Penal Reversal Activtity
						   )
group by id.account_id
)a

select 
	*,
	--,
	--ISNULL(case when repayment_mode = 1
	--	and cast(installment_start_date as date) <= @cbsAppDate
	--	and overdue_amount > 0
	--then 
	--case when  case when installment_frequency = 8 then (DATEDIFF(d,DATEADD(d,-monthStartFromOverdue,lastInstallmentDueDate),@cbsAppDate) + 1 )
	-- else (DATEDIFF(d,DATEADD(M,-monthStartFromOverdue,lastInstallmentDueDate),@cbsAppDate)) end < 0 then 
	-- 0 else case when installment_frequency = 8 then (DATEDIFF(d,DATEADD(d,-monthStartFromOverdue,lastInstallmentDueDate),@cbsAppDate) +1 )
	-- else (DATEDIFF(d,DATEADD(M,-monthStartFromOverdue,lastInstallmentDueDate),@cbsAppDate)) end end
	--else overdue_days_count end,overdue_days_count) overdue_days_count_for_sma_calulation
	overdue_days_count overdue_days_count_for_sma_calulation
INTO	
	#temp_sma_calculation_details
from
(
select 
	*,
	case when totalInstallmentReceived = 0 then disbursement_date else
	 '1900-01-01' end lastInstallmentDueDate
FROM
(
select 
	*,
case installment_frequency when 8
then DATEADD(D,(case when totalInstallmentReceived > no_of_installment then no_of_installment else totalInstallmentReceived end - 1) * frequencyMultiplier,installment_start_date)
else DATEADD(M,(case when totalInstallmentReceived > no_of_installment then no_of_installment else totalInstallmentReceived end - 1) * frequencyMultiplier,installment_start_date)
end lastInstallmentDueDate1,
case when smaclassificationforInterest > 0 then 
DATEDIFF(d,smaclassificationforDate,@cbsAppDate)
else 0 end overdueDaysForInterestSMA



from
(

select 
	*,
	case installment_frequency 
	when 1 -- MONTHLY
	then totalMonthsPassed 
	when 2 -- QUARTERLY
	then ((totalMonthsPassed + 2)/3)
	when 3 -- HALF-YEARLY
	then ((totalMonthsPassed + 5)/6)
	when 4 -- YEARLY
	then ((totalMonthsPassed + 11)/12)
	when 5 -- BI-Monthly
	then ((totalMonthsPassed + 1)/2)
	when 6 -- Daily
	then  case when (DATEDIFF(d,installment_start_date,@cbsAppDate) + 1) > 0 then (DATEDIFF(d,installment_start_date,@cbsAppDate) + 1) else 0 end 
	else totalMonthsPassed end
	totalInstallmentReceived,
	case 
		installment_frequency 
	when 1 -- MONTHLY
	then (lostInstallment - 1 ) 
	when 2 -- QUARTERLY
	then ((lostInstallment - 1 )  * 3)
	when 3 -- HALF-YEARLY
	then ((lostInstallment - 1 )  * 6)
	when 4 -- YEARLY
	then ((lostInstallment - 1 )  * 12)
	when 5 -- BI-Monthly
	then ((lostInstallment - 1 )  * 2)
	when 6 -- Daily
	then  (lostInstallment - 1 ) 
	else (lostInstallment - 1 )  end monthStartFromOverdue,
	case when asset_classification = 1 and IsStaffHousing <> 1 -- Not staffhousing
				and repayment_mode <> 3 and pendingInterest > 0
	then case when pendingInterest >= sma2Interest and sma2Date<sma1Date and sma2MoratoriumCheck = 1 then 2 -- SMA - 2
			  when pendingInterest >= sma1Interest and sma1Date<sma0Date and sma1MoratoriumCheck = 1 then 1 -- SMA - 1
			  when (pendingInterest >= sma0Interest or pendingInterest < sma1Interest) and sma1Date<=sma0Date and sma0MoratoriumCheck = 1 and loan_type = 1 then 0 -- SMA - 0	
			  else -1 end													
	else -1 end smaclassificationforInterest,
	case when asset_classification = 1 and IsStaffHousing <> 1 -- Not staffhousing
				and repayment_mode <> 3 and pendingInterest > 0
	then case when pendingInterest >= sma2Interest and sma2Date<sma1Date and sma2MoratoriumCheck = 1 then sma2Date -- SMA - 2
			  when pendingInterest >= sma1Interest and sma1Date<sma0Date and sma1MoratoriumCheck = 1 then sma1Date -- SMA - 1
			  when (pendingInterest >= sma0Interest or pendingInterest < sma1Interest) and sma1Date<=sma0Date and sma0MoratoriumCheck = 1 and loan_type = 1 then sma0Date -- SMA - 0	
			  else @defaultDate end													
	else @defaultDate end smaclassificationforDate

from
    (   
	select 
		LAM.loan_account_id,
	--	lam.asset_classification,
		lab.installment_start_date,
		lam.loan_product_code,
		lab.limit_expiry_date,
		lab.moratorium_based_emi,
		lab.moratorium_int_recovery_mode,
		lab.moratoriun_period,
		lab.disbursement_date,
		lpm.repayment_mode,
		lam.loan_type,
		lpm.is_agricultural,
		lpm.prime_security_type,
		lab.installment_frequency,
		lpm.interest_frequency,
		abl.installment_amount,
		abl.overdue_amount,
		abl.overdue_days_count,
		CASE WHEN LPM.interest_rate_type = 1  THEN 
					 LAB.rate_of_interest 

			WHEN LPM.interest_rate_type = 2 THEN	
			(select 
				top 1 rate_of_interest 
			from 
				bsgloan..loan_interest_slab_master with(nolock)
			where 
				is_active=1 
				and effective_date = (select 
										MAX(i.effective_date) 
										from 
										bsgloan..loan_interest_slab_master i  with(nolock)
										where 
										i.effective_date <= @cbsAppDate
										and i.loan_product_id=lpm.loan_product_id 
										) 
				and loan_product_id=lpm.loan_product_id 
				and lab.loan_amount>=from_amount 
				and lab.loan_amount<=to_amount
				AND from_months <= ((lab.loan_tenure_year * 12) + lab.loan_tenure_month + (lab.loan_tunure_days / 30) ) 
				AND to_months >= ((lab.loan_tenure_year * 12) + lab.loan_tenure_month + (lab.loan_tunure_days / 30)  )
			order by 
				effective_date desc, from_months, to_months)  END rate_of_interest,
		lab.offset,
		lam.asset_classification,
		CEILING(
		case when overdue_amount > 0 
			and abl.installment_amount > 0
			then ISNULL(overdue_amount/abl.installment_amount,0)
			else 0 end
		) lostInstallment,
	0
	totalMonthsPassed,
	case installment_frequency 
	when 1 -- MONTHLY
	then 1 
	when 2 -- QUARTERLY
	then 3
	when 3 -- HALF-YEARLY
	then 6
	when 4 -- YEARLY
	then 12
	when 5 -- BI-Monthly
	then 2
	when 6 -- Daily
	then  1
	else 1 end frequencyMultiplier,
	ISNULL(sma0.txn_date,@fromDateSM0) sma0Date,
	ISNULL(sma0.Interest,0) sma0Interest,	
	ISNULL(sma1.txn_date,@fromDateSM1) sma1Date,
	ISNULL(sma1.Interest,0) sma1Interest, 
	ISNULL(sma2.txn_date,@fromDateSM2) sma2Date,
	ISNULL(sma2.Interest,0) sma2Interest,
	ISNULL(abl.interest_applied,0) - ISNULL(abl.interest_paid,0) 
	+ ISNULL(abl.penal_interest_applied,0) - ISNULL(abl.penal_interest_paid,0)  pendingInterest,
	case when lpm.repayment_mode = 1 and moratorium_based_emi = 1 and lab.moratorium_int_recovery_mode = 2 and moratoriun_period > 0 and ISNULL(sma0.txn_date,@fromDateSM0) <= lab.installment_start_date
	then 0
	when cast(date_of_account_opening as date) > @fromDateSM0 then 0
	 else  1 end sma0MoratoriumCheck,
	case when lpm.repayment_mode = 1 and moratorium_based_emi = 1 and lab.moratorium_int_recovery_mode = 2 and moratoriun_period > 0 and ISNULL(sma1.txn_date,@fromDateSM1) <= lab.installment_start_date
	then 0 
	when cast(date_of_account_opening as date) > @fromDateSM1 then 0
	else  1 end sma1MoratoriumCheck,
	case when lpm.repayment_mode = 1 and moratorium_based_emi = 1 and lab.moratorium_int_recovery_mode = 2 and moratoriun_period > 0 and ISNULL(sma2.txn_date,@fromDateSM2) <= lab.installment_start_date
	then 0 
	when cast(date_of_account_opening as date) > @fromDateSM2 then 0
	else  1 end sma2MoratoriumCheck,
	case when staffHousing.product_code is not null then  1 else  0 end IsStaffHousing,
	lab.no_of_installment
	from
		BSGLOAN..loan_account_master LAM WITH(NOLOCK) 
		LEFT JOIN BSGLOAN..loan_product_master LPM  WITH(NOLOCK)
			ON LAM.loan_product_id = LPM.loan_product_id
				and LPM.is_active = 1
		LEFT JOIN BSGLOAN..loan_account_basic LAB WITH(NOLOCK)
			ON LAB.loan_account_id = LAM.loan_account_id
				and LAB.is_active = 1 
		LEFT JOIN (
					select	
						ABL.loan_account_id ,
						MAX(txn_date) txn_date
					FROM
						BSGACCOUNTING..account_balance_loan ABL WITH(NOLOCK)
					Where	
						txn_date <= @cbsAppDate 
					Group by 
						ABL.loan_account_id
					)AB
				ON AB.loan_account_id = LAM.loan_account_id
		LEFT JOIN BSGACCOUNTING..account_balance_loan ABL WITH(NOLOCK)
			ON ABL.loan_account_id = AB.loan_account_id	
				and ABL.txn_date = AB.txn_date
		LEFT OUTER JOIN #temp_sm0_details sma0
			on lam.loan_account_id = sma0.account_id
		LEFT OUTER JOIN #temp_sm1_details sma1
			on lam.loan_account_id = sma1.account_id
		LEFT OUTER JOIN #temp_sm2_details sma2
			on lam.loan_account_id = sma2.account_id	
		LEFT OUTER JOIN #temp_product_details staffHousing
			on 	staffHousing.product_code = cast(lam.loan_product_code as varchar(50))
					--and ABL.is_active = 1
	Where
		LAM.is_active = 1
		and LAM.loan_account_status <> 2
	)totalMonths
)totalRecivedInstallment
)lastInstallmentDueDate
)lastInstallmentDueDate1
	
-- SMA For Repayment Mode EMI -- calculation from chart
update s
set  s.overdue_days_count_for_sma_calulation =
 case when s.overdue_days_count > ABL.interest_overdue_days then s.overdue_days_count else ABL.interest_overdue_days end  ,
smaclassificationforInterest = -1
from
	#temp_sma_calculation_details s
	left outer join BSGLOAN..loan_account_master l  WITH(NOLOCK)
		on l.loan_account_id = s.loan_account_id
			and l.is_active = 1
	LEFT JOIN BSGLOAN..loan_product_master LPM  WITH(NOLOCK)
			ON l.loan_product_id = LPM.loan_product_id
				and LPM.is_active = 1
 LEFT JOIN (
					select	
						ABL.loan_account_id ,
						MAX(txn_date) txn_date
					FROM
						BSGACCOUNTING..account_balance_loan ABL WITH(NOLOCK)
					Where	
						txn_date <= @cbsAppDate 
					Group by 
						ABL.loan_account_id
					)AB
				ON AB.loan_account_id = s.loan_account_id
		LEFT JOIN BSGACCOUNTING..account_balance_loan ABL WITH(NOLOCK)
			ON ABL.loan_account_id = AB.loan_account_id	
				and ABL.txn_date = AB.txn_date
Where
	lpm.repayment_mode = 1
		
INSERT INTO loan_sma_classification_details

select 
	loan_account_id,
	txn_date,
	case when sma_classification < smaclassificationforInterest then smaclassificationforInterest
	else  sma_classification end  sma_classification,
	asset_classification,
	rate_of_interest,
	offset,
	overdue_days_count_for_sma_calulation,
	sma_classification smaclassificationforOverdue,
	smaclassificationforInterest,
	overdueDaysForInterestSMA,
	0,0
from
(

select 
	loan_account_id,
	@cbsAppDate txn_date,
	ISNULL(
		case when 
		asset_classification = 1 -- Standard
		then 
		case when loan_type= 1 and overdue_days_count_for_sma_calulation > 0 and  overdue_days_count_for_sma_calulation <= @sma0Days -- SMA -- 0
		then 0
		when overdue_days_count_for_sma_calulation > @sma0Days  and  overdue_days_count_for_sma_calulation <= @sma1Days -- SMA -- 1
		then 1
		when overdue_days_count_for_sma_calulation > @sma1Days  -- and  overdue_days_count_for_sma_calulation <= 90 -- SMA -- 2
		then 2
		else -1 
		end	
		else -1 end
		,-1) sma_classification,
	asset_classification,
	rate_of_interest,
	offset,
	overdue_days_count_for_sma_calulation,
	smaclassificationforInterest,
	overdueDaysForInterestSMA
from	
	#temp_sma_calculation_details
)A


exec BSGACCOUNTING.dbo.npa_provision_details @cbsAppDate

/*
select 
	ll.branch_code,ll.loan_product_code,ll.loan_account_no,ll.account_name,
	case  t.sma_classification  
	when 0 then 'SMA 0'
	when 1 then 'SMA 1'
	when 2 then 'SMA 2'
	else '' end sma_classification,
	case 
		when t.asset_classification=1 then 'STANDARD'
		when t.asset_classification=3 then 'SUBSTANDARD'
		when t.asset_classification=4 then 'DOUBTFUL-1'
		WHEN t.asset_classification=5 THEN 'DOUBTFUL-2'
		WHEN t.asset_classification=6 THEN 'DOUBTFUL-3'
		WHEN t.asset_classification=7 THEN 'LOSS ASSET' 
	END asset_classification
		
	
from
	#Temp_SMA_IDENTIFICATION t
	left outer join BSGLOAN..loan_account_master ll
		on ll.loan_account_id = t.loan_account_id
			and ll.is_active=  1
order by	
	ll.branch_code,ll.loan_product_code,ll.loan_account_no

*/	
END
"
32,SMA_IDENTIFICATION_BAK20230110,"
-- =============================================
-- Author:		Abhishek Vichhi
-- Create date: 2022-03-08
-- Description:	<SMA_IDENTIFICATION, Identify the sma classification and store it,>
-- =============================================

CREATE   PROCEDURE [dbo].[SMA_IDENTIFICATION_BAK20230110] -- SMA_IDENTIFICATION '2022-05-25'
(
	@cbsAppDate date
)
AS 
BEGIN


DECLARE @fromDateSM0 date = DATEADD(d,-30,@cbsAppDate)
DECLARE @fromDateSM1 date = DATEADD(d,-60,@cbsAppDate)
DECLARE @fromDateSM2 date = DATEADD(d,-90,@cbsAppDate)
DECLARE @defaultDate date = '1900-01-01'

-- SPLITING LOGIC OF STAFF HOUSING LOAN
DECLARE  @Input NVARCHAR(MAX)  = (select config_value from BSGADMIN..cbs_config where config_key = 'LOAN_ORDER_REVERSAL_PRODUCTS' and is_active = 1),
      @Character CHAR(1) = ','

  
CREATE TABLE #temp_product_details (
		product_code varchar(500)
)

DECLARE @StartIndex INT, @EndIndex INT
 
SET @StartIndex = 1
IF SUBSTRING(@Input, LEN(@Input) - 1, LEN(@Input)) <> @Character
BEGIN
	SET @Input = @Input + @Character
END
 
WHILE CHARINDEX(@Character, @Input) > 0
BEGIN
	SET @EndIndex = CHARINDEX(@Character, @Input)
           
	INSERT INTO #temp_product_details
	SELECT TRIM(SUBSTRING(@Input, @StartIndex, @EndIndex - 1))
           
	SET @Input = SUBSTRING(@Input, @EndIndex + 1, LEN(@Input))
END

-- Getting SMA-0 Details
select 
	account_id,
	txn_date,
	CASE WHEN ISNULL(InterestDebit,0) - ISNULL(InterestReversal,0) < 0 THEN 0 else ISNULL(InterestDebit,0) - ISNULL(InterestReversal,0) end Interest
INTO
	#temp_sm0_details
From
(

select
	id.account_id,
	SUM(CASE WHEN activity_id in (3004,3006,6003,6005) then  id.interest_amount else 0 end) InterestDebit,
	SUM(CASE WHEN activity_id in (3005,3014,6004,6006) then  id.interest_amount else 0 end) InterestReversal,
	MIN(txn_date) txn_date
from
	BSGACCOUNTING..interest_details id with(nolock)
	left outer join BSGLOAN..loan_account_master lam with(nolock)
		on id.account_id = lam.loan_account_id
			and lam.is_active = 1
Where
	lam.loan_account_status <> 2
	and id.txn_date >= @fromDateSM0
	and id.txn_date <= @cbsAppDate
	and id.activity_id in (
							3004,3006,6003,6005, -- Loan Interest Debit Activtity,Loan Penal Debit Activtity,CC Interest Debit Activtity,CC Penal Debit Activtity
							3005,3014,6004,6006  -- Loan Interest Reversal Activtity,Loan Penal Reversal Activtity,CC Interest Reversal Activtity,CC Penal Reversal Activtity
						   )
group by id.account_id
)a

-- Getting SMA-1 Details
select 
	account_id,
	txn_date,
	CASE WHEN ISNULL(InterestDebit,0) - ISNULL(InterestReversal,0) < 0 THEN 0 else ISNULL(InterestDebit,0) - ISNULL(InterestReversal,0) end Interest
INTO
	#temp_sm1_details
From
(

select
	id.account_id,
	SUM(CASE WHEN activity_id in (3004,3006,6003,6005) then  id.interest_amount else 0 end) InterestDebit,
	SUM(CASE WHEN activity_id in (3005,3014,6004,6006) then  id.interest_amount else 0 end) InterestReversal,
	MIN(txn_date) txn_date
from
	BSGACCOUNTING..interest_details id with(nolock)
	left outer join BSGLOAN..loan_account_master lam with(nolock)
		on id.account_id = lam.loan_account_id
			and lam.is_active = 1
Where
	lam.loan_account_status <> 2
	and id.txn_date >= @fromDateSM1
	and id.txn_date <= @cbsAppDate
	and id.activity_id in (
							3004,3006,6003,6005, -- Loan Interest Debit Activtity,Loan Penal Debit Activtity,CC Interest Debit Activtity,CC Penal Debit Activtity
							3005,3014,6004,6006  -- Loan Interest Reversal Activtity,Loan Penal Reversal Activtity,CC Interest Reversal Activtity,CC Penal Reversal Activtity
						   )
group by id.account_id
)a


-- Getting SMA-2 Details
select 
	account_id,
	txn_date,
	CASE WHEN ISNULL(InterestDebit,0) - ISNULL(InterestReversal,0) < 0 THEN 0 else ISNULL(InterestDebit,0) - ISNULL(InterestReversal,0) end Interest
INTO
	#temp_sm2_details
From
(

select
	id.account_id,
	SUM(CASE WHEN activity_id in (3004,3006,6003,6005) then  id.interest_amount else 0 end) InterestDebit,
	SUM(CASE WHEN activity_id in (3005,3014,6004,6006) then  id.interest_amount else 0 end) InterestReversal,
	MIN(txn_date) txn_date
from
	BSGACCOUNTING..interest_details id with(nolock)
	left outer join BSGLOAN..loan_account_master lam with(nolock)
		on id.account_id = lam.loan_account_id
			and lam.is_active = 1
Where
	lam.loan_account_status <> 2
	and id.txn_date >= @fromDateSM2
	and id.txn_date <= @cbsAppDate
	and id.activity_id in (
							3004,3006,6003,6005, -- Loan Interest Debit Activtity,Loan Penal Debit Activtity,CC Interest Debit Activtity,CC Penal Debit Activtity
							3005,3014,6004,6006  -- Loan Interest Reversal Activtity,Loan Penal Reversal Activtity,CC Interest Reversal Activtity,CC Penal Reversal Activtity
						   )
group by id.account_id
)a

select 
	*,
	ISNULL(case when repayment_mode = 1
		and cast(installment_start_date as date) <= @cbsAppDate
		and overdue_amount > 0
	then 
	case when  case when installment_frequency = 8 then (DATEDIFF(d,DATEADD(d,-monthStartFromOverdue,lastInstallmentDueDate),@cbsAppDate) + 1 )
	 else (DATEDIFF(d,DATEADD(M,-monthStartFromOverdue,lastInstallmentDueDate),@cbsAppDate)) end < 0 then 
	 0 else case when installment_frequency = 8 then (DATEDIFF(d,DATEADD(d,-monthStartFromOverdue,lastInstallmentDueDate),@cbsAppDate) +1 )
	 else (DATEDIFF(d,DATEADD(M,-monthStartFromOverdue,lastInstallmentDueDate),@cbsAppDate)) end end
	else overdue_days_count end,overdue_days_count) overdue_days_count_for_sma_calulation
INTO	
	#temp_sma_calculation_details
from
(
select 
	*,
	case when totalInstallmentReceived = 0 then disbursement_date else
	 dbo.getLastInstallmentDueDate(loan_account_id,@cbsAppDate,
	loan_product_code,disbursement_date,limit_expiry_date,
	installment_start_date,installment_frequency,lastInstallmentDueDate1) end lastInstallmentDueDate
FROM
(
select 
	*,
case installment_frequency when 8
then DATEADD(D,(case when totalInstallmentReceived > no_of_installment then no_of_installment else totalInstallmentReceived end - 1) * frequencyMultiplier,installment_start_date)
else DATEADD(M,(case when totalInstallmentReceived > no_of_installment then no_of_installment else totalInstallmentReceived end - 1) * frequencyMultiplier,installment_start_date)
end lastInstallmentDueDate1,
case when smaclassificationforInterest > 0 then 
DATEDIFF(d,smaclassificationforDate,@cbsAppDate)
else 0 end overdueDaysForInterestSMA



from
(

select 
	*,
	case installment_frequency 
	when 1 -- MONTHLY
	then totalMonthsPassed 
	when 2 -- QUARTERLY
	then ((totalMonthsPassed + 2)/3)
	when 3 -- HALF-YEARLY
	then ((totalMonthsPassed + 5)/6)
	when 4 -- YEARLY
	then ((totalMonthsPassed + 11)/12)
	when 5 -- BI-Monthly
	then ((totalMonthsPassed + 1)/2)
	when 6 -- Daily
	then  case when (DATEDIFF(d,installment_start_date,@cbsAppDate) + 1) > 0 then (DATEDIFF(d,installment_start_date,@cbsAppDate) + 1) else 0 end 
	else totalMonthsPassed end
	totalInstallmentReceived,
	case 
		installment_frequency 
	when 1 -- MONTHLY
	then (lostInstallment - 1 ) 
	when 2 -- QUARTERLY
	then ((lostInstallment - 1 )  * 3)
	when 3 -- HALF-YEARLY
	then ((lostInstallment - 1 )  * 6)
	when 4 -- YEARLY
	then ((lostInstallment - 1 )  * 12)
	when 5 -- BI-Monthly
	then ((lostInstallment - 1 )  * 2)
	when 6 -- Daily
	then  (lostInstallment - 1 ) 
	else (lostInstallment - 1 )  end monthStartFromOverdue,
	case when asset_classification = 1 and IsStaffHousing <> 1 -- Not staffhousing
				and repayment_mode <> 3 and pendingInterest > 0
	then case when pendingInterest >= sma2Interest and sma2Date<sma1Date and sma2MoratoriumCheck = 1 then 2 -- SMA - 2
			  when pendingInterest >= sma1Interest and sma1Date<sma0Date and sma1MoratoriumCheck = 1 then 1 -- SMA - 1
			  when (pendingInterest >= sma0Interest or pendingInterest < sma1Interest) and sma1Date<=sma0Date and sma0MoratoriumCheck = 1 and loan_type = 1 then 0 -- SMA - 0	
			  else -1 end													
	else -1 end smaclassificationforInterest,
	case when asset_classification = 1 and IsStaffHousing <> 1 -- Not staffhousing
				and repayment_mode <> 3 and pendingInterest > 0
	then case when pendingInterest >= sma2Interest and sma2Date<sma1Date and sma2MoratoriumCheck = 1 then sma2Date -- SMA - 2
			  when pendingInterest >= sma1Interest and sma1Date<sma0Date and sma1MoratoriumCheck = 1 then sma1Date -- SMA - 1
			  when (pendingInterest >= sma0Interest or pendingInterest < sma1Interest) and sma1Date<=sma0Date and sma0MoratoriumCheck = 1 and loan_type = 1 then sma0Date -- SMA - 0	
			  else @defaultDate end													
	else @defaultDate end smaclassificationforDate

from
    (   
	select 
		LAM.loan_account_id,
	--	lam.asset_classification,
		lab.installment_start_date,
		lam.loan_product_code,
		lab.limit_expiry_date,
		lab.moratorium_based_emi,
		lab.moratorium_int_recovery_mode,
		lab.moratoriun_period,
		lab.disbursement_date,
		lpm.repayment_mode,
		lam.loan_type,
		lpm.is_agricultural,
		lpm.prime_security_type,
		lab.installment_frequency,
		lpm.interest_frequency,
		abl.installment_amount,
		abl.overdue_amount,
		abl.overdue_days_count,
		CASE WHEN LPM.interest_rate_type = 1  THEN 
					 LAB.rate_of_interest 

			WHEN LPM.interest_rate_type = 2 THEN	
			(select 
				top 1 rate_of_interest 
			from 
				bsgloan..loan_interest_slab_master with(nolock)
			where 
				is_active=1 
				and effective_date = (select 
										MAX(i.effective_date) 
										from 
										bsgloan..loan_interest_slab_master i  with(nolock)
										where 
										i.effective_date <= @cbsAppDate
										and i.loan_product_id=lpm.loan_product_id 
										) 
				and loan_product_id=lpm.loan_product_id 
				and lab.loan_amount>=from_amount 
				and lab.loan_amount<=to_amount
				AND from_months <= ((lab.loan_tenure_year * 12) + lab.loan_tenure_month + (lab.loan_tunure_days / 30) ) 
				AND to_months >= ((lab.loan_tenure_year * 12) + lab.loan_tenure_month + (lab.loan_tunure_days / 30)  )
			order by 
				effective_date desc, from_months, to_months)  END rate_of_interest,
		lab.offset,
		lam.asset_classification,
		CEILING(
		case when overdue_amount > 0 
			and abl.installment_amount > 0
			then ISNULL(overdue_amount/abl.installment_amount,0)
			else 0 end
		) lostInstallment,
	case when (dbo.FullMonthsSeparation(installment_start_date,@cbsAppDate) + 1 ) -  
	ISNULL(
	dbo.getConcessionMonth(lam.loan_account_id,@cbsAppDate,
	lam.loan_product_code,lab.disbursement_date,lab.limit_expiry_date,
	lab.installment_start_date,lab.installment_frequency)
	,0) > 0
	then (dbo.FullMonthsSeparation(installment_start_date,@cbsAppDate) + 1 ) -  ISNULL(
	dbo.getConcessionMonth(lam.loan_account_id,@cbsAppDate,
	lam.loan_product_code,lab.disbursement_date,lab.limit_expiry_date,
	lab.installment_start_date,lab.installment_frequency)
	,0) else 0 end
	totalMonthsPassed,
	case installment_frequency 
	when 1 -- MONTHLY
	then 1 
	when 2 -- QUARTERLY
	then 3
	when 3 -- HALF-YEARLY
	then 6
	when 4 -- YEARLY
	then 12
	when 5 -- BI-Monthly
	then 2
	when 6 -- Daily
	then  1
	else 1 end frequencyMultiplier,
	ISNULL(sma0.txn_date,@fromDateSM0) sma0Date,
	ISNULL(sma0.Interest,0) sma0Interest,	
	ISNULL(sma1.txn_date,@fromDateSM1) sma1Date,
	ISNULL(sma1.Interest,0) sma1Interest, 
	ISNULL(sma2.txn_date,@fromDateSM2) sma2Date,
	ISNULL(sma2.Interest,0) sma2Interest,
	ISNULL(abl.interest_applied,0) - ISNULL(abl.interest_paid,0) 
	+ ISNULL(abl.penal_interest_applied,0) - ISNULL(abl.penal_interest_paid,0)  pendingInterest,
	case when lpm.repayment_mode = 1 and moratorium_based_emi = 1 and lab.moratorium_int_recovery_mode = 2 and moratoriun_period > 0 and ISNULL(sma0.txn_date,@fromDateSM0) <= lab.installment_start_date
	then 0
	when cast(date_of_account_opening as date) > @fromDateSM0 then 0
	 else  1 end sma0MoratoriumCheck,
	case when lpm.repayment_mode = 1 and moratorium_based_emi = 1 and lab.moratorium_int_recovery_mode = 2 and moratoriun_period > 0 and ISNULL(sma1.txn_date,@fromDateSM1) <= lab.installment_start_date
	then 0 
	when cast(date_of_account_opening as date) > @fromDateSM1 then 0
	else  1 end sma1MoratoriumCheck,
	case when lpm.repayment_mode = 1 and moratorium_based_emi = 1 and lab.moratorium_int_recovery_mode = 2 and moratoriun_period > 0 and ISNULL(sma2.txn_date,@fromDateSM2) <= lab.installment_start_date
	then 0 
	when cast(date_of_account_opening as date) > @fromDateSM2 then 0
	else  1 end sma2MoratoriumCheck,
	case when staffHousing.product_code is not null then  1 else  0 end IsStaffHousing,
	lab.no_of_installment
	from
		BSGLOAN..loan_account_master LAM WITH(NOLOCK) 
		LEFT JOIN BSGLOAN..loan_product_master LPM  WITH(NOLOCK)
			ON LAM.loan_product_id = LPM.loan_product_id
				and LPM.is_active = 1
		LEFT JOIN BSGLOAN..loan_account_basic LAB WITH(NOLOCK)
			ON LAB.loan_account_id = LAM.loan_account_id
				and LAB.is_active = 1 
		LEFT JOIN (
					select	
						ABL.loan_account_id ,
						MAX(txn_date) txn_date
					FROM
						BSGACCOUNTING..account_balance_loan ABL WITH(NOLOCK)
					Where	
						txn_date <= @cbsAppDate 
					Group by 
						ABL.loan_account_id
					)AB
				ON AB.loan_account_id = LAM.loan_account_id
		LEFT JOIN BSGACCOUNTING..account_balance_loan ABL WITH(NOLOCK)
			ON ABL.loan_account_id = AB.loan_account_id	
				and ABL.txn_date = AB.txn_date
		LEFT OUTER JOIN #temp_sm0_details sma0
			on lam.loan_account_id = sma0.account_id
		LEFT OUTER JOIN #temp_sm1_details sma1
			on lam.loan_account_id = sma1.account_id
		LEFT OUTER JOIN #temp_sm2_details sma2
			on lam.loan_account_id = sma2.account_id	
		LEFT OUTER JOIN #temp_product_details staffHousing
			on 	staffHousing.product_code = cast(lam.loan_product_code as varchar(50))
					--and ABL.is_active = 1
	Where
		LAM.is_active = 1
		and LAM.loan_account_status <> 2
	)totalMonths
)totalRecivedInstallment
)lastInstallmentDueDate
)lastInstallmentDueDate1
	
-- SMA For Repayment Mode EMI -- calculation from chart
update s
set  s.overdue_days_count_for_sma_calulation = case when s.overdue_days_count > ABL.interest_overdue then s.overdue_days_count else ABL.interest_overdue end  ,
smaclassificationforInterest = -1
from
	#temp_sma_calculation_details s
	left outer join BSGLOAN..loan_account_master l  WITH(NOLOCK)
		on l.loan_account_id = s.loan_account_id
			and l.is_active = 1
	LEFT JOIN BSGLOAN..loan_product_master LPM  WITH(NOLOCK)
			ON l.loan_product_id = LPM.loan_product_id
				and LPM.is_active = 1
 LEFT JOIN (
					select	
						ABL.loan_account_id ,
						MAX(txn_date) txn_date
					FROM
						BSGACCOUNTING..account_balance_loan ABL WITH(NOLOCK)
					Where	
						txn_date <= @cbsAppDate 
					Group by 
						ABL.loan_account_id
					)AB
				ON AB.loan_account_id = s.loan_account_id
		LEFT JOIN BSGACCOUNTING..account_balance_loan ABL WITH(NOLOCK)
			ON ABL.loan_account_id = AB.loan_account_id	
				and ABL.txn_date = AB.txn_date
Where
	lpm.repayment_mode = 1
		
INSERT INTO loan_sma_classification_details

select 
	loan_account_id,
	txn_date,
	case when sma_classification < smaclassificationforInterest then smaclassificationforInterest
	else  sma_classification end  sma_classification,
	asset_classification,
	rate_of_interest,
	offset,
	overdue_days_count_for_sma_calulation,
	sma_classification smaclassificationforOverdue,
	smaclassificationforInterest,
	overdueDaysForInterestSMA
from
(

select 
	loan_account_id,
	@cbsAppDate txn_date,
	ISNULL(
		case when 
		asset_classification = 1 -- Standard
		then 
		case when loan_type= 1 and overdue_days_count_for_sma_calulation > 0 and  overdue_days_count_for_sma_calulation <= 30 -- SMA -- 0
		then 0
		when overdue_days_count_for_sma_calulation > 30  and  overdue_days_count_for_sma_calulation <= 60 -- SMA -- 1
		then 1
		when overdue_days_count_for_sma_calulation > 60  -- and  overdue_days_count_for_sma_calulation <= 90 -- SMA -- 2
		then 2
		else -1 
		end	
		else -1 end
		,-1) sma_classification,
	asset_classification,
	rate_of_interest,
	offset,
	overdue_days_count_for_sma_calulation,
	smaclassificationforInterest,
	overdueDaysForInterestSMA
from	
	#temp_sma_calculation_details
)A

/*
select 
	ll.branch_code,ll.loan_product_code,ll.loan_account_no,ll.account_name,
	case  t.sma_classification  
	when 0 then 'SMA 0'
	when 1 then 'SMA 1'
	when 2 then 'SMA 2'
	else '' end sma_classification,
	case 
		when t.asset_classification=1 then 'STANDARD'
		when t.asset_classification=3 then 'SUBSTANDARD'
		when t.asset_classification=4 then 'DOUBTFUL-1'
		WHEN t.asset_classification=5 THEN 'DOUBTFUL-2'
		WHEN t.asset_classification=6 THEN 'DOUBTFUL-3'
		WHEN t.asset_classification=7 THEN 'LOSS ASSET' 
	END asset_classification
		
	
from
	#Temp_SMA_IDENTIFICATION t
	left outer join BSGLOAN..loan_account_master ll
		on ll.loan_account_id = t.loan_account_id
			and ll.is_active=  1
order by	
	ll.branch_code,ll.loan_product_code,ll.loan_account_no

*/	
END
"
33,SMA_IDENTIFICATION_bak20230111,"
-- =============================================
-- Author:		Abhishek Vichhi
-- Create date: 2022-03-08
-- Description:	<SMA_IDENTIFICATION, Identify the sma classification and store it,>
-- =============================================

create   PROCEDURE [dbo].[SMA_IDENTIFICATION_bak20230111] -- SMA_IDENTIFICATION '2022-06-26'
(
	@cbsAppDate date
)
AS 
BEGIN


DECLARE @fromDateSM0 date = DATEADD(d,-30,@cbsAppDate)
DECLARE @fromDateSM1 date = DATEADD(d,-60,@cbsAppDate)
DECLARE @fromDateSM2 date = DATEADD(d,-90,@cbsAppDate)
DECLARE @defaultDate date = '1900-01-01'

-- SPLITING LOGIC OF STAFF HOUSING LOAN
DECLARE  @Input NVARCHAR(MAX)  = (select config_value from BSGADMIN..cbs_config where config_key = 'LOAN_ORDER_REVERSAL_PRODUCTS' and is_active = 1),
      @Character CHAR(1) = ','

  
CREATE TABLE #temp_product_details (
		product_code varchar(500)
)

DECLARE @StartIndex INT, @EndIndex INT
 
SET @StartIndex = 1
IF SUBSTRING(@Input, LEN(@Input) - 1, LEN(@Input)) <> @Character
BEGIN
	SET @Input = @Input + @Character
END
 
WHILE CHARINDEX(@Character, @Input) > 0
BEGIN
	SET @EndIndex = CHARINDEX(@Character, @Input)
           
	INSERT INTO #temp_product_details
	SELECT TRIM(SUBSTRING(@Input, @StartIndex, @EndIndex - 1))
           
	SET @Input = SUBSTRING(@Input, @EndIndex + 1, LEN(@Input))
END

-- Getting SMA-0 Details
select 
	account_id,
	txn_date,
	CASE WHEN ISNULL(InterestDebit,0) - ISNULL(InterestReversal,0) < 0 THEN 0 else ISNULL(InterestDebit,0) - ISNULL(InterestReversal,0) end Interest
INTO
	#temp_sm0_details
From
(

select
	id.account_id,
	SUM(CASE WHEN activity_id in (3004,3006,6003,6005) then  id.interest_amount else 0 end) InterestDebit,
	SUM(CASE WHEN activity_id in (3005,3014,6004,6006) then  id.interest_amount else 0 end) InterestReversal,
	MIN(txn_date) txn_date
from
	BSGACCOUNTING..interest_details id with(nolock)
	left outer join BSGLOAN..loan_account_master lam with(nolock)
		on id.account_id = lam.loan_account_id
			and lam.is_active = 1
Where
	lam.loan_account_status <> 2
	and id.txn_date >= @fromDateSM0
	and id.txn_date <= @cbsAppDate
	and id.activity_id in (
							3004,3006,6003,6005, -- Loan Interest Debit Activtity,Loan Penal Debit Activtity,CC Interest Debit Activtity,CC Penal Debit Activtity
							3005,3014,6004,6006  -- Loan Interest Reversal Activtity,Loan Penal Reversal Activtity,CC Interest Reversal Activtity,CC Penal Reversal Activtity
						   )
group by id.account_id
)a

-- Getting SMA-1 Details
select 
	account_id,
	txn_date,
	CASE WHEN ISNULL(InterestDebit,0) - ISNULL(InterestReversal,0) < 0 THEN 0 else ISNULL(InterestDebit,0) - ISNULL(InterestReversal,0) end Interest
INTO
	#temp_sm1_details
From
(

select
	id.account_id,
	SUM(CASE WHEN activity_id in (3004,3006,6003,6005) then  id.interest_amount else 0 end) InterestDebit,
	SUM(CASE WHEN activity_id in (3005,3014,6004,6006) then  id.interest_amount else 0 end) InterestReversal,
	MIN(txn_date) txn_date
from
	BSGACCOUNTING..interest_details id with(nolock)
	left outer join BSGLOAN..loan_account_master lam with(nolock)
		on id.account_id = lam.loan_account_id
			and lam.is_active = 1
Where
	lam.loan_account_status <> 2
	and id.txn_date >= @fromDateSM1
	and id.txn_date <= @cbsAppDate
	and id.activity_id in (
							3004,3006,6003,6005, -- Loan Interest Debit Activtity,Loan Penal Debit Activtity,CC Interest Debit Activtity,CC Penal Debit Activtity
							3005,3014,6004,6006  -- Loan Interest Reversal Activtity,Loan Penal Reversal Activtity,CC Interest Reversal Activtity,CC Penal Reversal Activtity
						   )
group by id.account_id
)a


-- Getting SMA-2 Details
select 
	account_id,
	txn_date,
	CASE WHEN ISNULL(InterestDebit,0) - ISNULL(InterestReversal,0) < 0 THEN 0 else ISNULL(InterestDebit,0) - ISNULL(InterestReversal,0) end Interest
INTO
	#temp_sm2_details
From
(

select
	id.account_id,
	SUM(CASE WHEN activity_id in (3004,3006,6003,6005) then  id.interest_amount else 0 end) InterestDebit,
	SUM(CASE WHEN activity_id in (3005,3014,6004,6006) then  id.interest_amount else 0 end) InterestReversal,
	MIN(txn_date) txn_date
from
	BSGACCOUNTING..interest_details id with(nolock)
	left outer join BSGLOAN..loan_account_master lam with(nolock)
		on id.account_id = lam.loan_account_id
			and lam.is_active = 1
Where
	lam.loan_account_status <> 2
	and id.txn_date >= @fromDateSM2
	and id.txn_date <= @cbsAppDate
	and id.activity_id in (
							3004,3006,6003,6005, -- Loan Interest Debit Activtity,Loan Penal Debit Activtity,CC Interest Debit Activtity,CC Penal Debit Activtity
							3005,3014,6004,6006  -- Loan Interest Reversal Activtity,Loan Penal Reversal Activtity,CC Interest Reversal Activtity,CC Penal Reversal Activtity
						   )
group by id.account_id
)a

select 
	*,
	ISNULL(case when repayment_mode = 1
		and cast(installment_start_date as date) <= @cbsAppDate
		and overdue_amount > 0
	then 
	case when  case when installment_frequency = 8 then (DATEDIFF(d,DATEADD(d,-monthStartFromOverdue,lastInstallmentDueDate),@cbsAppDate) + 1 )
	 else (DATEDIFF(d,DATEADD(M,-monthStartFromOverdue,lastInstallmentDueDate),@cbsAppDate)) end < 0 then 
	 0 else case when installment_frequency = 8 then (DATEDIFF(d,DATEADD(d,-monthStartFromOverdue,lastInstallmentDueDate),@cbsAppDate) +1 )
	 else (DATEDIFF(d,DATEADD(M,-monthStartFromOverdue,lastInstallmentDueDate),@cbsAppDate)) end end
	else overdue_days_count end,overdue_days_count) overdue_days_count_for_sma_calulation
INTO	
	#temp_sma_calculation_details
from
(
select 
	*,
	case when totalInstallmentReceived = 0 then disbursement_date else
	 dbo.getLastInstallmentDueDate(loan_account_id,@cbsAppDate,
	loan_product_code,disbursement_date,limit_expiry_date,
	installment_start_date,installment_frequency,lastInstallmentDueDate1) end lastInstallmentDueDate
FROM
(
select 
	*,
case installment_frequency when 8
then DATEADD(D,(case when totalInstallmentReceived > no_of_installment then no_of_installment else totalInstallmentReceived end - 1) * frequencyMultiplier,installment_start_date)
else DATEADD(M,(case when totalInstallmentReceived > no_of_installment then no_of_installment else totalInstallmentReceived end - 1) * frequencyMultiplier,installment_start_date)
end lastInstallmentDueDate1,
case when smaclassificationforInterest > 0 then 
DATEDIFF(d,smaclassificationforDate,@cbsAppDate)
else 0 end overdueDaysForInterestSMA



from
(

select 
	*,
	case installment_frequency 
	when 1 -- MONTHLY
	then totalMonthsPassed 
	when 2 -- QUARTERLY
	then ((totalMonthsPassed + 2)/3)
	when 3 -- HALF-YEARLY
	then ((totalMonthsPassed + 5)/6)
	when 4 -- YEARLY
	then ((totalMonthsPassed + 11)/12)
	when 5 -- BI-Monthly
	then ((totalMonthsPassed + 1)/2)
	when 6 -- Daily
	then  case when (DATEDIFF(d,installment_start_date,@cbsAppDate) + 1) > 0 then (DATEDIFF(d,installment_start_date,@cbsAppDate) + 1) else 0 end 
	else totalMonthsPassed end
	totalInstallmentReceived,
	case 
		installment_frequency 
	when 1 -- MONTHLY
	then (lostInstallment - 1 ) 
	when 2 -- QUARTERLY
	then ((lostInstallment - 1 )  * 3)
	when 3 -- HALF-YEARLY
	then ((lostInstallment - 1 )  * 6)
	when 4 -- YEARLY
	then ((lostInstallment - 1 )  * 12)
	when 5 -- BI-Monthly
	then ((lostInstallment - 1 )  * 2)
	when 6 -- Daily
	then  (lostInstallment - 1 ) 
	else (lostInstallment - 1 )  end monthStartFromOverdue,
	case when asset_classification = 1 and IsStaffHousing <> 1 -- Not staffhousing
				and repayment_mode <> 3 and pendingInterest > 0
	then case when pendingInterest >= sma2Interest and sma2Date<sma1Date and sma2MoratoriumCheck = 1 then 2 -- SMA - 2
			  when pendingInterest >= sma1Interest and sma1Date<sma0Date and sma1MoratoriumCheck = 1 then 1 -- SMA - 1
			  when (pendingInterest >= sma0Interest or pendingInterest < sma1Interest) and sma1Date<=sma0Date and sma0MoratoriumCheck = 1 and loan_type = 1 then 0 -- SMA - 0	
			  else -1 end													
	else -1 end smaclassificationforInterest,
	case when asset_classification = 1 and IsStaffHousing <> 1 -- Not staffhousing
				and repayment_mode <> 3 and pendingInterest > 0
	then case when pendingInterest >= sma2Interest and sma2Date<sma1Date and sma2MoratoriumCheck = 1 then sma2Date -- SMA - 2
			  when pendingInterest >= sma1Interest and sma1Date<sma0Date and sma1MoratoriumCheck = 1 then sma1Date -- SMA - 1
			  when (pendingInterest >= sma0Interest or pendingInterest < sma1Interest) and sma1Date<=sma0Date and sma0MoratoriumCheck = 1 and loan_type = 1 then sma0Date -- SMA - 0	
			  else @defaultDate end													
	else @defaultDate end smaclassificationforDate

from
    (   
	select 
		LAM.loan_account_id,
	--	lam.asset_classification,
		lab.installment_start_date,
		lam.loan_product_code,
		lab.limit_expiry_date,
		lab.moratorium_based_emi,
		lab.moratorium_int_recovery_mode,
		lab.moratoriun_period,
		lab.disbursement_date,
		lpm.repayment_mode,
		lam.loan_type,
		lpm.is_agricultural,
		lpm.prime_security_type,
		lab.installment_frequency,
		lpm.interest_frequency,
		abl.installment_amount,
		abl.overdue_amount,
		abl.overdue_days_count,
		CASE WHEN LPM.interest_rate_type = 1  THEN 
					 LAB.rate_of_interest 

			WHEN LPM.interest_rate_type = 2 THEN	
			(select 
				top 1 rate_of_interest 
			from 
				bsgloan..loan_interest_slab_master with(nolock)
			where 
				is_active=1 
				and effective_date = (select 
										MAX(i.effective_date) 
										from 
										bsgloan..loan_interest_slab_master i  with(nolock)
										where 
										i.effective_date <= @cbsAppDate
										and i.loan_product_id=lpm.loan_product_id 
										) 
				and loan_product_id=lpm.loan_product_id 
				and lab.loan_amount>=from_amount 
				and lab.loan_amount<=to_amount
				AND from_months <= ((lab.loan_tenure_year * 12) + lab.loan_tenure_month + (lab.loan_tunure_days / 30) ) 
				AND to_months >= ((lab.loan_tenure_year * 12) + lab.loan_tenure_month + (lab.loan_tunure_days / 30)  )
			order by 
				effective_date desc, from_months, to_months)  END rate_of_interest,
		lab.offset,
		lam.asset_classification,
		CEILING(
		case when overdue_amount > 0 
			and abl.installment_amount > 0
			then ISNULL(overdue_amount/abl.installment_amount,0)
			else 0 end
		) lostInstallment,
	case when (dbo.FullMonthsSeparation(installment_start_date,@cbsAppDate) + 1 ) -  
	ISNULL(
	dbo.getConcessionMonth(lam.loan_account_id,@cbsAppDate,
	lam.loan_product_code,lab.disbursement_date,lab.limit_expiry_date,
	lab.installment_start_date,lab.installment_frequency)
	,0) > 0
	then (dbo.FullMonthsSeparation(installment_start_date,@cbsAppDate) + 1 ) -  ISNULL(
	dbo.getConcessionMonth(lam.loan_account_id,@cbsAppDate,
	lam.loan_product_code,lab.disbursement_date,lab.limit_expiry_date,
	lab.installment_start_date,lab.installment_frequency)
	,0) else 0 end
	totalMonthsPassed,
	case installment_frequency 
	when 1 -- MONTHLY
	then 1 
	when 2 -- QUARTERLY
	then 3
	when 3 -- HALF-YEARLY
	then 6
	when 4 -- YEARLY
	then 12
	when 5 -- BI-Monthly
	then 2
	when 6 -- Daily
	then  1
	else 1 end frequencyMultiplier,
	ISNULL(sma0.txn_date,@fromDateSM0) sma0Date,
	ISNULL(sma0.Interest,0) sma0Interest,	
	ISNULL(sma1.txn_date,@fromDateSM1) sma1Date,
	ISNULL(sma1.Interest,0) sma1Interest, 
	ISNULL(sma2.txn_date,@fromDateSM2) sma2Date,
	ISNULL(sma2.Interest,0) sma2Interest,
	ISNULL(abl.interest_applied,0) - ISNULL(abl.interest_paid,0) 
	+ ISNULL(abl.penal_interest_applied,0) - ISNULL(abl.penal_interest_paid,0)  pendingInterest,
	case when lpm.repayment_mode = 1 and moratorium_period_applicable = 1 and moratorium_based_emi = 2 and moratoriun_period > 0 and ISNULL(sma0.txn_date,@fromDateSM0) <= lab.installment_start_date
	then 0
	when cast(date_of_account_opening as date) > @fromDateSM0 then 0
	 else  1 end sma0MoratoriumCheck,
	case when lpm.repayment_mode = 1 and moratorium_period_applicable = 1 and moratorium_based_emi = 2 and moratoriun_period > 0 and ISNULL(sma1.txn_date,@fromDateSM1) <= lab.installment_start_date
	then 0 
	when cast(date_of_account_opening as date) > @fromDateSM1 then 0
	else  1 end sma1MoratoriumCheck,
	case when lpm.repayment_mode = 1 and moratorium_period_applicable = 1 and moratorium_based_emi = 2 and moratoriun_period > 0 and ISNULL(sma2.txn_date,@fromDateSM2) <= lab.installment_start_date
	then 0 
	when cast(date_of_account_opening as date) > @fromDateSM2 then 0
	else  1 end sma2MoratoriumCheck,
	case when staffHousing.product_code is not null then  1 else  0 end IsStaffHousing,
	lab.no_of_installment
	from
		BSGLOAN..loan_account_master LAM WITH(NOLOCK) 
		LEFT JOIN BSGLOAN..loan_product_master LPM  WITH(NOLOCK)
			ON LAM.loan_product_id = LPM.loan_product_id
				and LPM.is_active = 1
		LEFT JOIN BSGLOAN..loan_account_basic LAB WITH(NOLOCK)
			ON LAB.loan_account_id = LAM.loan_account_id
				and LAB.is_active = 1 
		LEFT JOIN (
					select	
						ABL.loan_account_id ,
						MAX(txn_date) txn_date
					FROM
						BSGACCOUNTING..account_balance_loan ABL WITH(NOLOCK)
					Where	
						txn_date <= @cbsAppDate 
					Group by 
						ABL.loan_account_id
					)AB
				ON AB.loan_account_id = LAM.loan_account_id
		LEFT JOIN BSGACCOUNTING..account_balance_loan ABL WITH(NOLOCK)
			ON ABL.loan_account_id = AB.loan_account_id	
				and ABL.txn_date = AB.txn_date
		LEFT OUTER JOIN #temp_sm0_details sma0
			on lam.loan_account_id = sma0.account_id
		LEFT OUTER JOIN #temp_sm1_details sma1
			on lam.loan_account_id = sma1.account_id
		LEFT OUTER JOIN #temp_sm2_details sma2
			on lam.loan_account_id = sma2.account_id	
		LEFT OUTER JOIN #temp_product_details staffHousing
			on 	staffHousing.product_code = cast(lam.loan_product_code as varchar(50))
					--and ABL.is_active = 1
	Where
		LAM.is_active = 1
		and LAM.loan_account_status <> 2
	)totalMonths
)totalRecivedInstallment
)lastInstallmentDueDate
)lastInstallmentDueDate1
	
	
	/*select 
		*
	from	
		#temp_sma_calculation_details
	where 
		overdue_amount > 0
		and asset_classification = 1
		and repayment_mode = 1
		and installment_frequency = 1
		and interest_frequency =1*/
	
INSERT INTO loan_sma_classification_details

select 
	loan_account_id,
	txn_date,
	case when sma_classification < smaclassificationforInterest then smaclassificationforInterest
	else  sma_classification end  sma_classification,
	asset_classification,
	rate_of_interest,
	offset,
	overdue_days_count_for_sma_calulation,
	sma_classification smaclassificationforOverdue,
	smaclassificationforInterest,
	overdueDaysForInterestSMA
from
(

select 
	loan_account_id,
	@cbsAppDate txn_date,
	ISNULL(
		case when 
		asset_classification = 1 -- Standard
		then 
		case when loan_type= 1 and overdue_days_count_for_sma_calulation > 0 and  overdue_days_count_for_sma_calulation <= 30 -- SMA -- 0
		then 0
		when overdue_days_count_for_sma_calulation > 30  and  overdue_days_count_for_sma_calulation <= 60 -- SMA -- 1
		then 1
		when overdue_days_count_for_sma_calulation > 60  -- and  overdue_days_count_for_sma_calulation <= 90 -- SMA -- 2
		then 2
		else -1 
		end	
		else -1 end
		,-1) sma_classification,
	asset_classification,
	rate_of_interest,
	offset,
	overdue_days_count_for_sma_calulation,
	smaclassificationforInterest,
	overdueDaysForInterestSMA
from	
	#temp_sma_calculation_details
)A

/*
select 
	ll.branch_code,ll.loan_product_code,ll.loan_account_no,ll.account_name,
	case  t.sma_classification  
	when 0 then 'SMA 0'
	when 1 then 'SMA 1'
	when 2 then 'SMA 2'
	else '' end sma_classification,
	case 
		when t.asset_classification=1 then 'STANDARD'
		when t.asset_classification=3 then 'SUBSTANDARD'
		when t.asset_classification=4 then 'DOUBTFUL-1'
		WHEN t.asset_classification=5 THEN 'DOUBTFUL-2'
		WHEN t.asset_classification=6 THEN 'DOUBTFUL-3'
		WHEN t.asset_classification=7 THEN 'LOSS ASSET' 
	END asset_classification
		
	
from
	#Temp_SMA_IDENTIFICATION t
	left outer join BSGLOAN..loan_account_master ll
		on ll.loan_account_id = t.loan_account_id
			and ll.is_active=  1
order by	
	ll.branch_code,ll.loan_product_code,ll.loan_account_no

*/	
END

"
34,sp_account_for_status_change,"


-- =============================================
-- Author:		<Author,,gourav>
-- Create date: <Create Date,,2018-10-03>
-- Description:	<Description,,>
-- =============================================
CREATE   PROCEDURE [dbo].[sp_account_for_status_change] --  sp_account_for_change__status 1,24,1 
@p_classification_id int,
@p_period int, -- month
@p_status int
AS
BEGIN
if(@p_classification_id  in (1, 2))
	begin

		select 
			ca.account_id,max(txn_date)  txn_date into #temp_tr
		from 
			bsgcore..customer_accounts ca with (nolock)
		inner join
			BSGCORE..account_master am
		on 
			ca.account_id = am.account_id
		left join 
			BSGACCOUNTING..transaction_master tm with (nolock)
		on	
			ca.account_id = tm.account_id
		and 
			activity_id not in (11081,11067,11069,11065,11063,11071,11073,11113,1003,1004)
		and
			tm.narration not like '%int%'
		and
			tm.narration not like '%charge%'
		and
			tm.narration not like '%CHRGS%'
		where 
			ca.is_active=1

		and 
			am.account_open_date < DATEADD(month,-1*@p_period,getdate())
		
		and
			am.is_active=1
		and 
			case when @p_period <= 24 and 
				  am.account_status_id not in (3,5,4,7,8)
				then 1 
				when @p_period > 24 and am.account_status_id = 7
				then 1 end  = 1 		 
		group by ca.account_id
		having (max(txn_date) is null or max(txn_date) < DATEADD(month,-1*@p_period,getdate()))


		select 
			ca.account_id,max(tm.txn_date)  txn_date into #temp_df
		from 
			#temp_tr ca
		inner join 
			bsgdeepfreeze..transaction_master_df tm with (nolock)
		on	
			ca.account_id = tm.account_id		
		where 			
			activity_id not in (11081,11067,11069,11065,11063,11071,11073,11113,1003,1004)		
		and
			tm.narration not like '%int%'
		and
			tm.narration not like '%charge%'
		and
			tm.narration not like '%CHRGS%'
		group by ca.account_id
		having ( max(tm.txn_date) >= DATEADD(month,-1*@p_period,getdate()))

		--select * into #tempdftr from #temp_tr where account_id not in (select account_id from #temp_df)

		delete #temp_tr where account_id in (select account_id from #temp_df)

		select 
			ca.account_id,alt.LastTranDate  txn_date into #temp_acclast
		from 
			bsgcore..customer_accounts ca with (nolock)
		inner join
			#temp_tr am
		on 
			ca.account_id = am.account_id
		left join 
			BSGTURINGREPORTS..accountlasttransaction alt
		on 
			ca.account_no = alt.AccountNo
		where 
			am.txn_date is null
		and 
			ca.is_active=1		 		
		and 
			alt.LastTranDate >=  DATEADD(month,-1*@p_period,getdate())
		and 
			case when @p_period > 24 then 1 else 0 end  = 1


		;with cte as (
		select * from #temp_tr
		where  
			account_id not in (
			select tr.account_id from #temp_acclast tr		 	
			)
		
			
		)


		
		select distinct  --top 5
				 am.id,am.branch_code
				,am.product_code
				,am.product_id
				,am.product_currency
				,am.account_id
				,am.customer_id
				,am.customer_category_id
				,am.account_name
				,am.account_type_id
				,am.operating_instruction_id
				,am.mode_of_operation_id
				,am.group_account_id
				,@p_status account_status_id
				,am.minor_flag
				,am.account_open_date
				,am.interest_tax_percentage
				,am.transaction_freeze_type_id
				,am.member_type_id
				,am.member_no
				,am.membership_reason
				,am.date_of_birth
				,am.date_of_establishment
				,am.relation_with_director_flag
				,am.director_id
				,am.director_relationship_id
				,am.operating_instruction_corp
				,am.sprinkle
				,am.is_active
				,am.created_by
				,am.created_date
				,am.last_modified_by
				,am.last_modified_date
				,am.authorization_status
				,am.capitalization_date
				,am.operating_mode
				,am.account_closure_date
				,am.is_staff
				,am.account_status_remarks into #temp from cte c inner join 
			BSGCORE..account_master am with (nolock)
			on 
				c.account_id = am.account_id
		where am.is_active=1 order by id desc; 

		select * from #temp
		
end

	
END



"
35,sp_Account_Info_Balances,"CREATE   PROCEDURE [dbo].[sp_Account_Info_Balances]  -- sp_Account_Info_Balances '100120051160410','01-JAN-2015','18-JAN-2019',10
@accountno varchar(50),
@fromdate datetime,
@todate datetime,
@p_size int = NULL
AS

BEGIN

DECLARE @classification_id int = 
(
SELECT
	classification_id
FROM 
	BSGCORE.dbo.customer_accounts WITH(NOLOCK)
WHERE 
	account_no = @accountno
	AND is_active = 1
)

DECLARE @tempbasicdetails TABLE 
(
	branch_code bigint,branch_name varchar(50),product_code varchar(10),product_id varchar(20),
	product_description varchar(100),account_id varchar(100),customer_id varchar(20),account_no varchar(50),
	salutation varchar(20),full_name varchar(100),registered_mobile_no varchar(20),address1 varchar(200),
	address2 varchar(200),address3 varchar(200),pin_code varchar(10),ifsccode varchar(50)
)

DECLARE @transactions TABLE 
(
      Id int IDENTITY,EntryDate datetime,TranTime time,
      ValueDate datetime,narration nvarchar(1000),instrno varchar(20),
      Dr decimal(18,2),Credit decimal(18,2),Balance decimal(18,2),txnRefNo varchar(20),
	txntype varchar(10),batchCode int,created_date DATETIME,last_modified_date DATETIME
)

DECLARE @min INT
DECLARE @max INT
DECLARE @txncnt DECIMAL(18,2)

IF (@classification_id IN (1, 2))
BEGIN

INSERT INTO @tempbasicdetails

SELECT
      AM.branch_code,BM.branch_name,AM.product_code,AM.product_id,
      PM.product_description,AM.account_id,AM.customer_id,CA.account_no,
      CASE 
		WHEN Cm.salutation IN ('-1', 'N/A', 'Select') OR Cm.salutation IS NULL THEN ''
      ELSE 
		(SELECT data_description FROM bsgmaster..picklist_type_data with(nolock) WHERE type_code = 116 AND data_code = Cm.salutation AND is_active = 1)
      END salutation,CM.full_name,
      CM.registered_mobile_no,ISNULL(CUSTADD.address1, ''),ISNULL(CUSTADD.address2, ''),ISNULL(CUSTADD.address3, ''),
      ISNULL(CUSTADD.pin_code, ''),NULL
FROM 
	BSGCORE.dbo.account_master AM WITH(NOLOCK)
	LEFT OUTER JOIN BSGCORE.dbo.customer_accounts CA WITH(NOLOCK)
		ON AM.account_id = CA.account_id AND CA.is_active = 1
	LEFT OUTER JOIN BSGCRM.dbo.customer_master CM WITH(NOLOCK)
		ON AM.customer_id = CM.customer_id AND CM.is_active = 1
	LEFT OUTER JOIN BSGCORE.dbo.product_master PM WITH(NOLOCK)
		ON AM.product_code = PM.product_code AND AM.product_id = PM.product_id AND PM.is_active = 1
	LEFT OUTER JOIN BSGCRM.dbo.customer_address CUSTADD WITH(NOLOCK)
		ON CM.customer_id = CUSTADD.customer_id AND CUSTADD.address_type_code = 1 AND CUSTADD.is_active = 1
	LEFT OUTER JOIN BSGMASTER.dbo.branch_master BM WITH(NOLOCK)
		ON AM.branch_code = BM.branch_code AND BM.is_active = 1
WHERE 
	AM.is_active = 1
	AND (AM.account_status_id <> 4 OR (AM.account_status_id = 4 OR AM.account_closure_date > @fromdate))
	AND CA.account_no = @accountno

END

IF (@classification_id IN (3, 6))
BEGIN

INSERT INTO @tempbasicdetails

SELECT
      AM.branch_code,BM.branch_name,AM.loan_product_code,AM.loan_product_id,
      PM.product_description,AM.loan_account_id,AM.customer_no,CA.account_no,
      CASE 
		WHEN Cm.salutation IN ('-1', 'N/A', 'Select') OR Cm.salutation IS NULL THEN ''
	ELSE 
		(SELECT data_description FROM bsgmaster..picklist_type_data with(nolock) WHERE type_code = 116 AND data_code = Cm.salutation AND is_active = 1)
      END salutation,
      CM.full_name,CM.registered_mobile_no,
      ISNULL(CUSTADD.address1, ''),ISNULL(CUSTADD.address2, ''),ISNULL(CUSTADD.address3, ''),
	ISNULL(CUSTADD.pin_code, ''),NULL
FROM 
	BSGLOAN.dbo.loan_account_master AM WITH(NOLOCK)
	LEFT OUTER JOIN BSGCORE.dbo.customer_accounts CA WITH(NOLOCK)
		ON AM.loan_account_id = CA.account_id AND CA.is_active = 1
	LEFT OUTER JOIN BSGCRM.dbo.customer_master CM WITH(NOLOCK)
		ON AM.customer_no = CM.customer_id AND CM.is_active = 1
	LEFT OUTER JOIN BSGCORE.dbo.product_master PM WITH(NOLOCK)
		ON AM.loan_product_code = PM.product_code AND AM.loan_product_id = PM.product_id AND PM.is_active = 1
	LEFT OUTER JOIN BSGCRM.dbo.customer_address CUSTADD WITH(NOLOCK)
		ON CM.customer_id = CUSTADD.customer_id AND CUSTADD.address_type_code = 1 AND CUSTADD.is_active = 1
	LEFT OUTER JOIN BSGMASTER.dbo.branch_master BM WITH(NOLOCK)
		ON AM.branch_code = BM.branch_code AND BM.is_active = 1
WHERE 
	AM.is_active = 1
	AND (AM.loan_account_status <> 2 OR (AM.loan_account_status = 2 OR AM.loan_account_closure_date > @fromdate))
	AND CA.account_no = @accountno

END

IF (@classification_id IN (5))

BEGIN

INSERT INTO @tempbasicdetails

SELECT
      AM.branch_code,BM.branch_name,AM.product_code,AM.internal_product_id,
      PM.description,AM.internal_account_id,NULL,CA.account_no,
      NULL salutation,AM.description,
      NULL,NULL,NULL,NULL,NULL,NULL
FROM 
	BSGCORE.dbo.account_master_internal AM WITH(NOLOCK)
	LEFT OUTER JOIN BSGCORE.dbo.customer_accounts CA WITH(NOLOCK)
		ON AM.internal_account_id = CA.account_id AND CA.is_active = 1
	LEFT OUTER JOIN BSGCORE.dbo.product_master_internal PM WITH(NOLOCK)
		ON AM.product_code = PM.product_code AND AM.internal_product_id = PM.internal_product_id AND PM.is_active = 1
	LEFT OUTER JOIN BSGMASTER.dbo.branch_master BM WITH(NOLOCK)
		ON AM.branch_code = BM.branch_code AND BM.is_active = 1
WHERE 
	AM.is_active = 1
	AND CA.account_no = @accountno

END

DECLARE @accid varchar(50) = (SELECT TOP 1 account_id FROM @tempbasicdetails)

UPDATE 
	@tempbasicdetails
SET 
	ifsccode = (SELECT TOP 1 ifsc_code FROM BSGMASTER.dbo.branch_master WITH(NOLOCK)
			WHERE is_active = 1 
			AND branch_code = (SELECT branch_code FROM BSGCORE.dbo.account_master WITH(NOLOCK) WHERE account_id = @accid AND is_active = 1))

DECLARE @openingbalance decimal(18, 2)

DECLARE @txnMaxDate datetime = (SELECT MAX(txn_date) FROM BSGACCOUNTING.dbo.account_balance WITH(NOLOCK)
						WHERE account_id = @accid AND txn_date <= @fromdate - 1)


IF (@classification_id IN (1, 2))
BEGIN

	IF (@txnMaxDate IS NOT NULL)
	BEGIN

	SET @openingbalance = (SELECT checker_clear_balance FROM BSGACCOUNTING.dbo.account_balance WITH(NOLOCK)
					WHERE account_id = @accid AND is_active = 1 AND txn_date = @txnMaxDate)

	END

	ELSE
	BEGIN

	SET @openingbalance = 0

	END

END
   
IF (@classification_id IN (3,6))
BEGIN

      IF ((SELECT MAX(txn_date) 
		FROM BSGACCOUNTING.dbo.account_balance_loan WITH(NOLOCK)
		WHERE loan_account_id = @accid AND txn_date <= @fromdate - 1)
		IS NOT NULL)
      BEGIN
      
	SET @openingbalance = (SELECT checker_clear_balance + checker_unclear_balance
					FROM BSGACCOUNTING.dbo.account_balance_loan WITH(NOLOCK)
					WHERE loan_account_id = @accid AND is_active = 1 
					AND txn_date = (SELECT MAX(txn_date)
								FROM BSGACCOUNTING.dbo.account_balance_loan WITH(NOLOCK)
								WHERE loan_account_id = @accid AND txn_date <= @fromdate - 1))
      END
      
	ELSE
      BEGIN

      SET @openingbalance = 0
      
	END
END


IF (@classification_id IN (5))
BEGIN

      IF ((SELECT MAX(txn_date)
		FROM BSGACCOUNTING.dbo.account_balance_internal WITH(NOLOCK)
		WHERE account_id = @accid AND txn_date <= @fromdate - 1) IS NOT NULL)
      BEGIN
      
	SET @openingbalance = (SELECT checker_clear_balance
					FROM BSGACCOUNTING.dbo.account_balance_internal WITH(NOLOCK)
					WHERE account_id = @accid AND is_active = 1 
					AND txn_date = (SELECT MAX(txn_date)
								FROM BSGACCOUNTING.dbo.account_balance_internal WITH(NOLOCK)
								WHERE account_id = @accid AND txn_date <= @fromdate - 1))
      
	END
      
	ELSE
      BEGIN

      SET @openingbalance = 0
      
	END

END


DECLARE @opbal decimal(18, 2) = ISNULL(@openingbalance, 0)

IF(@classification_id in (1,2,3,4,6))

BEGIN
	INSERT INTO @transactions(EntryDate ,TranTime ,ValueDate ,narration ,instrno ,Dr ,Credit ,Balance ,txnRefNo ,txntype ,batchCode,created_date,last_modified_date )
	SELECT
		A.txn_posting_date,
		A.txn_time,
		A.txn_value_date,
		A.narration,
		A.instr_no, 
		A.DEBIT,
		A.CREDIT,
		A.balance,
		A.txn_ref_no,
		A.txn_type,
		A.batch_code,
		A.created_date,
		A.last_modified_date
	FROM
	(
	SELECT 
		id,txn_posting_date,txn_time,txn_value_date,narration,instr_no,case when txn_nature ='D' then txn_amount else 0 end DEBIT,
		case when txn_nature ='C' then txn_amount else 0 end CREDIT,null as balance,txn_ref_no,txn_type,batch_code,
		created_date,last_modified_date
	FROM 
		bsgaccounting..transaction_master WITH(NOLOCK)
	WHERE 
		txn_posting_date >= @fromdate
		and txn_posting_date <= @todate
		AND account_id = @accid and is_active=1
	
    UNION ALL
    
    SELECT 
		id,txn_posting_date,txn_time,txn_value_date,narration,instr_no,case when txn_nature ='D' then txn_amount else 0 end DEBIT,
		case when txn_nature ='C' then txn_amount else 0 end CREDIT,null as balance,txn_ref_no,txn_type,batch_code,
		created_date,last_modified_date
	FROM 
		bsgdeepfreeze..transaction_master_df WITH(NOLOCK)
	WHERE 
		txn_posting_date >= @fromdate
		and txn_posting_date <= @todate
		AND account_id = @accid
		and is_active=1
	UNION ALL
	 SELECT 
		id,txn_posting_date,txn_time,txn_value_date,narration,instr_no,case when txn_nature ='D' then txn_amount else 0 end DEBIT,
		case when txn_nature ='C' then txn_amount else 0 end CREDIT,null as balance,txn_ref_no,txn_type,batch_code,
		created_date,last_modified_date
	FROM 
		bsgdeepfreeze..transaction_master_history WITH(NOLOCK)
	WHERE 
		txn_posting_date >= @fromdate
		and txn_posting_date <= @todate
		AND account_id = @accid
		and is_active=1
	)A
    ORDER BY
		A.id;
END

ELSE

BEGIN

    INSERT INTO @transactions(EntryDate ,TranTime ,ValueDate ,narration ,instrno ,Dr ,Credit ,Balance ,txnRefNo ,txntype ,batchCode,created_date,last_modified_date )
    
	SELECT
		A.txn_posting_date,
		A.txn_time,
		A.txn_value_date,
		A.narration,
		A.instr_no,
		A.DEBIT,
		A.CREDIT,
		A.balance,
		A.txn_ref_no,
		A.txn_type,
		A.batch_code,
		A.created_date,
		A.last_modified_date
	FROM
	(
	SELECT 
		  tmi.id,tmi.txn_posting_date,tmi.txn_time,tmi.txn_value_date,tmi.narration,tmi.instr_no,case when tmi.txn_nature ='D' then tmi.txn_amount else 0 end DEBIT,
		  case when tmi.txn_nature ='C' then tmi.txn_amount else 0 end CREDIT,
		  null as balance,tmi.txn_ref_no,tmi.txn_type,tmi.batch_code,tmi.created_date,tmi.last_modified_date
	from  
		bsgaccounting..transaction_master_internal tmi WITH(NOLOCK)
	where 
		tmi.principal_id = @accid 
		and tmi.principal_type = 'IA'
		and tmi.txn_posting_date >= @fromdate
		and tmi.txn_posting_date <= @todate
		and tmi.is_active = 1
	
    UNION ALL
    
	SELECT 
		tmi_df.id,tmi_df.txn_posting_date,tmi_df.txn_time,tmi_df.txn_value_date,tmi_df.narration,
		tmi_df.instr_no,case when tmi_df.txn_nature ='D' then tmi_df.txn_amount else 0 end DEBIT,
		case when tmi_df.txn_nature ='C' then tmi_df.txn_amount else 0 end CREDIT,
		null as balance,tmi_df.txn_ref_no,tmi_df.txn_type,tmi_df.batch_code,tmi_df.created_date,tmi_df.last_modified_date
	from 
		bsgdeepfreeze..transaction_master_internal_df tmi_df WITH(NOLOCK)
	where 
		tmi_df.principal_id = @accid 
		and tmi_df.principal_type = 'IA'
		and tmi_df.txn_posting_date >= @fromdate
		and tmi_df.txn_posting_date <= @todate
		and tmi_df.is_active=1
    )A
    order by 
        A.id;

END

SET @min = (SELECT MIN(Id) FROM @transactions);
SET @max = (SELECT MAX(Id) FROM @transactions);

WHILE(@min <= @max)
BEGIN

UPDATE @transactions SET Balance = (@openingbalance + Credit)-Dr WHERE Id = @min;

SET @openingbalance = (SELECT Balance FROM @transactions WHERE Id = @min);

set @min = @min + 1;

END

UPDATE @transactions SET instrno = NULL WHERE instrno = '0';

SET @txncnt = (SELECT count(*) FROM @transactions);

SELECT 
	*,@opbal AS OPENINGBALANCE,@openingbalance AS ClosingBalance,
	cast(ceiling(@txncnt/@p_size ) AS INT) noofpages 
FROM 
	@tempbasicdetails

END
"
36,sp_account_last_txn,"
CREATE   PROCEDURE [dbo].[sp_account_last_txn]
AS BEGIN

DECLARE @CBSDATE DATE = (SELECT DATEADD(DAY,-1,app_date) from BSGACCOUNTING..cbs_application_date where is_active = 1)
DECLARE @MAXLASTDATE DATE = (SELECT ISNULL(DATEADD(DAY,1,MAX(txn_date)),'2018-12-27') FROM BSGACCOUNTING..account_last_txn)

PRINT 'CBSDATE ' + CONVERT(varchar(10),@CBSDATE,121)
PRINT 'MAXLASTDATE ' + CONVERT(varchar(10),@MAXLASTDATE,121) 

IF(@MAXLASTDATE<=@CBSDATE)
BEGIN

SELECT 
	DISTINCT txn_posting_date, account_id, txn_nature, BM.channel
		INTO #TEMPTM
FROM  
	transaction_master TM WITH (NOLOCK)
	LEFT OUTER JOIN batch_master BM WITH (NOLOCK)
		ON TM.batch_code = BM.batch_code AND BM.is_active = 1
WHERE 
	TM.is_active = 1 AND TM.txn_posting_date BETWEEN @MAXLASTDATE and @CBSDATE


INSERT INTO account_last_txn (account_id, active, created_by)
SELECT 
	DISTINCT T.account_id, 1, 0
FROM 
	#TEMPTM T
	LEFT OUTER JOIN account_last_txn L
		ON T.account_id = L.account_id and L.active = 1
WHERE
	L.account_id IS NULL
	
WHILE(@MAXLASTDATE <= @CBSDATE)
BEGIN

PRINT CONVERT(VARCHAR(10),@MAXLASTDATE,121)


UPDATE L
SET 
	txn_date = @MAXLASTDATE,
	last_credit_date = @MAXLASTDATE,
	last_modified_by = -1,
	last_modified_date = GETDATE()
-- SELECT *
FROM 
	account_last_txn L 
	INNER JOIN #TEMPTM T
		ON L.account_id = T.account_id and T.txn_nature = 'C'
		AND T.txn_posting_date = @MAXLASTDATE
WHERE 
	active = 1

UPDATE L
SET 
	txn_date = @MAXLASTDATE,
	last_debit_date = @MAXLASTDATE,
	last_modified_by = -1,
	last_modified_date = GETDATE()
-- SELECT *
FROM 
	account_last_txn L 
	INNER JOIN #TEMPTM T
		ON L.account_id = T.account_id and T.txn_nature = 'D'
		AND T.txn_posting_date = @MAXLASTDATE
WHERE 
	active = 1

UPDATE L
SET 
	txn_date = @MAXLASTDATE,
	last_user_init_date = @MAXLASTDATE,
	last_modified_by = -1,
	last_modified_date = GETDATE()
-- SELECT *
FROM 
	account_last_txn L 
	INNER JOIN #TEMPTM T
		ON L.account_id = T.account_id AND T.channel <> 'S'
		AND T.txn_posting_date = @MAXLASTDATE
WHERE 
	active = 1

UPDATE L
SET 
	txn_date = @MAXLASTDATE,
	last_system_date = @MAXLASTDATE,
	last_modified_by = -1,
	last_modified_date = GETDATE()
-- SELECT *
FROM 
	account_last_txn L 
	INNER JOIN #TEMPTM T
		ON L.account_id = T.account_id AND T.channel = 'S'
		AND T.txn_posting_date = @MAXLASTDATE
WHERE 
	active = 1
SET @MAXLASTDATE = DATEADD(DAY,1,@MAXLASTDATE)

END
END

END

"
37,sp_account_mini_statement,"CREATE   PROCEDURE [dbo].[sp_account_mini_statement] -- sp_account_mini_statement 70071,1,10
@accountId BIGINT,
@page INT,
@p_size INT
AS
BEGIN

declare @classificationId int,@openingBal decimal(18,2),@minTxnDate date;


set @classificationId = (select classification_id from bsgcore..customer_accounts ca with(nolock) where account_id = @accountId and is_active= 1);
	
IF(@page = 1)



BEGIN
    
	drop table if exists #temp
    SELECT
        Main.*
	into #temp
    FROM
    (
        SELECT
            ROW_NUMBER() OVER (ORDER BY A.txn_posting_date DESC,a.txn_time desc) AS SRNO,
            A.*
        FROM
        (
        SELECT
            tm.sprinkle,tm.id,tm.txn_ref_no,tm.txn_sub_ref_no,tm.txn_branch,
            tm.home_branch,tm.txn_date,ISNULL(tm.txn_time,CURRENT_TIMESTAMP) txn_time,tm.txn_value_date,
            tm.txn_posting_date,tm.account_id,tm.batch_code,tm.scroll_no,
            tm.set_no,tm.txn_amount,tm.txn_nature,ISNULL(tm.instr_no,'000000') instr_no,ISNULL(tm.instr_date,CURRENT_TIMESTAMP) instr_date,
            tm.narration,tm.is_active,tm.created_date,tm.activity_id,
            tm.activity_sub_type_id,tm.txn_type        
        FROM
            bsgaccounting..transaction_master tm WITH(NOLOCK)
        WHERE
            tm.account_id = @accountId
            and tm.is_active = 1

       UNION ALL

       SELECT
            tm_df.sprinkle,tm_df.id,tm_df.txn_ref_no,tm_df.txn_sub_ref_no,tm_df.txn_branch,
            tm_df.home_branch,tm_df.txn_date,ISNULL(tm_df.txn_time,CURRENT_TIMESTAMP) txn_time,tm_df.txn_value_date,
            tm_df.txn_posting_date,tm_df.account_id,tm_df.batch_code,tm_df.scroll_no,
            tm_df.set_no,tm_df.txn_amount,tm_df.txn_nature,ISNULL(tm_df.instr_no,'000000') instr_no,ISNULL(tm_df.instr_date,CURRENT_TIMESTAMP) instr_date,
            tm_df.narration,tm_df.is_active,tm_df.created_date,tm_df.activity_id,
            tm_df.activity_sub_type_id,tm_df.txn_type   
        FROM
            bsgdeepfreeze..transaction_master_df tm_df WITH(NOLOCK)
        WHERE
            tm_df.account_id = @accountId
            and tm_df.is_active = 1
        )A        
    )Main
    



		select @minTxnDate = max(Txn_posting_Date)
		from #temp

	if(@classificationId in (1,2))
	begin
		select @openingBal = checker_clear_balance 
		from BSGACCOUNTING..account_balance ab
		inner join (select max(txn_date) txn_date, account_id from BSGACCOUNTING..account_balance 
			where is_active = 1 and account_id = @accountId and txn_date< @minTxnDate group by account_id ) ab1
		on
			ab.account_id = ab1.account_id
		and
			ab.txn_date = ab1.txn_date
		and
			ab.is_active = 1

	end
	else if (@classificationId in (3,6))
	begin
		select @openingBal = checker_clear_balance 
		from BSGACCOUNTING..account_balance_loan ab
		inner join (select max(txn_date) txn_date, loan_account_id from BSGACCOUNTING..account_balance_loan where is_active = 1 and loan_account_id = @accountId 
			and txn_date< @minTxnDate group by loan_account_id ) ab1
		on
			ab.loan_account_id = ab1.loan_account_id
		and
			ab.txn_date = ab1.txn_date
		and
			ab.is_active = 1
	end
	else if(@classificationId in (4))
	begin
		select @openingBal = checker_clear_balance 
		from BSGACCOUNTING..account_balance_td ab
		inner join (select max(txn_date) txn_date, td_account_id from BSGACCOUNTING..account_balance_td where is_active = 1 and td_account_id = @accountId and txn_date< @minTxnDate 
			group by td_account_id ) ab1
		on
			ab.td_account_id = ab1.td_account_id
		and
			ab.txn_date = ab1.txn_date
		and
			ab.is_active = 1
	end

	--select * 
	--from #temp

	select * 
	from (
	selecT *, ROW_NUMBER() OVER (ORDER BY txn_posting_date DESC,txn_time desc) AS SRNO1
	,(sum(case when txn_nature = 'D' then -1 * txn_amount else txn_amount end)over(order by account_id,txn_posting_date,txn_time)) balance
	from #temp main
	) main
	WHERE
        Main.SRNO1 >= 1
        AND Main.SRNO1 <= @p_size
	

END



ELSE



BEGIN
    drop table if exists #temp1
    SELECT
        Main.*
	into #temp1
    FROM
    (
        SELECT
            ROW_NUMBER() OVER (ORDER BY A.txn_posting_date DESC) AS SRNO,
            A.*
        FROM
        (
        SELECT
            tm.sprinkle,tm.id,tm.txn_ref_no,tm.txn_sub_ref_no,tm.txn_branch,
            tm.home_branch,tm.txn_date,tm.txn_time,tm.txn_value_date,
            tm.txn_posting_date,tm.account_id,tm.batch_code,tm.scroll_no,
            tm.set_no,tm.txn_amount,tm.txn_nature,tm.instr_no,tm.instr_date,
            tm.narration,tm.is_active,tm.created_date,tm.activity_id,
            tm.activity_sub_type_id,tm.txn_type         
        FROM
            bsgaccounting..transaction_master tm WITH(NOLOCK)
        WHERE
            tm.account_id = @accountId
            and tm.is_active = 1



       UNION ALL



       SELECT
            tm_df.sprinkle,tm_df.id,tm_df.txn_ref_no,tm_df.txn_sub_ref_no,tm_df.txn_branch,
            tm_df.home_branch,tm_df.txn_date,tm_df.txn_time,tm_df.txn_value_date,
            tm_df.txn_posting_date,tm_df.account_id,tm_df.batch_code,tm_df.scroll_no,
            tm_df.set_no,tm_df.txn_amount,tm_df.txn_nature,tm_df.instr_no,tm_df.instr_date,
            tm_df.narration,tm_df.is_active,tm_df.created_date,tm_df.activity_id,
            tm_df.activity_sub_type_id,tm_df.txn_type
        FROM
            bsgdeepfreeze..transaction_master_df tm_df WITH(NOLOCK)
        WHERE
            tm_df.account_id = @accountId
            and tm_df.is_active = 1
        )A        
    )Main
    
	
	select @minTxnDate = max(Txn_posting_Date)
	from #temp

	if(@classificationId in (1,2))
	begin
		select @openingBal = checker_clear_balance 
		from BSGACCOUNTING..account_balance ab
		inner join (select max(txn_date) txn_date, account_id from BSGACCOUNTING..account_balance 
			where is_active = 1 and account_id = @accountId and txn_date< @minTxnDate group by account_id ) ab1
		on
			ab.account_id = ab1.account_id
		and
			ab.txn_date = ab1.txn_date
		and
			ab.is_active = 1

	end
	else if (@classificationId in (3,6))
	begin
		select @openingBal = checker_clear_balance 
		from BSGACCOUNTING..account_balance_loan ab
		inner join (select max(txn_date) txn_date, loan_account_id from BSGACCOUNTING..account_balance_loan where is_active = 1 and loan_account_id = @accountId 
			and txn_date< @minTxnDate group by loan_account_id ) ab1
		on
			ab.loan_account_id = ab1.loan_account_id
		and
			ab.txn_date = ab1.txn_date
		and
			ab.is_active = 1
	end
	else if(@classificationId in (4))
	begin
		select @openingBal = checker_clear_balance 
		from BSGACCOUNTING..account_balance_td ab
		inner join (select max(txn_date) txn_date, td_account_id from BSGACCOUNTING..account_balance_td where is_active = 1 and td_account_id = @accountId and txn_date< @minTxnDate 
			group by td_account_id ) ab1
		on
			ab.td_account_id = ab1.td_account_id
		and
			ab.txn_date = ab1.txn_date
		and
			ab.is_active = 1
	end

	--select * 
	--from #temp

	select * 
	from (
	selecT *,(sum(case when txn_nature = 'D' then -1 * txn_amount else txn_amount end)over(order by account_id,txn_posting_date,txn_time)) balance
	from #temp main
	) main
	WHERE
        Main.SRNO >= 1
        AND Main.SRNO <= @p_size
END



END"
38,sp_account_mini_statement_08022023,"create   PROCEDURE [dbo].[sp_account_mini_statement_08022023] -- sp_account_mini_statement 70071,1,10
@accountId BIGINT,
@page INT,
@p_size INT
AS
BEGIN

declare @classificationId int,@openingBal decimal(18,2),@minTxnDate date;


set @classificationId = (select classification_id from bsgcore..customer_accounts ca with(nolock) where account_id = @accountId and is_active= 1);
	
IF(@page = 1)



BEGIN
    
	drop table if exists #temp
    SELECT
        Main.*
	into #temp
    FROM
    (
        SELECT
            ROW_NUMBER() OVER (ORDER BY A.txn_posting_date DESC,a.txn_time desc) AS SRNO,
            A.*
        FROM
        (
        SELECT
            tm.sprinkle,tm.id,tm.txn_ref_no,tm.txn_sub_ref_no,tm.txn_branch,
            tm.home_branch,tm.txn_date,ISNULL(tm.txn_time,CURRENT_TIMESTAMP) txn_time,tm.txn_value_date,
            tm.txn_posting_date,tm.account_id,tm.batch_code,tm.scroll_no,
            tm.set_no,tm.txn_amount,tm.txn_nature,ISNULL(tm.instr_no,'000000') instr_no,ISNULL(tm.instr_date,CURRENT_TIMESTAMP) instr_date,
            tm.narration,tm.is_active,tm.created_date,tm.activity_id,
            tm.activity_sub_type_id,tm.txn_type        
        FROM
            bsgaccounting..transaction_master tm WITH(NOLOCK)
        WHERE
            tm.account_id = @accountId
            and tm.is_active = 1

       UNION ALL

       SELECT
            tm_df.sprinkle,tm_df.id,tm_df.txn_ref_no,tm_df.txn_sub_ref_no,tm_df.txn_branch,
            tm_df.home_branch,tm_df.txn_date,ISNULL(tm_df.txn_time,CURRENT_TIMESTAMP) txn_time,tm_df.txn_value_date,
            tm_df.txn_posting_date,tm_df.account_id,tm_df.batch_code,tm_df.scroll_no,
            tm_df.set_no,tm_df.txn_amount,tm_df.txn_nature,ISNULL(tm_df.instr_no,'000000') instr_no,ISNULL(tm_df.instr_date,CURRENT_TIMESTAMP) instr_date,
            tm_df.narration,tm_df.is_active,tm_df.created_date,tm_df.activity_id,
            tm_df.activity_sub_type_id,tm_df.txn_type   
        FROM
            bsgdeepfreeze..transaction_master_df tm_df WITH(NOLOCK)
        WHERE
            tm_df.account_id = @accountId
            and tm_df.is_active = 1
        )A        
    )Main
    



		select @minTxnDate = max(Txn_posting_Date)
		from #temp

	if(@classificationId in (1,2))
	begin
		select @openingBal = checker_clear_balance 
		from BSGACCOUNTING..account_balance ab
		inner join (select max(txn_date) txn_date, account_id from BSGACCOUNTING..account_balance 
			where is_active = 1 and account_id = @accountId and txn_date< @minTxnDate group by account_id ) ab1
		on
			ab.account_id = ab1.account_id
		and
			ab.txn_date = ab1.txn_date
		and
			ab.is_active = 1

	end
	else if (@classificationId in (3,6))
	begin
		select @openingBal = checker_clear_balance 
		from BSGACCOUNTING..account_balance_loan ab
		inner join (select max(txn_date) txn_date, loan_account_id from BSGACCOUNTING..account_balance_loan where is_active = 1 and loan_account_id = @accountId 
			and txn_date< @minTxnDate group by loan_account_id ) ab1
		on
			ab.loan_account_id = ab1.loan_account_id
		and
			ab.txn_date = ab1.txn_date
		and
			ab.is_active = 1
	end
	else if(@classificationId in (4))
	begin
		select @openingBal = checker_clear_balance 
		from BSGACCOUNTING..account_balance_td ab
		inner join (select max(txn_date) txn_date, td_account_id from BSGACCOUNTING..account_balance_td where is_active = 1 and td_account_id = @accountId and txn_date< @minTxnDate 
			group by td_account_id ) ab1
		on
			ab.td_account_id = ab1.td_account_id
		and
			ab.txn_date = ab1.txn_date
		and
			ab.is_active = 1
	end

	--select * 
	--from #temp

	select * 
	from (
	selecT *, ROW_NUMBER() OVER (ORDER BY txn_posting_date DESC,txn_time desc) AS SRNO1
	,(sum(case when txn_nature = 'D' then -1 * txn_amount else txn_amount end)over(order by account_id,txn_posting_date,txn_time)) balance
	from #temp main
	) main
	WHERE
        Main.SRNO1 >= 1
        AND Main.SRNO1 <= @p_size
	

END



ELSE



BEGIN
    drop table if exists #temp1
    SELECT
        Main.*
	into #temp1
    FROM
    (
        SELECT
            ROW_NUMBER() OVER (ORDER BY A.txn_posting_date DESC) AS SRNO,
            A.*
        FROM
        (
        SELECT
            tm.sprinkle,tm.id,tm.txn_ref_no,tm.txn_sub_ref_no,tm.txn_branch,
            tm.home_branch,tm.txn_date,tm.txn_time,tm.txn_value_date,
            tm.txn_posting_date,tm.account_id,tm.batch_code,tm.scroll_no,
            tm.set_no,tm.txn_amount,tm.txn_nature,tm.instr_no,tm.instr_date,
            tm.narration,tm.is_active,tm.created_date,tm.activity_id,
            tm.activity_sub_type_id,tm.txn_type         
        FROM
            bsgaccounting..transaction_master tm WITH(NOLOCK)
        WHERE
            tm.account_id = @accountId
            and tm.is_active = 1



       UNION ALL



       SELECT
            tm_df.sprinkle,tm_df.id,tm_df.txn_ref_no,tm_df.txn_sub_ref_no,tm_df.txn_branch,
            tm_df.home_branch,tm_df.txn_date,tm_df.txn_time,tm_df.txn_value_date,
            tm_df.txn_posting_date,tm_df.account_id,tm_df.batch_code,tm_df.scroll_no,
            tm_df.set_no,tm_df.txn_amount,tm_df.txn_nature,tm_df.instr_no,tm_df.instr_date,
            tm_df.narration,tm_df.is_active,tm_df.created_date,tm_df.activity_id,
            tm_df.activity_sub_type_id,tm_df.txn_type
        FROM
            bsgdeepfreeze..transaction_master_df tm_df WITH(NOLOCK)
        WHERE
            tm_df.account_id = @accountId
            and tm_df.is_active = 1
        )A        
    )Main
    
	
	select @minTxnDate = max(Txn_posting_Date)
	from #temp

	if(@classificationId in (1,2))
	begin
		select @openingBal = checker_clear_balance 
		from BSGACCOUNTING..account_balance ab
		inner join (select max(txn_date) txn_date, account_id from BSGACCOUNTING..account_balance 
			where is_active = 1 and account_id = @accountId and txn_date< @minTxnDate group by account_id ) ab1
		on
			ab.account_id = ab1.account_id
		and
			ab.txn_date = ab1.txn_date
		and
			ab.is_active = 1

	end
	else if (@classificationId in (3,6))
	begin
		select @openingBal = checker_clear_balance 
		from BSGACCOUNTING..account_balance_loan ab
		inner join (select max(txn_date) txn_date, loan_account_id from BSGACCOUNTING..account_balance_loan where is_active = 1 and loan_account_id = @accountId 
			and txn_date< @minTxnDate group by loan_account_id ) ab1
		on
			ab.loan_account_id = ab1.loan_account_id
		and
			ab.txn_date = ab1.txn_date
		and
			ab.is_active = 1
	end
	else if(@classificationId in (4))
	begin
		select @openingBal = checker_clear_balance 
		from BSGACCOUNTING..account_balance_td ab
		inner join (select max(txn_date) txn_date, td_account_id from BSGACCOUNTING..account_balance_td where is_active = 1 and td_account_id = @accountId and txn_date< @minTxnDate 
			group by td_account_id ) ab1
		on
			ab.td_account_id = ab1.td_account_id
		and
			ab.txn_date = ab1.txn_date
		and
			ab.is_active = 1
	end

	--select * 
	--from #temp

	select * 
	from (
	selecT *,(sum(case when txn_nature = 'D' then -1 * txn_amount else txn_amount end)over(order by account_id,txn_posting_date,txn_time)) balance
	from #temp main
	) main
	WHERE
        Main.SRNO >= 1
        AND Main.SRNO <= @p_size
END



END
"
39,sp_account_mini_statement_13122022,"create    PROCEDURE [dbo].[sp_account_mini_statement_13122022] -- sp_account_mini_statement 679429,1,50
@accountId BIGINT,
@page INT,
@p_size INT
AS
BEGIN

IF(@page = 1)

BEGIN
	
	SELECT
		Main.*
	FROM
	(
		SELECT
			ROW_NUMBER() OVER (ORDER BY A.txn_posting_date DESC) AS SRNO,
			A.*
		FROM
		(
		SELECT 
			tm.sprinkle,tm.id,tm.txn_ref_no,tm.txn_sub_ref_no,tm.txn_branch,
			tm.home_branch,tm.txn_date,ISNULL(tm.txn_time,CURRENT_TIMESTAMP) txn_time,tm.txn_value_date,
			tm.txn_posting_date,tm.account_id,tm.batch_code,tm.scroll_no,
			tm.set_no,tm.txn_amount,tm.txn_nature,ISNULL(tm.instr_no,'000000') instr_no,ISNULL(tm.instr_date,CURRENT_TIMESTAMP) instr_date,
			tm.narration,tm.is_active,tm.created_date,tm.activity_id,
			tm.activity_sub_type_id,tm.txn_type        
		FROM 
			bsgaccounting..transaction_master tm WITH(NOLOCK)
		WHERE 
			tm.account_id = @accountId
			and tm.is_active = 1

		UNION ALL

		SELECT 
			tm_df.sprinkle,tm_df.id,tm_df.txn_ref_no,tm_df.txn_sub_ref_no,tm_df.txn_branch,
			tm_df.home_branch,tm_df.txn_date,ISNULL(tm_df.txn_time,CURRENT_TIMESTAMP) txn_time,tm_df.txn_value_date,
			tm_df.txn_posting_date,tm_df.account_id,tm_df.batch_code,tm_df.scroll_no,
			tm_df.set_no,tm_df.txn_amount,tm_df.txn_nature,ISNULL(tm_df.instr_no,'000000') instr_no,ISNULL(tm_df.instr_date,CURRENT_TIMESTAMP) instr_date,
			tm_df.narration,tm_df.is_active,tm_df.created_date,tm_df.activity_id,
			tm_df.activity_sub_type_id,tm_df.txn_type   
		FROM 
			bsgdeepfreeze..transaction_master_df tm_df WITH(NOLOCK)
		WHERE 
			tm_df.account_id = @accountId
			and tm_df.is_active = 1
		)A		
	)Main
	WHERE
		Main.SRNO >= 1 
		AND Main.SRNO <= @p_size
END

ELSE

BEGIN
	
	SELECT
		Main.*
	FROM
	(
		SELECT
			ROW_NUMBER() OVER (ORDER BY A.txn_posting_date DESC) AS SRNO,
			A.*
		FROM
		(
		SELECT 
			tm.sprinkle,tm.id,tm.txn_ref_no,tm.txn_sub_ref_no,tm.txn_branch,
			tm.home_branch,tm.txn_date,tm.txn_time,tm.txn_value_date,
			tm.txn_posting_date,tm.account_id,tm.batch_code,tm.scroll_no,
			tm.set_no,tm.txn_amount,tm.txn_nature,tm.instr_no,tm.instr_date,
			tm.narration,tm.is_active,tm.created_date,tm.activity_id,
			tm.activity_sub_type_id,tm.txn_type         
		FROM 
			bsgaccounting..transaction_master tm WITH(NOLOCK)
		WHERE 
			tm.account_id = @accountId
			and tm.is_active = 1

		UNION ALL

		SELECT 
			tm_df.sprinkle,tm_df.id,tm_df.txn_ref_no,tm_df.txn_sub_ref_no,tm_df.txn_branch,
			tm_df.home_branch,tm_df.txn_date,tm_df.txn_time,tm_df.txn_value_date,
			tm_df.txn_posting_date,tm_df.account_id,tm_df.batch_code,tm_df.scroll_no,
			tm_df.set_no,tm_df.txn_amount,tm_df.txn_nature,tm_df.instr_no,tm_df.instr_date,
			tm_df.narration,tm_df.is_active,tm_df.created_date,tm_df.activity_id,
			tm_df.activity_sub_type_id,tm_df.txn_type
		FROM 
			bsgdeepfreeze..transaction_master_df tm_df WITH(NOLOCK)
		WHERE 
			tm_df.account_id = @accountId
			and tm_df.is_active = 1
		)A		
	)Main
	WHERE
		Main.SRNO > ((@page - 1) * @p_size) 
		and Main.SRNO <= (@p_size * @page)
END

END
"
40,sp_Account_Statement,"CREATE   PROCEDURE [dbo].[sp_Account_Statement]  -- sp_Account_Statement '50210000956175','2023-04-24','2023-07-30',1,10000,'N/A',-1,-1,'N/A'
(
@accountno varchar(20),
@fromdate datetime,
@todate datetime,
@page int = NULL,
@p_size int = NULL,
@instrNo varchar(20) = 'N/A',
@fromAmount decimal(18,2) = -1,
@toAmount decimal(18,2) = -1,
@narration varchar(50) = 'N/A'
)
AS
BEGIN
--return;
DECLARE @classificationid INT;
DECLARE @accid VARCHAR(50);
DECLARE @openingbalance DECIMAL(18,2);
DECLARE @txnMaxDate DATETIME ;
DECLARE @min int; 
DECLARE @max int ;

DECLARE @MaxBalDate DATETIME;
SET @MaxBalDate = (@fromdate - 1);

CREATE TABLE #transactions 
(
	Id int identity,sprinkle varchar(200),EntryDate datetime,TranTime time,
	ValueDate datetime,narration nvarchar(1000),Dr decimal(18,2),Credit decimal(18,2),
	Balance decimal(18,2),txnRefNo varchar(20),txntype varchar(10),
	created_date DATETIME,last_modified_date DATETIME,txn_branch INT, 
	home_branch INT, batch_code INT,scroll_no INT,set_no INT,instr_no varchar(20),
	is_active INT,batchCode INT,instrno varchar(20),txnSubRefNo varchar(20),created_by BIGINT,checkerCode VARCHAR(50),MakerCode VARCHAR(50),txndate datetime
);

select  @classificationid = classification_id, @accid =account_id from bsgcore..customer_accounts with(nolock) where account_no = @accountNo and is_active=1

SET @txnMaxDate = (SELECT MAX(txn_date) FROM bsgaccounting..account_balance  with(nolock)  WHERE account_id = @accid and txn_date <= @MaxBalDate);

IF(@txnMaxDate IS NULL)
BEGIN
    SET @txnMaxDate = @MaxBalDate;
END;

IF(@classificationid IN (1,2))
BEGIN
    IF(@txnMaxDate IS NOT NULL )
    BEGIN
        SET @openingbalance = (SELECT checker_clear_balance from bsgaccounting..account_balance  with(nolock)  where account_id = @accid and is_active=1 and txn_date = @txnMaxDate);
    END
    ELSE
    BEGIN
        set @openingbalance=0;
    END;
END 

ELSE IF (@classificationid IN (3,6))
BEGIN
    if((select  MAX(txn_date) from bsgaccounting..account_balance_loan  with(nolock)  where loan_account_id = @accid and txn_date <= @MaxBalDate) is not null )
    BEGIN
        SET @openingbalance =  (select checker_clear_balance + checker_unclear_balance from bsgaccounting..account_balance_loan  with(nolock)  where loan_account_id = @accid and is_active=1 and txn_date = 
        (select  MAX(txn_date) from bsgaccounting..account_balance_loan  with(nolock)  where loan_account_id = @accid and txn_date <= @MaxBalDate) );
    END 
    ELSE
    BEGIN
        set @openingbalance=0;
    END;
END
ELSE IF (@classificationid in (5))
BEGIN
    IF((select  MAX(txn_date) from bsgaccounting..account_balance_internal where account_id = @accid and txn_date <= @MaxBalDate) is not null )
    BEGIN
        set @openingbalance  =  
        (select checker_clear_balance from bsgaccounting..account_balance_internal  with(nolock)  where account_id = @accid and is_active=1 and txn_date = 
        (select  MAX(txn_date) from bsgaccounting..account_balance_internal  with(nolock)  where account_id = @accid and txn_date <= @MaxBalDate) );
    END
    ELSE
    BEGIN
        set @openingbalance=0;
    END;
END;

ELSE IF (@classificationid = 4)
BEGIN
	declare @deposite_type int = 
	(
	select
		tadd.deposite_type
	from
		BSGTD..td_account_deposit_details tadd WITH(NOLOCK)
	where
		tadd.td_account_id = @accid
		AND tadd.is_active = 1
	)

    if((select MAX(a.txn_date) from BSGACCOUNTING..account_balance_td a WITH(NOLOCK) where a.td_account_id = @accid and a.txn_date <= @fromdate-1) is not null )
    BEGIN
        set @openingbalance  = 
			(
			select 
				case when @deposite_type = 1 then ((isnull(abt.checker_clear_balance,0) + isnull(abt.interest_provided,0)) - isnull(abt.interest_paid,0)) 
				else isnull(abt.checker_clear_balance,0) end
			from 
				BSGACCOUNTING..account_balance_td abt WITH(NOLOCK)
			where 
				abt.td_account_id = @accid 
				and abt.is_active = 1 
				and abt.txn_date = (select MAX(a.txn_date) from BSGACCOUNTING..account_balance_td a WITH(NOLOCK) where a.td_account_id = @accid and a.txn_date <= @fromdate-1) 
			)
    END 
    ELSE
    BEGIN
        set @openingbalance=0;
    END;
END



IF @openingbalance IS NULL BEGIN SET @openingbalance = 0; END;

IF(@classificationid in (1,2,3,4,6))
BEGIN
	INSERT INTO #transactions
	(
		sprinkle,EntryDate ,TranTime ,ValueDate ,narration ,Dr ,Credit ,
		Balance ,txnRefNo ,txntype,created_date,last_modified_date,
		txn_branch,home_branch, batch_code,scroll_no,set_no,
		instr_no,is_active,batchCode,instrno,txnSubRefNo,created_by,txndate
	)
	SELECT
		A.sprinkle,
		A.txn_posting_date,
		A.txn_time,
		A.txn_value_date,
		A.narration,
		A.DEBIT,
		A.CREDIT,
		A.balance,
		A.txn_ref_no,
		A.txn_type,
		A.created_date,
		A.last_modified_date,
		A.txn_branch, 
		A.home_branch, 
		A.batch_code,
		A.scroll_no,
		A.set_no,
		A.instr_no,
		A.is_active,
		A.batchCode,
		A.instrno,
		A.txn_sub_ref_no,created_by,
		a.txn_date
	FROM
	(
	SELECT 
		109642725 + id id,sprinkle,txn_posting_date,txn_time,txn_value_date,narration,case when txn_nature ='D' then txn_amount else 0 end DEBIT,
		case when txn_nature ='C' then txn_amount else 0 end CREDIT,null as balance,txn_ref_no,txn_type,
		created_date,last_modified_date,txn_branch,home_branch,batch_code,scroll_no,set_no,instr_no,is_active,
		batch_code as batchCode,instr_no as instrno,txn_sub_ref_no,created_by,txn_date
	FROM 
		bsgaccounting..transaction_master   with(nolock) 
	WHERE 
		txn_posting_date >= @fromdate
		and txn_posting_date <= @todate
		AND account_id = @accid
		and is_active = 1
	
	UNION ALL
    
	SELECT 
		id,sprinkle,txn_posting_date,txn_time,txn_value_date,narration,case when txn_nature ='D' then txn_amount else 0 end DEBIT,
		case when txn_nature ='C' then txn_amount else 0 end CREDIT,null as balance,txn_ref_no,txn_type,
		created_date,last_modified_date,txn_branch,home_branch,batch_code,scroll_no,set_no,instr_no,is_active,
		batch_code as batchCode,instr_no as instrno,txn_sub_ref_no,created_by,txn_date
	FROM 
		bsgdeepfreeze..transaction_master_df  with(nolock) 
	WHERE 
		txn_posting_date >= @fromdate
		and txn_posting_date <= @todate
		AND account_id = @accid
		and is_active=1
	
	--UNION ALL
    
	--SELECT 
	--	id,sprinkle,txn_posting_date,txn_time,txn_value_date,narration,case when txn_nature ='D' then txn_amount else 0 end DEBIT,
	--	case when txn_nature ='C' then txn_amount else 0 end CREDIT,null as balance,txn_ref_no,txn_type,
	--	created_date,last_modified_date,txn_branch,home_branch,batch_code,scroll_no,set_no,instr_no,is_active,
	--	batch_code as batchCode,instr_no as instrno,txn_sub_ref_no
	--FROM 
	--	bsgdeepfreeze..transaction_master_history
	--WHERE 
	--	txn_posting_date >= @fromdate
	--	and txn_posting_date <= @todate
	--	AND account_id = @accid
	--	and is_active=1
	)A
    ORDER BY txn_date,txn_posting_date,txn_time,id
		--txn_date,txn_posting_date,txn_time
END

ELSE

BEGIN
	INSERT INTO #transactions
	(
		sprinkle,EntryDate ,TranTime ,ValueDate ,narration ,Dr ,Credit ,
		Balance ,txnRefNo ,txntype,created_date,last_modified_date,
		txn_branch,home_branch, batch_code,scroll_no,set_no,instr_no,is_active,
		batchCode,instrno,txnSubRefNo ,created_by,txndate
	)    
	SELECT
		A.sprinkle,
		A.txn_posting_date,
		A.txn_time,
		A.txn_value_date,
		A.narration,
		A.DEBIT,
		A.CREDIT,
		A.balance,
		A.txn_ref_no,
		A.txn_type,
		A.created_date,
		A.last_modified_date,
		A.txn_branch, 
		A.home_branch, 
		A.batch_code,
		A.scroll_no,
		A.set_no,
		A.instr_no,
		A.is_active,
		A.batchCode,
		A.instrno,
        A.txn_sub_ref_no,
        created_by,
		a.txn_date
	FROM
	(
	SELECT 
		tmi.id,tmi.sprinkle,tmi.txn_posting_date,tmi.txn_time,tmi.txn_value_date,tmi.narration,case when tmi.txn_nature ='D' then tmi.txn_amount else 0 end DEBIT,
		case when tmi.txn_nature ='C' then tmi.txn_amount else 0 end CREDIT,
		null as balance,tmi.txn_ref_no,tmi.txn_type,tmi.created_date,tmi.last_modified_date,
		tmi.txn_branch,tmi.home_branch,tmi.batch_code,tmi.scroll_no,tmi.set_no,tmi.instr_no,tmi.is_active,
		tmi.batch_code as batchCode,tmi.instr_no as instrno,txn_sub_ref_no,created_by,txn_date
	from 
		bsgaccounting..transaction_master_internal tmi  with(nolock) 
	where 
		tmi.principal_id = @accid 
		and tmi.principal_type = 'IA'
		and tmi.txn_posting_date >= @fromdate
		and tmi.txn_posting_date <= @todate
		and tmi.is_active=1
	
	UNION ALL
    
	SELECT 
		tmi_df.id,tmi_df.sprinkle,tmi_df.txn_posting_date,tmi_df.txn_time,tmi_df.txn_value_date,tmi_df.narration,
		case when tmi_df.txn_nature ='D' then tmi_df.txn_amount else 0 end DEBIT,
		case when tmi_df.txn_nature ='C' then tmi_df.txn_amount else 0 end CREDIT,
		null as balance,tmi_df.txn_ref_no,tmi_df.txn_type,tmi_df.created_date,tmi_df.last_modified_date,
		tmi_df.txn_branch,tmi_df.home_branch,tmi_df.batch_code,tmi_df.scroll_no,tmi_df.set_no,tmi_df.instr_no,
		tmi_df.is_active,tmi_df.batch_code as batchCode,tmi_df.instr_no as instrno,txn_sub_ref_no,created_by,txn_date
	from 
		bsgdeepfreeze..transaction_master_internal_df tmi_df  with(nolock) 
	where 
		tmi_df.principal_id = @accid 
		and tmi_df.principal_type = 'IA'
		and tmi_df.txn_posting_date >= @fromdate
		and tmi_df.txn_posting_date <= @todate
		and tmi_df.is_active=1
    )A
    order by 
       a.txn_posting_date, a.id;

END

SET @min = (select MIN(Id) from #transactions);
SET @max = (select MAX(Id) from #transactions);

while(@min <= @max)
BEGIN
    update #transactions set Balance = (@openingbalance + Credit)-Dr where Id = @min;
    set @openingbalance = (select Balance from #transactions where Id = @min);
    set @min = @min + 1;
END;

update #transactions set instrno = null where instrno = '0';

    update t 
SET checkerCode=em.employee_code
FROM
#transactions t
INNER JOIN BSGADMIN..employee_master em  with(nolock) 
ON t.created_by=em.employee_id
and em.is_active=1

IF(@page <> 0 and @p_size <> 0)
BEGIN

if(@page = 1)
BEGIN
    select  * from  
    (
        select 
		ROW_NUMBER() OVER(order by EntryDate,created_date) as SRNO,id,sprinkle,CONVERT(VARCHAR(10),EntryDate,103) TranDate,CONVERT(VARCHAR(10),ValueDate,103) as ValueDate,
		ISNULL(narration,'N/A') as Particulars,Dr as AmtWithdraw,Credit as AmtCredited,Balance,txnRefNo,
		CONVERT(VARCHAR(10),EntryDate,103) as txn_posting_date,txntype ,ISNULL(TranTime,created_date) TranTime, created_date,last_modified_date,
		txn_branch,home_branch, batch_code,scroll_no,set_no,ISNULL(instr_no,0) instr_no,is_active,
		batchCode,ISNULL(instrno,0) as InsrNo,txnSubRefNo,checkerCode,
		(
            SELECT employee_code FROM (
            SELECT TOP 1 created_by FROM BSGACCOUNTING..transaction_status ts  with(nolock)  WHERE ts.txn_ref_no=t.txnRefNo
            UNION ALL
            SELECT TOP 1 created_by FROM BSGDEEPFREEZE..transaction_status_df ts  with(nolock)  WHERE ts.txn_ref_no=t.txnRefNo ORDER BY id asc
            ) mk 
                INNER JOIN BSGADMIN..employee_master em 
                    ON mk.created_by=em.employee_id
                    and em.is_active=1
        ) MakerCode
        from 
            #transactions t
		where
			(@instrNo = 'N/A' OR ISNULL(instrno,'000000') = @instrNo)
			AND (@fromAmount = -1 OR Credit >= @fromAmount or Dr >= @fromAmount)
			AND (@toAmount = -1 OR (Credit <= @toAmount AND Credit <> 0) OR (Dr <= @toAmount AND Dr <> 0)) 
			AND (@narration = 'N/A' or ISNULL(narration,'N\A') like '%' + @narration + '%')
    )CUR_OUTPUT
    where 
	CUR_OUTPUT.SRNO >= 1 
	and CUR_OUTPUT.SRNO <= @p_size
	order by SRNO
	--txn_posting_date,id;
END
ELSE
BEGIN
    select  * from  
    (
        select 
		ROW_NUMBER() OVER(order by t.EntryDate,t.created_date) as SRNO,id,sprinkle,CONVERT(VARCHAR(10),EntryDate,103) TranDate,CONVERT(VARCHAR(10),ValueDate,103) as ValueDate,
		ISNULL(narration,'N/A') as Particulars,Dr as AmtWithdraw,Credit as AmtCredited,Balance,txnRefNo,
		CONVERT(VARCHAR(10),EntryDate,103) as txn_posting_date,txntype ,ISNULL(TranTime,created_date) TranTime, created_date,last_modified_date,
		txn_branch,home_branch, batch_code,scroll_no,set_no,ISNULL(instr_no,0) instr_no,is_active,
		batchCode,ISNULL(instrno,0) as InsrNo,txnSubRefNo,checkerCode,
		(
            SELECT employee_code FROM (
            SELECT TOP 1 created_by FROM BSGACCOUNTING..transaction_status ts  with(nolock)  WHERE ts.txn_date=t.txndate and ts.txn_ref_no=t.txnRefNo
            UNION ALL
            SELECT TOP 1 created_by FROM BSGDEEPFREEZE..transaction_status_df ts  with(nolock)  WHERE ts.txn_date=t.txndate and ts.txn_ref_no=t.txnRefNo ORDER BY id asc
            ) mk 
                INNER JOIN BSGADMIN..employee_master em 
                    ON mk.created_by=em.employee_id
                    and em.is_active=1
        ) MakerCode
        from 
            #transactions t
		where
			(@instrNo = 'N/A' OR ISNULL(instrno,0) = @instrNo)
			AND (@fromAmount = -1 OR Credit >= @fromAmount or Dr >= @fromAmount)
			AND (@toAmount = -1 OR Credit <= @toAmount OR Dr <= @toAmount)
			AND (@narration = 'N/A' or ISNULL(narration,'N\A') like '%' + @narration + '%')
    )CUR_OUTPUT
    where 
        CUR_OUTPUT.SRNO > ((@page-1)*@p_size) 
	  and CUR_OUTPUT.SRNO <= (@p_size * @page)
	  order by CUR_OUTPUT.SRNO
	  ;
END

END

IF(@page = 0 AND @p_size = 0)

BEGIN

SELECT
	COUNT(1) txn_count
FROM
	#transactions
where
		(@instrNo = 'N/A' OR ISNULL(instrno,0) = @instrNo)
		AND (@fromAmount = -1 OR Credit >= @fromAmount or Dr >= @fromAmount)
		AND (@toAmount = -1 OR Credit <= @toAmount OR Dr <= @toAmount)
		AND (@narration = 'N/A' or ISNULL(narration,'N\A') like '%' + @narration + '%');

END


DROP TABLE #transactions


END
"
41,sp_Account_Statement_bak20230713,"CREATE     PROCEDURE [dbo].[sp_Account_Statement_bak20230713]  -- sp_Account_Statement '50210000956175','2023-04-24','2023-07-30',1,10000,'N/A',-1,-1,'N/A'
(
@accountno varchar(20),
@fromdate datetime,
@todate datetime,
@page int = NULL,
@p_size int = NULL,
@instrNo varchar(20) = 'N/A',
@fromAmount decimal(18,2) = -1,
@toAmount decimal(18,2) = -1,
@narration varchar(50) = 'N/A'
)
AS
BEGIN
--return;
DECLARE @classificationid INT;
DECLARE @accid VARCHAR(50);
DECLARE @openingbalance DECIMAL(18,2);
DECLARE @txnMaxDate DATETIME ;
DECLARE @min int; 
DECLARE @max int ;

DECLARE @MaxBalDate DATETIME;
SET @MaxBalDate = (@fromdate - 1);

CREATE TABLE #transactions 
(
	Id int identity,sprinkle varchar(200),EntryDate datetime,TranTime time,
	ValueDate datetime,narration nvarchar(1000),Dr decimal(18,2),Credit decimal(18,2),
	Balance decimal(18,2),txnRefNo varchar(20),txntype varchar(10),
	created_date DATETIME,last_modified_date DATETIME,txn_branch INT, 
	home_branch INT, batch_code INT,scroll_no INT,set_no INT,instr_no varchar(20),
	is_active INT,batchCode INT,instrno varchar(20),txnSubRefNo varchar(20),created_by BIGINT,checkerCode VARCHAR(50),MakerCode VARCHAR(50),txndate datetime
);

select  @classificationid = classification_id, @accid =account_id from bsgcore..customer_accounts with(nolock) where account_no = @accountNo and is_active=1

SET @txnMaxDate = (SELECT MAX(txn_date) FROM bsgaccounting..account_balance  with(nolock)  WHERE account_id = @accid and txn_date <= @MaxBalDate);

IF(@txnMaxDate IS NULL)
BEGIN
    SET @txnMaxDate = @MaxBalDate;
END;

IF(@classificationid IN (1,2))
BEGIN
    IF(@txnMaxDate IS NOT NULL )
    BEGIN
        SET @openingbalance = (SELECT checker_clear_balance from bsgaccounting..account_balance  with(nolock)  where account_id = @accid and is_active=1 and txn_date = @txnMaxDate);
    END
    ELSE
    BEGIN
        set @openingbalance=0;
    END;
END 

ELSE IF (@classificationid IN (3,6))
BEGIN
    if((select  MAX(txn_date) from bsgaccounting..account_balance_loan  with(nolock)  where loan_account_id = @accid and txn_date <= @MaxBalDate) is not null )
    BEGIN
        SET @openingbalance =  (select checker_clear_balance + checker_unclear_balance from bsgaccounting..account_balance_loan  with(nolock)  where loan_account_id = @accid and is_active=1 and txn_date = 
        (select  MAX(txn_date) from bsgaccounting..account_balance_loan  with(nolock)  where loan_account_id = @accid and txn_date <= @MaxBalDate) );
    END 
    ELSE
    BEGIN
        set @openingbalance=0;
    END;
END
ELSE IF (@classificationid in (5))
BEGIN
    IF((select  MAX(txn_date) from bsgaccounting..account_balance_internal where account_id = @accid and txn_date <= @MaxBalDate) is not null )
    BEGIN
        set @openingbalance  =  
        (select checker_clear_balance from bsgaccounting..account_balance_internal  with(nolock)  where account_id = @accid and is_active=1 and txn_date = 
        (select  MAX(txn_date) from bsgaccounting..account_balance_internal  with(nolock)  where account_id = @accid and txn_date <= @MaxBalDate) );
    END
    ELSE
    BEGIN
        set @openingbalance=0;
    END;
END;

ELSE IF (@classificationid = 4)
BEGIN
	declare @deposite_type int = 
	(
	select
		tadd.deposite_type
	from
		BSGTD..td_account_deposit_details tadd WITH(NOLOCK)
	where
		tadd.td_account_id = @accid
		AND tadd.is_active = 1
	)

    if((select MAX(a.txn_date) from BSGACCOUNTING..account_balance_td a WITH(NOLOCK) where a.td_account_id = @accid and a.txn_date <= @fromdate-1) is not null )
    BEGIN
        set @openingbalance  = 
			(
			select 
				case when @deposite_type = 1 then ((isnull(abt.checker_clear_balance,0) + isnull(abt.interest_provided,0)) - isnull(abt.interest_paid,0)) 
				else isnull(abt.checker_clear_balance,0) end
			from 
				BSGACCOUNTING..account_balance_td abt WITH(NOLOCK)
			where 
				abt.td_account_id = @accid 
				and abt.is_active = 1 
				and abt.txn_date = (select MAX(a.txn_date) from BSGACCOUNTING..account_balance_td a WITH(NOLOCK) where a.td_account_id = @accid and a.txn_date <= @fromdate-1) 
			)
    END 
    ELSE
    BEGIN
        set @openingbalance=0;
    END;
END



IF @openingbalance IS NULL BEGIN SET @openingbalance = 0; END;

IF(@classificationid in (1,2,3,4,6))
BEGIN
	INSERT INTO #transactions
	(
		sprinkle,EntryDate ,TranTime ,ValueDate ,narration ,Dr ,Credit ,
		Balance ,txnRefNo ,txntype,created_date,last_modified_date,
		txn_branch,home_branch, batch_code,scroll_no,set_no,
		instr_no,is_active,batchCode,instrno,txnSubRefNo,created_by,txndate
	)
	SELECT
		A.sprinkle,
		A.txn_posting_date,
		A.txn_time,
		A.txn_value_date,
		A.narration,
		A.DEBIT,
		A.CREDIT,
		A.balance,
		A.txn_ref_no,
		A.txn_type,
		A.created_date,
		A.last_modified_date,
		A.txn_branch, 
		A.home_branch, 
		A.batch_code,
		A.scroll_no,
		A.set_no,
		A.instr_no,
		A.is_active,
		A.batchCode,
		A.instrno,
		A.txn_sub_ref_no,created_by,
		a.txn_date
	FROM
	(
	SELECT 
		109642725 + id id,sprinkle,txn_posting_date,txn_time,txn_value_date,narration,case when txn_nature ='D' then txn_amount else 0 end DEBIT,
		case when txn_nature ='C' then txn_amount else 0 end CREDIT,null as balance,txn_ref_no,txn_type,
		created_date,last_modified_date,txn_branch,home_branch,batch_code,scroll_no,set_no,instr_no,is_active,
		batch_code as batchCode,instr_no as instrno,txn_sub_ref_no,created_by,txn_date
	FROM 
		bsgaccounting..transaction_master   with(nolock) 
	WHERE 
		txn_posting_date >= @fromdate
		and txn_posting_date <= @todate
		AND account_id = @accid
		and is_active = 1
	
	UNION ALL
    
	SELECT 
		id,sprinkle,txn_posting_date,txn_time,txn_value_date,narration,case when txn_nature ='D' then txn_amount else 0 end DEBIT,
		case when txn_nature ='C' then txn_amount else 0 end CREDIT,null as balance,txn_ref_no,txn_type,
		created_date,last_modified_date,txn_branch,home_branch,batch_code,scroll_no,set_no,instr_no,is_active,
		batch_code as batchCode,instr_no as instrno,txn_sub_ref_no,created_by,txn_date
	FROM 
		bsgdeepfreeze..transaction_master_df  with(nolock) 
	WHERE 
		txn_posting_date >= @fromdate
		and txn_posting_date <= @todate
		AND account_id = @accid
		and is_active=1
	
	--UNION ALL
    
	--SELECT 
	--	id,sprinkle,txn_posting_date,txn_time,txn_value_date,narration,case when txn_nature ='D' then txn_amount else 0 end DEBIT,
	--	case when txn_nature ='C' then txn_amount else 0 end CREDIT,null as balance,txn_ref_no,txn_type,
	--	created_date,last_modified_date,txn_branch,home_branch,batch_code,scroll_no,set_no,instr_no,is_active,
	--	batch_code as batchCode,instr_no as instrno,txn_sub_ref_no
	--FROM 
	--	bsgdeepfreeze..transaction_master_history
	--WHERE 
	--	txn_posting_date >= @fromdate
	--	and txn_posting_date <= @todate
	--	AND account_id = @accid
	--	and is_active=1
	)A
    ORDER BY txn_posting_date,txn_time,id
		--txn_date,txn_posting_date,txn_time
END

ELSE

BEGIN
	INSERT INTO #transactions
	(
		sprinkle,EntryDate ,TranTime ,ValueDate ,narration ,Dr ,Credit ,
		Balance ,txnRefNo ,txntype,created_date,last_modified_date,
		txn_branch,home_branch, batch_code,scroll_no,set_no,instr_no,is_active,
		batchCode,instrno,txnSubRefNo ,created_by,txndate
	)    
	SELECT
		A.sprinkle,
		A.txn_posting_date,
		A.txn_time,
		A.txn_value_date,
		A.narration,
		A.DEBIT,
		A.CREDIT,
		A.balance,
		A.txn_ref_no,
		A.txn_type,
		A.created_date,
		A.last_modified_date,
		A.txn_branch, 
		A.home_branch, 
		A.batch_code,
		A.scroll_no,
		A.set_no,
		A.instr_no,
		A.is_active,
		A.batchCode,
		A.instrno,
        A.txn_sub_ref_no,
        created_by,
		a.txn_date
	FROM
	(
	SELECT 
		tmi.id,tmi.sprinkle,tmi.txn_posting_date,tmi.txn_time,tmi.txn_value_date,tmi.narration,case when tmi.txn_nature ='D' then tmi.txn_amount else 0 end DEBIT,
		case when tmi.txn_nature ='C' then tmi.txn_amount else 0 end CREDIT,
		null as balance,tmi.txn_ref_no,tmi.txn_type,tmi.created_date,tmi.last_modified_date,
		tmi.txn_branch,tmi.home_branch,tmi.batch_code,tmi.scroll_no,tmi.set_no,tmi.instr_no,tmi.is_active,
		tmi.batch_code as batchCode,tmi.instr_no as instrno,txn_sub_ref_no,created_by,txn_date
	from 
		bsgaccounting..transaction_master_internal tmi  with(nolock) 
	where 
		tmi.principal_id = @accid 
		and tmi.principal_type = 'IA'
		and tmi.txn_posting_date >= @fromdate
		and tmi.txn_posting_date <= @todate
		and tmi.is_active=1
	
	UNION ALL
    
	SELECT 
		tmi_df.id,tmi_df.sprinkle,tmi_df.txn_posting_date,tmi_df.txn_time,tmi_df.txn_value_date,tmi_df.narration,
		case when tmi_df.txn_nature ='D' then tmi_df.txn_amount else 0 end DEBIT,
		case when tmi_df.txn_nature ='C' then tmi_df.txn_amount else 0 end CREDIT,
		null as balance,tmi_df.txn_ref_no,tmi_df.txn_type,tmi_df.created_date,tmi_df.last_modified_date,
		tmi_df.txn_branch,tmi_df.home_branch,tmi_df.batch_code,tmi_df.scroll_no,tmi_df.set_no,tmi_df.instr_no,
		tmi_df.is_active,tmi_df.batch_code as batchCode,tmi_df.instr_no as instrno,txn_sub_ref_no,created_by,txn_date
	from 
		bsgdeepfreeze..transaction_master_internal_df tmi_df  with(nolock) 
	where 
		tmi_df.principal_id = @accid 
		and tmi_df.principal_type = 'IA'
		and tmi_df.txn_posting_date >= @fromdate
		and tmi_df.txn_posting_date <= @todate
		and tmi_df.is_active=1
    )A
    order by 
       a.txn_posting_date, a.id;

END

SET @min = (select MIN(Id) from #transactions);
SET @max = (select MAX(Id) from #transactions);

while(@min <= @max)
BEGIN
    update #transactions set Balance = (@openingbalance + Credit)-Dr where Id = @min;
    set @openingbalance = (select Balance from #transactions where Id = @min);
    set @min = @min + 1;
END;

update #transactions set instrno = null where instrno = '0';

    update t 
SET checkerCode=em.employee_code
FROM
#transactions t
INNER JOIN BSGADMIN..employee_master em  with(nolock) 
ON t.created_by=em.employee_id
and em.is_active=1

IF(@page <> 0 and @p_size <> 0)
BEGIN

if(@page = 1)
BEGIN
    select  * from  
    (
        select 
		ROW_NUMBER() OVER(order by EntryDate,TranTime) as SRNO,id,sprinkle,CONVERT(VARCHAR(10),EntryDate,103) TranDate,CONVERT(VARCHAR(10),ValueDate,103) as ValueDate,
		ISNULL(narration,'N/A') as Particulars,Dr as AmtWithdraw,Credit as AmtCredited,Balance,txnRefNo,
		CONVERT(VARCHAR(10),EntryDate,103) as txn_posting_date,txntype ,ISNULL(TranTime,created_date) TranTime, created_date,last_modified_date,
		txn_branch,home_branch, batch_code,scroll_no,set_no,ISNULL(instr_no,0) instr_no,is_active,
		batchCode,ISNULL(instrno,0) as InsrNo,txnSubRefNo,checkerCode,
		(
            SELECT employee_code FROM (
            SELECT TOP 1 created_by FROM BSGACCOUNTING..transaction_status ts  with(nolock)  WHERE ts.txn_ref_no=t.txnRefNo
            UNION ALL
            SELECT TOP 1 created_by FROM BSGDEEPFREEZE..transaction_status_df ts  with(nolock)  WHERE ts.txn_ref_no=t.txnRefNo ORDER BY id asc
            ) mk 
                INNER JOIN BSGADMIN..employee_master em 
                    ON mk.created_by=em.employee_id
                    and em.is_active=1
        ) MakerCode
        from 
            #transactions t
		where
			(@instrNo = 'N/A' OR ISNULL(instrno,'000000') = @instrNo)
			AND (@fromAmount = -1 OR Credit >= @fromAmount or Dr >= @fromAmount)
			AND (@toAmount = -1 OR (Credit <= @toAmount AND Credit <> 0) OR (Dr <= @toAmount AND Dr <> 0)) 
			AND (@narration = 'N/A' or ISNULL(narration,'N\A') like '%' + @narration + '%')
    )CUR_OUTPUT
    where 
	CUR_OUTPUT.SRNO >= 1 
	and CUR_OUTPUT.SRNO <= @p_size
	order by SRNO
	--txn_posting_date,id;
END
ELSE
BEGIN
    select  * from  
    (
        select 
		ROW_NUMBER() OVER(order by t.EntryDate,TranTime) as SRNO,id,sprinkle,CONVERT(VARCHAR(10),EntryDate,103) TranDate,CONVERT(VARCHAR(10),ValueDate,103) as ValueDate,
		ISNULL(narration,'N/A') as Particulars,Dr as AmtWithdraw,Credit as AmtCredited,Balance,txnRefNo,
		CONVERT(VARCHAR(10),EntryDate,103) as txn_posting_date,txntype ,ISNULL(TranTime,created_date) TranTime, created_date,last_modified_date,
		txn_branch,home_branch, batch_code,scroll_no,set_no,ISNULL(instr_no,0) instr_no,is_active,
		batchCode,ISNULL(instrno,0) as InsrNo,txnSubRefNo,checkerCode,
		(
            SELECT employee_code FROM (
            SELECT TOP 1 created_by FROM BSGACCOUNTING..transaction_status ts  with(nolock)  WHERE ts.txn_date=t.txndate and ts.txn_ref_no=t.txnRefNo
            UNION ALL
            SELECT TOP 1 created_by FROM BSGDEEPFREEZE..transaction_status_df ts  with(nolock)  WHERE ts.txn_date=t.txndate and ts.txn_ref_no=t.txnRefNo ORDER BY id asc
            ) mk 
                INNER JOIN BSGADMIN..employee_master em 
                    ON mk.created_by=em.employee_id
                    and em.is_active=1
        ) MakerCode
        from 
            #transactions t
		where
			(@instrNo = 'N/A' OR ISNULL(instrno,0) = @instrNo)
			AND (@fromAmount = -1 OR Credit >= @fromAmount or Dr >= @fromAmount)
			AND (@toAmount = -1 OR Credit <= @toAmount OR Dr <= @toAmount)
			AND (@narration = 'N/A' or ISNULL(narration,'N\A') like '%' + @narration + '%')
    )CUR_OUTPUT
    where 
        CUR_OUTPUT.SRNO > ((@page-1)*@p_size) 
	  and CUR_OUTPUT.SRNO <= (@p_size * @page)
	  order by CUR_OUTPUT.SRNO
	  ;
END

END

IF(@page = 0 AND @p_size = 0)

BEGIN

SELECT
	COUNT(1) txn_count
FROM
	#transactions
where
		(@instrNo = 'N/A' OR ISNULL(instrno,0) = @instrNo)
		AND (@fromAmount = -1 OR Credit >= @fromAmount or Dr >= @fromAmount)
		AND (@toAmount = -1 OR Credit <= @toAmount OR Dr <= @toAmount)
		AND (@narration = 'N/A' or ISNULL(narration,'N\A') like '%' + @narration + '%');

END


DROP TABLE #transactions


END
"
42,sp_Account_Statement_bak20240517,"
CREATE   PROCEDURE [dbo].[sp_Account_Statement_bak20240517]  -- sp_Account_Statement '50210000956175','2023-04-24','2023-07-30',1,10000,'N/A',-1,-1,'N/A'
(
@accountno varchar(20),
@fromdate datetime,
@todate datetime,
@page int = NULL,
@p_size int = NULL,
@instrNo varchar(20) = 'N/A',
@fromAmount decimal(18,2) = -1,
@toAmount decimal(18,2) = -1,
@narration varchar(50) = 'N/A'
)
AS
BEGIN
--return;
DECLARE @classificationid INT;
DECLARE @accid VARCHAR(50);
DECLARE @openingbalance DECIMAL(18,2);
DECLARE @txnMaxDate DATETIME ;
DECLARE @min int; 
DECLARE @max int ;

DECLARE @MaxBalDate DATETIME;
SET @MaxBalDate = (@fromdate - 1);

CREATE TABLE #transactions 
(
	Id int identity,sprinkle varchar(200),EntryDate datetime,TranTime time,
	ValueDate datetime,narration nvarchar(1000),Dr decimal(18,2),Credit decimal(18,2),
	Balance decimal(18,2),txnRefNo varchar(20),txntype varchar(10),
	created_date DATETIME,last_modified_date DATETIME,txn_branch INT, 
	home_branch INT, batch_code INT,scroll_no INT,set_no INT,instr_no varchar(20),
	is_active INT,batchCode INT,instrno varchar(20),txnSubRefNo varchar(20),created_by BIGINT,checkerCode VARCHAR(50),MakerCode VARCHAR(50),txndate datetime
);

select  @classificationid = classification_id, @accid =account_id from bsgcore..customer_accounts with(nolock) where account_no = @accountNo and is_active=1

SET @txnMaxDate = (SELECT MAX(txn_date) FROM bsgaccounting..account_balance  with(nolock)  WHERE account_id = @accid and txn_date <= @MaxBalDate);

IF(@txnMaxDate IS NULL)
BEGIN
    SET @txnMaxDate = @MaxBalDate;
END;

IF(@classificationid IN (1,2))
BEGIN
    IF(@txnMaxDate IS NOT NULL )
    BEGIN
        SET @openingbalance = (SELECT checker_clear_balance from bsgaccounting..account_balance  with(nolock)  where account_id = @accid and is_active=1 and txn_date = @txnMaxDate);
    END
    ELSE
    BEGIN
        set @openingbalance=0;
    END;
END 

ELSE IF (@classificationid IN (3,6))
BEGIN
    if((select  MAX(txn_date) from bsgaccounting..account_balance_loan  with(nolock)  where loan_account_id = @accid and txn_date <= @MaxBalDate) is not null )
    BEGIN
        SET @openingbalance =  (select checker_clear_balance + checker_unclear_balance from bsgaccounting..account_balance_loan  with(nolock)  where loan_account_id = @accid and is_active=1 and txn_date = 
        (select  MAX(txn_date) from bsgaccounting..account_balance_loan  with(nolock)  where loan_account_id = @accid and txn_date <= @MaxBalDate) );
    END 
    ELSE
    BEGIN
        set @openingbalance=0;
    END;
END
ELSE IF (@classificationid in (5))
BEGIN
    IF((select  MAX(txn_date) from bsgaccounting..account_balance_internal where account_id = @accid and txn_date <= @MaxBalDate) is not null )
    BEGIN
        set @openingbalance  =  
        (select checker_clear_balance from bsgaccounting..account_balance_internal  with(nolock)  where account_id = @accid and is_active=1 and txn_date = 
        (select  MAX(txn_date) from bsgaccounting..account_balance_internal  with(nolock)  where account_id = @accid and txn_date <= @MaxBalDate) );
    END
    ELSE
    BEGIN
        set @openingbalance=0;
    END;
END;

ELSE IF (@classificationid = 4)
BEGIN
	declare @deposite_type int = 
	(
	select
		tadd.deposite_type
	from
		BSGTD..td_account_deposit_details tadd WITH(NOLOCK)
	where
		tadd.td_account_id = @accid
		AND tadd.is_active = 1
	)

    if((select MAX(a.txn_date) from BSGACCOUNTING..account_balance_td a WITH(NOLOCK) where a.td_account_id = @accid and a.txn_date <= @fromdate-1) is not null )
    BEGIN
        set @openingbalance  = 
			(
			select 
				case when @deposite_type = 1 then ((isnull(abt.checker_clear_balance,0) + isnull(abt.interest_provided,0)) - isnull(abt.interest_paid,0)) 
				else isnull(abt.checker_clear_balance,0) end
			from 
				BSGACCOUNTING..account_balance_td abt WITH(NOLOCK)
			where 
				abt.td_account_id = @accid 
				and abt.is_active = 1 
				and abt.txn_date = (select MAX(a.txn_date) from BSGACCOUNTING..account_balance_td a WITH(NOLOCK) where a.td_account_id = @accid and a.txn_date <= @fromdate-1) 
			)
    END 
    ELSE
    BEGIN
        set @openingbalance=0;
    END;
END



IF @openingbalance IS NULL BEGIN SET @openingbalance = 0; END;

IF(@classificationid in (1,2,3,4,6))
BEGIN
	INSERT INTO #transactions
	(
		sprinkle,EntryDate ,TranTime ,ValueDate ,narration ,Dr ,Credit ,
		Balance ,txnRefNo ,txntype,created_date,last_modified_date,
		txn_branch,home_branch, batch_code,scroll_no,set_no,
		instr_no,is_active,batchCode,instrno,txnSubRefNo,created_by,txndate
	)
	SELECT
		A.sprinkle,
		A.txn_posting_date,
		A.txn_time,
		A.txn_value_date,
		A.narration,
		A.DEBIT,
		A.CREDIT,
		A.balance,
		A.txn_ref_no,
		A.txn_type,
		A.created_date,
		A.last_modified_date,
		A.txn_branch, 
		A.home_branch, 
		A.batch_code,
		A.scroll_no,
		A.set_no,
		A.instr_no,
		A.is_active,
		A.batchCode,
		A.instrno,
		A.txn_sub_ref_no,created_by,
		a.txn_date
	FROM
	(
	SELECT 
		109642725 + id id,sprinkle,txn_posting_date,txn_time,txn_value_date,narration,case when txn_nature ='D' then txn_amount else 0 end DEBIT,
		case when txn_nature ='C' then txn_amount else 0 end CREDIT,null as balance,txn_ref_no,txn_type,
		created_date,last_modified_date,txn_branch,home_branch,batch_code,scroll_no,set_no,instr_no,is_active,
		batch_code as batchCode,instr_no as instrno,txn_sub_ref_no,created_by,txn_date
	FROM 
		bsgaccounting..transaction_master   with(nolock) 
	WHERE 
		txn_posting_date >= @fromdate
		and txn_posting_date <= @todate
		AND account_id = @accid
		and is_active = 1
	
	UNION ALL
    
	SELECT 
		id,sprinkle,txn_posting_date,txn_time,txn_value_date,narration,case when txn_nature ='D' then txn_amount else 0 end DEBIT,
		case when txn_nature ='C' then txn_amount else 0 end CREDIT,null as balance,txn_ref_no,txn_type,
		created_date,last_modified_date,txn_branch,home_branch,batch_code,scroll_no,set_no,instr_no,is_active,
		batch_code as batchCode,instr_no as instrno,txn_sub_ref_no,created_by,txn_date
	FROM 
		bsgdeepfreeze..transaction_master_df  with(nolock) 
	WHERE 
		txn_posting_date >= @fromdate
		and txn_posting_date <= @todate
		AND account_id = @accid
		and is_active=1
	
	--UNION ALL
    
	--SELECT 
	--	id,sprinkle,txn_posting_date,txn_time,txn_value_date,narration,case when txn_nature ='D' then txn_amount else 0 end DEBIT,
	--	case when txn_nature ='C' then txn_amount else 0 end CREDIT,null as balance,txn_ref_no,txn_type,
	--	created_date,last_modified_date,txn_branch,home_branch,batch_code,scroll_no,set_no,instr_no,is_active,
	--	batch_code as batchCode,instr_no as instrno,txn_sub_ref_no
	--FROM 
	--	bsgdeepfreeze..transaction_master_history
	--WHERE 
	--	txn_posting_date >= @fromdate
	--	and txn_posting_date <= @todate
	--	AND account_id = @accid
	--	and is_active=1
	)A
    ORDER BY txn_date,txn_posting_date,txn_time,id
		--txn_date,txn_posting_date,txn_time
END

ELSE

BEGIN
	INSERT INTO #transactions
	(
		sprinkle,EntryDate ,TranTime ,ValueDate ,narration ,Dr ,Credit ,
		Balance ,txnRefNo ,txntype,created_date,last_modified_date,
		txn_branch,home_branch, batch_code,scroll_no,set_no,instr_no,is_active,
		batchCode,instrno,txnSubRefNo ,created_by,txndate
	)    
	SELECT
		A.sprinkle,
		A.txn_posting_date,
		A.txn_time,
		A.txn_value_date,
		A.narration,
		A.DEBIT,
		A.CREDIT,
		A.balance,
		A.txn_ref_no,
		A.txn_type,
		A.created_date,
		A.last_modified_date,
		A.txn_branch, 
		A.home_branch, 
		A.batch_code,
		A.scroll_no,
		A.set_no,
		A.instr_no,
		A.is_active,
		A.batchCode,
		A.instrno,
        A.txn_sub_ref_no,
        created_by,
		a.txn_date
	FROM
	(
	SELECT 
		tmi.id,tmi.sprinkle,tmi.txn_posting_date,tmi.txn_time,tmi.txn_value_date,tmi.narration,case when tmi.txn_nature ='D' then tmi.txn_amount else 0 end DEBIT,
		case when tmi.txn_nature ='C' then tmi.txn_amount else 0 end CREDIT,
		null as balance,tmi.txn_ref_no,tmi.txn_type,tmi.created_date,tmi.last_modified_date,
		tmi.txn_branch,tmi.home_branch,tmi.batch_code,tmi.scroll_no,tmi.set_no,tmi.instr_no,tmi.is_active,
		tmi.batch_code as batchCode,tmi.instr_no as instrno,txn_sub_ref_no,created_by,txn_date
	from 
		bsgaccounting..transaction_master_internal tmi  with(nolock) 
	where 
		tmi.principal_id = @accid 
		and tmi.principal_type = 'IA'
		and tmi.txn_posting_date >= @fromdate
		and tmi.txn_posting_date <= @todate
		and tmi.is_active=1
	
	UNION ALL
    
	SELECT 
		tmi_df.id,tmi_df.sprinkle,tmi_df.txn_posting_date,tmi_df.txn_time,tmi_df.txn_value_date,tmi_df.narration,
		case when tmi_df.txn_nature ='D' then tmi_df.txn_amount else 0 end DEBIT,
		case when tmi_df.txn_nature ='C' then tmi_df.txn_amount else 0 end CREDIT,
		null as balance,tmi_df.txn_ref_no,tmi_df.txn_type,tmi_df.created_date,tmi_df.last_modified_date,
		tmi_df.txn_branch,tmi_df.home_branch,tmi_df.batch_code,tmi_df.scroll_no,tmi_df.set_no,tmi_df.instr_no,
		tmi_df.is_active,tmi_df.batch_code as batchCode,tmi_df.instr_no as instrno,txn_sub_ref_no,created_by,txn_date
	from 
		bsgdeepfreeze..transaction_master_internal_df tmi_df  with(nolock) 
	where 
		tmi_df.principal_id = @accid 
		and tmi_df.principal_type = 'IA'
		and tmi_df.txn_posting_date >= @fromdate
		and tmi_df.txn_posting_date <= @todate
		and tmi_df.is_active=1
    )A
    order by 
       a.txn_posting_date, a.id;

END

SET @min = (select MIN(Id) from #transactions);
SET @max = (select MAX(Id) from #transactions);

while(@min <= @max)
BEGIN
    update #transactions set Balance = (@openingbalance + Credit)-Dr where Id = @min;
    set @openingbalance = (select Balance from #transactions where Id = @min);
    set @min = @min + 1;
END;

update #transactions set instrno = null where instrno = '0';

    update t 
SET checkerCode=em.employee_code
FROM
#transactions t
INNER JOIN BSGADMIN..employee_master em  with(nolock) 
ON t.created_by=em.employee_id
and em.is_active=1

IF(@page <> 0 and @p_size <> 0)
BEGIN

if(@page = 1)
BEGIN
    select  * from  
    (
        select 
		ROW_NUMBER() OVER(order by EntryDate,TranTime) as SRNO,id,sprinkle,CONVERT(VARCHAR(10),EntryDate,103) TranDate,CONVERT(VARCHAR(10),ValueDate,103) as ValueDate,
		ISNULL(narration,'N/A') as Particulars,Dr as AmtWithdraw,Credit as AmtCredited,Balance,txnRefNo,
		CONVERT(VARCHAR(10),EntryDate,103) as txn_posting_date,txntype ,ISNULL(TranTime,created_date) TranTime, created_date,last_modified_date,
		txn_branch,home_branch, batch_code,scroll_no,set_no,ISNULL(instr_no,0) instr_no,is_active,
		batchCode,ISNULL(instrno,0) as InsrNo,txnSubRefNo,checkerCode,
		(
            SELECT employee_code FROM (
            SELECT TOP 1 created_by FROM BSGACCOUNTING..transaction_status ts  with(nolock)  WHERE ts.txn_ref_no=t.txnRefNo
            UNION ALL
            SELECT TOP 1 created_by FROM BSGDEEPFREEZE..transaction_status_df ts  with(nolock)  WHERE ts.txn_ref_no=t.txnRefNo ORDER BY id asc
            ) mk 
                INNER JOIN BSGADMIN..employee_master em 
                    ON mk.created_by=em.employee_id
                    and em.is_active=1
        ) MakerCode
        from 
            #transactions t
		where
			(@instrNo = 'N/A' OR ISNULL(instrno,'000000') = @instrNo)
			AND (@fromAmount = -1 OR Credit >= @fromAmount or Dr >= @fromAmount)
			AND (@toAmount = -1 OR (Credit <= @toAmount AND Credit <> 0) OR (Dr <= @toAmount AND Dr <> 0)) 
			AND (@narration = 'N/A' or ISNULL(narration,'N\A') like '%' + @narration + '%')
    )CUR_OUTPUT
    where 
	CUR_OUTPUT.SRNO >= 1 
	and CUR_OUTPUT.SRNO <= @p_size
	order by SRNO
	--txn_posting_date,id;
END
ELSE
BEGIN
    select  * from  
    (
        select 
		ROW_NUMBER() OVER(order by t.EntryDate,TranTime) as SRNO,id,sprinkle,CONVERT(VARCHAR(10),EntryDate,103) TranDate,CONVERT(VARCHAR(10),ValueDate,103) as ValueDate,
		ISNULL(narration,'N/A') as Particulars,Dr as AmtWithdraw,Credit as AmtCredited,Balance,txnRefNo,
		CONVERT(VARCHAR(10),EntryDate,103) as txn_posting_date,txntype ,ISNULL(TranTime,created_date) TranTime, created_date,last_modified_date,
		txn_branch,home_branch, batch_code,scroll_no,set_no,ISNULL(instr_no,0) instr_no,is_active,
		batchCode,ISNULL(instrno,0) as InsrNo,txnSubRefNo,checkerCode,
		(
            SELECT employee_code FROM (
            SELECT TOP 1 created_by FROM BSGACCOUNTING..transaction_status ts  with(nolock)  WHERE ts.txn_date=t.txndate and ts.txn_ref_no=t.txnRefNo
            UNION ALL
            SELECT TOP 1 created_by FROM BSGDEEPFREEZE..transaction_status_df ts  with(nolock)  WHERE ts.txn_date=t.txndate and ts.txn_ref_no=t.txnRefNo ORDER BY id asc
            ) mk 
                INNER JOIN BSGADMIN..employee_master em 
                    ON mk.created_by=em.employee_id
                    and em.is_active=1
        ) MakerCode
        from 
            #transactions t
		where
			(@instrNo = 'N/A' OR ISNULL(instrno,0) = @instrNo)
			AND (@fromAmount = -1 OR Credit >= @fromAmount or Dr >= @fromAmount)
			AND (@toAmount = -1 OR Credit <= @toAmount OR Dr <= @toAmount)
			AND (@narration = 'N/A' or ISNULL(narration,'N\A') like '%' + @narration + '%')
    )CUR_OUTPUT
    where 
        CUR_OUTPUT.SRNO > ((@page-1)*@p_size) 
	  and CUR_OUTPUT.SRNO <= (@p_size * @page)
	  order by CUR_OUTPUT.SRNO
	  ;
END

END

IF(@page = 0 AND @p_size = 0)

BEGIN

SELECT
	COUNT(1) txn_count
FROM
	#transactions
where
		(@instrNo = 'N/A' OR ISNULL(instrno,0) = @instrNo)
		AND (@fromAmount = -1 OR Credit >= @fromAmount or Dr >= @fromAmount)
		AND (@toAmount = -1 OR Credit <= @toAmount OR Dr <= @toAmount)
		AND (@narration = 'N/A' or ISNULL(narration,'N\A') like '%' + @narration + '%');

END


DROP TABLE #transactions


END
"
43,sp_Account_Statement_bkp_2023-05-01,"CREATE   PROCEDURE [dbo].[sp_Account_Statement_bkp_2023-05-01]  -- sp_Account_Statement '000125041000333','2021-03-01','2022-04-30',1,10000,'N/A',-1,-1,'N/A'
(
@accountno varchar(20),
@fromdate datetime,
@todate datetime,
@page int = NULL,
@p_size int = NULL,
@instrNo varchar(20) = 'N/A',
@fromAmount decimal(18,2) = -1,
@toAmount decimal(18,2) = -1,
@narration varchar(50) = 'N/A'
)
AS
BEGIN

DECLARE @classificationid INT;
DECLARE @accid VARCHAR(50);
DECLARE @openingbalance DECIMAL(18,2);
DECLARE @txnMaxDate DATETIME ;
DECLARE @min int; 
DECLARE @max int ;

DECLARE @MaxBalDate DATETIME;
SET @MaxBalDate = (@fromdate - 1);

CREATE TABLE #transactions 
(
	Id int identity,sprinkle varchar(200),EntryDate datetime,TranTime time,
	ValueDate datetime,narration nvarchar(1000),Dr decimal(18,2),Credit decimal(18,2),
	Balance decimal(18,2),txnRefNo varchar(20),txntype varchar(10),
	created_date DATETIME,last_modified_date DATETIME,txn_branch INT, 
	home_branch INT, batch_code INT,scroll_no INT,set_no INT,instr_no varchar(20),
	is_active INT,batchCode INT,instrno varchar(20),txnSubRefNo varchar(20),created_by BIGINT,checkerCode VARCHAR(50),MakerCode VARCHAR(50),txndate datetime
);

SET @classificationid = (select classification_id from bsgcore..customer_accounts where account_no = @accountNo and is_active=1);

SET @accid = (select account_id from bsgcore..customer_accounts where account_no = @accountNo and is_active=1);

SET @txnMaxDate = (SELECT MAX(txn_date) FROM bsgaccounting..account_balance WHERE account_id = @accid and txn_date <= @MaxBalDate);

IF(@txnMaxDate IS NULL)
BEGIN
    SET @txnMaxDate = @MaxBalDate;
END;

IF(@classificationid IN (1,2))
BEGIN
    IF(@txnMaxDate IS NOT NULL )
    BEGIN
        SET @openingbalance = (SELECT checker_clear_balance from bsgaccounting..account_balance where account_id = @accid and is_active=1 and txn_date = @txnMaxDate);
    END
    ELSE
    BEGIN
        set @openingbalance=0;
    END;
END 

ELSE IF (@classificationid IN (3,6))
BEGIN
    if((select  MAX(txn_date) from bsgaccounting..account_balance_loan where loan_account_id = @accid and txn_date <= @MaxBalDate) is not null )
    BEGIN
        SET @openingbalance =  (select checker_clear_balance + checker_unclear_balance from bsgaccounting..account_balance_loan where loan_account_id = @accid and is_active=1 and txn_date = 
        (select  MAX(txn_date) from bsgaccounting..account_balance_loan where loan_account_id = @accid and txn_date <= @MaxBalDate) );
    END 
    ELSE
    BEGIN
        set @openingbalance=0;
    END;
END
ELSE IF (@classificationid in (5))
BEGIN
    IF((select  MAX(txn_date) from bsgaccounting..account_balance_internal where account_id = @accid and txn_date <= @MaxBalDate) is not null )
    BEGIN
        set @openingbalance  =  
        (select checker_clear_balance from bsgaccounting..account_balance_internal where account_id = @accid and is_active=1 and txn_date = 
        (select  MAX(txn_date) from bsgaccounting..account_balance_internal where account_id = @accid and txn_date <= @MaxBalDate) );
    END
    ELSE
    BEGIN
        set @openingbalance=0;
    END;
END;

ELSE IF (@classificationid = 4)
BEGIN
	declare @deposite_type int = 
	(
	select
		tadd.deposite_type
	from
		BSGTD..td_account_deposit_details tadd WITH(NOLOCK)
	where
		tadd.td_account_id = @accid
		AND tadd.is_active = 1
	)

    if((select MAX(a.txn_date) from BSGACCOUNTING..account_balance_td a WITH(NOLOCK) where a.td_account_id = @accid and a.txn_date <= @fromdate-1) is not null )
    BEGIN
        set @openingbalance  = 
			(
			select 
				case when @deposite_type = 1 then ((isnull(abt.checker_clear_balance,0) + isnull(abt.interest_provided,0)) - isnull(abt.interest_paid,0)) 
				else isnull(abt.checker_clear_balance,0) end
			from 
				BSGACCOUNTING..account_balance_td abt WITH(NOLOCK)
			where 
				abt.td_account_id = @accid 
				and abt.is_active = 1 
				and abt.txn_date = (select MAX(a.txn_date) from BSGACCOUNTING..account_balance_td a WITH(NOLOCK) where a.td_account_id = @accid and a.txn_date <= @fromdate-1) 
			)
    END 
    ELSE
    BEGIN
        set @openingbalance=0;
    END;
END



IF @openingbalance IS NULL BEGIN SET @openingbalance = 0; END;

IF(@classificationid in (1,2,3,4,6))
BEGIN
	INSERT INTO #transactions
	(
		sprinkle,EntryDate ,TranTime ,ValueDate ,narration ,Dr ,Credit ,
		Balance ,txnRefNo ,txntype,created_date,last_modified_date,
		txn_branch,home_branch, batch_code,scroll_no,set_no,
		instr_no,is_active,batchCode,instrno,txnSubRefNo,created_by,txndate
	)
	SELECT
		A.sprinkle,
		A.txn_posting_date,
		A.txn_time,
		A.txn_value_date,
		A.narration,
		A.DEBIT,
		A.CREDIT,
		A.balance,
		A.txn_ref_no,
		A.txn_type,
		A.created_date,
		A.last_modified_date,
		A.txn_branch, 
		A.home_branch, 
		A.batch_code,
		A.scroll_no,
		A.set_no,
		A.instr_no,
		A.is_active,
		A.batchCode,
		A.instrno,
		A.txn_sub_ref_no,created_by,
		a.txn_date
	FROM
	(
	SELECT 
		109642725 + id id,sprinkle,txn_posting_date,txn_time,txn_value_date,narration,case when txn_nature ='D' then txn_amount else 0 end DEBIT,
		case when txn_nature ='C' then txn_amount else 0 end CREDIT,null as balance,txn_ref_no,txn_type,
		created_date,last_modified_date,txn_branch,home_branch,batch_code,scroll_no,set_no,instr_no,is_active,
		batch_code as batchCode,instr_no as instrno,txn_sub_ref_no,created_by,txn_date
	FROM 
		bsgaccounting..transaction_master 
	WHERE 
		txn_posting_date >= @fromdate
		and txn_posting_date <= @todate
		AND account_id = @accid
		and is_active = 1
	
	UNION ALL
    
	SELECT 
		id,sprinkle,txn_posting_date,txn_time,txn_value_date,narration,case when txn_nature ='D' then txn_amount else 0 end DEBIT,
		case when txn_nature ='C' then txn_amount else 0 end CREDIT,null as balance,txn_ref_no,txn_type,
		created_date,last_modified_date,txn_branch,home_branch,batch_code,scroll_no,set_no,instr_no,is_active,
		batch_code as batchCode,instr_no as instrno,txn_sub_ref_no,created_by,txn_date
	FROM 
		bsgdeepfreeze..transaction_master_df
	WHERE 
		txn_posting_date >= @fromdate
		and txn_posting_date <= @todate
		AND account_id = @accid
		and is_active=1
	
	--UNION ALL
    
	--SELECT 
	--	id,sprinkle,txn_posting_date,txn_time,txn_value_date,narration,case when txn_nature ='D' then txn_amount else 0 end DEBIT,
	--	case when txn_nature ='C' then txn_amount else 0 end CREDIT,null as balance,txn_ref_no,txn_type,
	--	created_date,last_modified_date,txn_branch,home_branch,batch_code,scroll_no,set_no,instr_no,is_active,
	--	batch_code as batchCode,instr_no as instrno,txn_sub_ref_no
	--FROM 
	--	bsgdeepfreeze..transaction_master_history
	--WHERE 
	--	txn_posting_date >= @fromdate
	--	and txn_posting_date <= @todate
	--	AND account_id = @accid
	--	and is_active=1
	)A
    ORDER BY id
		--txn_date,txn_posting_date,txn_time
END

ELSE

BEGIN
	INSERT INTO #transactions
	(
		sprinkle,EntryDate ,TranTime ,ValueDate ,narration ,Dr ,Credit ,
		Balance ,txnRefNo ,txntype,created_date,last_modified_date,
		txn_branch,home_branch, batch_code,scroll_no,set_no,instr_no,is_active,
		batchCode,instrno,txnSubRefNo ,created_by,txndate
	)    
	SELECT
		A.sprinkle,
		A.txn_posting_date,
		A.txn_time,
		A.txn_value_date,
		A.narration,
		A.DEBIT,
		A.CREDIT,
		A.balance,
		A.txn_ref_no,
		A.txn_type,
		A.created_date,
		A.last_modified_date,
		A.txn_branch, 
		A.home_branch, 
		A.batch_code,
		A.scroll_no,
		A.set_no,
		A.instr_no,
		A.is_active,
		A.batchCode,
		A.instrno,
        A.txn_sub_ref_no,
        created_by,
		a.txn_date
	FROM
	(
	SELECT 
		tmi.id,tmi.sprinkle,tmi.txn_posting_date,tmi.txn_time,tmi.txn_value_date,tmi.narration,case when tmi.txn_nature ='D' then tmi.txn_amount else 0 end DEBIT,
		case when tmi.txn_nature ='C' then tmi.txn_amount else 0 end CREDIT,
		null as balance,tmi.txn_ref_no,tmi.txn_type,tmi.created_date,tmi.last_modified_date,
		tmi.txn_branch,tmi.home_branch,tmi.batch_code,tmi.scroll_no,tmi.set_no,tmi.instr_no,tmi.is_active,
		tmi.batch_code as batchCode,tmi.instr_no as instrno,txn_sub_ref_no,created_by,txn_date
	from 
		bsgaccounting..transaction_master_internal tmi
	where 
		tmi.principal_id = @accid 
		and tmi.principal_type = 'IA'
		and tmi.txn_posting_date >= @fromdate
		and tmi.txn_posting_date <= @todate
		and tmi.is_active=1
	
	UNION ALL
    
	SELECT 
		tmi_df.id,tmi_df.sprinkle,tmi_df.txn_posting_date,tmi_df.txn_time,tmi_df.txn_value_date,tmi_df.narration,
		case when tmi_df.txn_nature ='D' then tmi_df.txn_amount else 0 end DEBIT,
		case when tmi_df.txn_nature ='C' then tmi_df.txn_amount else 0 end CREDIT,
		null as balance,tmi_df.txn_ref_no,tmi_df.txn_type,tmi_df.created_date,tmi_df.last_modified_date,
		tmi_df.txn_branch,tmi_df.home_branch,tmi_df.batch_code,tmi_df.scroll_no,tmi_df.set_no,tmi_df.instr_no,
		tmi_df.is_active,tmi_df.batch_code as batchCode,tmi_df.instr_no as instrno,txn_sub_ref_no,created_by,txn_date
	from 
		bsgdeepfreeze..transaction_master_internal_df tmi_df
	where 
		tmi_df.principal_id = @accid 
		and tmi_df.principal_type = 'IA'
		and tmi_df.txn_posting_date >= @fromdate
		and tmi_df.txn_posting_date <= @todate
		and tmi_df.is_active=1
    )A
    order by 
        A.id;

END

SET @min = (select MIN(Id) from #transactions);
SET @max = (select MAX(Id) from #transactions);

while(@min <= @max)
BEGIN
    update #transactions set Balance = (@openingbalance + Credit)-Dr where Id = @min;
    set @openingbalance = (select Balance from #transactions where Id = @min);
    set @min = @min + 1;
END;

update #transactions set instrno = null where instrno = '0';

    update t 
SET checkerCode=em.employee_code
FROM
#transactions t
INNER JOIN BSGADMIN..employee_master em
ON t.created_by=em.employee_id
and em.is_active=1

IF(@page <> 0 and @p_size <> 0)
BEGIN

if(@page = 1)
BEGIN
    select  * from  
    (
        select 
		ROW_NUMBER() OVER(order by id) as SRNO,id,sprinkle,CONVERT(VARCHAR(10),EntryDate,103) TranDate,CONVERT(VARCHAR(10),ValueDate,103) as ValueDate,
		ISNULL(narration,'N/A') as Particulars,Dr as AmtWithdraw,Credit as AmtCredited,Balance,txnRefNo,
		CONVERT(VARCHAR(10),EntryDate,103) as txn_posting_date,txntype ,ISNULL(TranTime,created_date) TranTime, created_date,last_modified_date,
		txn_branch,home_branch, batch_code,scroll_no,set_no,ISNULL(instr_no,0) instr_no,is_active,
		batchCode,ISNULL(instrno,0) as InsrNo,txnSubRefNo,checkerCode,
		(
            SELECT employee_code FROM (
            SELECT TOP 1 created_by FROM BSGACCOUNTING..transaction_status ts WHERE ts.txn_ref_no=t.txnRefNo
            UNION ALL
            SELECT TOP 1 created_by FROM BSGDEEPFREEZE..transaction_status_df ts WHERE ts.txn_ref_no=t.txnRefNo ORDER BY id asc
            ) mk 
                INNER JOIN BSGADMIN..employee_master em 
                    ON mk.created_by=em.employee_id
                    and em.is_active=1
        ) MakerCode
        from 
            #transactions t
		where
			(@instrNo = 'N/A' OR ISNULL(instrno,'000000') = @instrNo)
			AND (@fromAmount = -1 OR Credit >= @fromAmount or Dr >= @fromAmount)
			AND (@toAmount = -1 OR (Credit <= @toAmount AND Credit <> 0) OR (Dr <= @toAmount AND Dr <> 0)) 
			AND (@narration = 'N/A' or ISNULL(narration,'N\A') like '%' + @narration + '%')
    )CUR_OUTPUT
    where 
	CUR_OUTPUT.SRNO >= 1 
	and CUR_OUTPUT.SRNO <= @p_size
	order by id;
END
ELSE
BEGIN
    select  * from  
    (
        select 
		ROW_NUMBER() OVER(order by t.id) as SRNO,id,sprinkle,CONVERT(VARCHAR(10),EntryDate,103) TranDate,CONVERT(VARCHAR(10),ValueDate,103) as ValueDate,
		ISNULL(narration,'N/A') as Particulars,Dr as AmtWithdraw,Credit as AmtCredited,Balance,txnRefNo,
		CONVERT(VARCHAR(10),EntryDate,103) as txn_posting_date,txntype ,ISNULL(TranTime,created_date) TranTime, created_date,last_modified_date,
		txn_branch,home_branch, batch_code,scroll_no,set_no,ISNULL(instr_no,0) instr_no,is_active,
		batchCode,ISNULL(instrno,0) as InsrNo,txnSubRefNo,checkerCode,
		(
            SELECT employee_code FROM (
            SELECT TOP 1 created_by FROM BSGACCOUNTING..transaction_status ts WHERE ts.txn_ref_no=t.txnRefNo
            UNION ALL
            SELECT TOP 1 created_by FROM BSGDEEPFREEZE..transaction_status_df ts WHERE ts.txn_ref_no=t.txnRefNo ORDER BY id asc
            ) mk 
                INNER JOIN BSGADMIN..employee_master em 
                    ON mk.created_by=em.employee_id
                    and em.is_active=1
        ) MakerCode
        from 
            #transactions t
		where
			(@instrNo = 'N/A' OR ISNULL(instrno,0) = @instrNo)
			AND (@fromAmount = -1 OR Credit >= @fromAmount or Dr >= @fromAmount)
			AND (@toAmount = -1 OR Credit <= @toAmount OR Dr <= @toAmount)
			AND (@narration = 'N/A' or ISNULL(narration,'N\A') like '%' + @narration + '%')
    )CUR_OUTPUT
    where 
        CUR_OUTPUT.SRNO > ((@page-1)*@p_size) 
	  and CUR_OUTPUT.SRNO <= (@p_size * @page)
	  order by CUR_OUTPUT.SRNO
	  ;
END

END

IF(@page = 0 AND @p_size = 0)

BEGIN

SELECT
	COUNT(1) txn_count
FROM
	#transactions
where
		(@instrNo = 'N/A' OR ISNULL(instrno,0) = @instrNo)
		AND (@fromAmount = -1 OR Credit >= @fromAmount or Dr >= @fromAmount)
		AND (@toAmount = -1 OR Credit <= @toAmount OR Dr <= @toAmount)
		AND (@narration = 'N/A' or ISNULL(narration,'N\A') like '%' + @narration + '%');

END


DROP TABLE #transactions


END
"
44,sp_alterdiagram,"
	CREATE PROCEDURE dbo.sp_alterdiagram
	(
		@diagramname 	sysname,
		@owner_id	int	= null,
		@version 	int,
		@definition 	varbinary(max)
	)
	WITH EXECUTE AS 'dbo'
	AS
	BEGIN
		set nocount on
	
		declare @theId 			int
		declare @retval 		int
		declare @IsDbo 			int
		
		declare @UIDFound 		int
		declare @DiagId			int
		declare @ShouldChangeUID	int
	
		if(@diagramname is null)
		begin
			RAISERROR ('Invalid ARG', 16, 1)
			return -1
		end
	
		execute as caller;
		select @theId = DATABASE_PRINCIPAL_ID();	 
		select @IsDbo = IS_MEMBER(N'db_owner'); 
		if(@owner_id is null)
			select @owner_id = @theId;
		revert;
	
		select @ShouldChangeUID = 0
		select @DiagId = diagram_id, @UIDFound = principal_id from dbo.sysdiagrams where principal_id = @owner_id and name = @diagramname 
		
		if(@DiagId IS NULL or (@IsDbo = 0 and @theId <> @UIDFound))
		begin
			RAISERROR ('Diagram does not exist or you do not have permission.', 16, 1);
			return -3
		end
	
		if(@IsDbo <> 0)
		begin
			if(@UIDFound is null or USER_NAME(@UIDFound) is null) -- invalid principal_id
			begin
				select @ShouldChangeUID = 1 ;
			end
		end

		-- update dds data			
		update dbo.sysdiagrams set definition = @definition where diagram_id = @DiagId ;

		-- change owner
		if(@ShouldChangeUID = 1)
			update dbo.sysdiagrams set principal_id = @theId where diagram_id = @DiagId ;

		-- update dds version
		if(@version is not null)
			update dbo.sysdiagrams set version = @version where diagram_id = @DiagId ;

		return 0
	END
	"
45,sp_backup_bod,"CREATE   PROCEDURE [dbo].[sp_backup_bod] -- [sp_backup_bod] @backupLocation='G:\bsgturing\turing_backup\'

AS
begin
declare  @databaseName sysname = null
declare  @backupType CHAR(1) = null
declare  @backupLocation nvarchar(400) = null

create table #temp1
(
id int identity,
output nvarchar(max)
)

	--begin try
	--insert into #temp1
	--EXEC XP_CMDSHELL 'Dir J:' 
	--if((select output from #temp1 where id =1) != ' Volume in drive J is Application')
	--begin
	--	EXEC XP_CMDSHELL 'net use J: \\192.168.1.115\db_backup /USER:administrator'
	--	print 'drive map'
	--end
	----select * from #temp1
	--end try
	--begin catch
	--	print 'drive allready map'
	--end catch


set @backupLocation='E:\BACKUP\'
-- set @backupLocation='H:\'
 SET NOCOUNT ON;
 
 DECLARE @DBs TABLE
 (
 ID int IDENTITY PRIMARY KEY,
 DBNAME nvarchar(500),
 dbCreatedate datetime
 )
 
 declare @succes_count int =0,@failure_count int =0
 
 -- Pick out only databases which are online in case ALL databases are chosen to be backed up
 -- If specific database is chosen to be backed up only pick that out from @DBs
 INSERT INTO @DBs (DBNAME,dbCreatedate)
 SELECT name,create_date FROM master.sys.databases
 where state=0 and database_id  > 4
 AND name like '%BSG%'
 
 -- in ( 'BSGACCOUNTING','BSGTURINGREPORTS','BSGPAYMENTGATEWAY','BSGADMIN','BSGCBR','BSGCBSFILES','BSGCORE','BSGCRM','BSGLOAN','BSGLOCKER','BSGMASTER','BSGREMITTANCE','BSGTD','BSGTURING')
-- AND name=@DatabaseName
 --OR @DatabaseName IS NULL
 --ORDER BY Name
 
 -- Filter out databases which do not need to backed up
 --IF @backupType='F'
 --BEGIN
 --DELETE @DBs where DBNAME IN ('tempdb','Northwind','pubs','AdventureWorks')
 --END
 --ELSE IF @backupType='D'
 --BEGIN
 --DELETE @DBs where DBNAME IN ('tempdb','Northwind','pubs','master','AdventureWorks')
 --END
 --ELSE IF @backupType='L'
 --BEGIN
 --DELETE @DBs where DBNAME IN ('tempdb','Northwind','pubs','master','AdventureWorks')
 --END
 --ELSE
 --BEGIN
 --RETURN
 --END
 
 -- Declare variables
 DECLARE @BackupName varchar(200)
 DECLARE @BackupFile varchar(200)
 DECLARE @DBNAME varchar(300)
 DECLARE @sqlCommand NVARCHAR(1000)
 DECLARE @dateTime NVARCHAR(20)
 DECLARE @Loop int
 declare @createdate datetime
 declare @rootlocation nvarchar(400)
 declare @archiveCommand  nvarchar(400)
 declare @deletebak nvarchar(400) = ''
 set @rootlocation = @backupLocation
 declare @mysqldatabase nvarchar(500)
 declare @servername nvarchar(200)
 -- Loop through the databases one by one
 SELECT @Loop = min(ID) FROM @DBs
 
 WHILE @Loop IS NOT NULL
 BEGIN
 BEGIN TRY
-- Database Names have to be in [dbname] formate since some have - or _ in their name
 SET @DBNAME = ''+(SELECT DBNAME FROM @DBs WHERE ID = @Loop)+''
 
  SET @createdate = (SELECT dbCreatedate FROM @DBs WHERE ID = @Loop)


if(datename(dw,GETDATE()) = 'Sunday') --
begin
	set @backupType = 'F'
end
else
begin
	set @backupType = 'D'
end

if CAST(@createdate as date) = cast(GETDATE() as date)
begin
	set @backupType = 'F'
end
set @backupType = 'F'

 --select right(@DBNAME,len(@DBNAME) - CHARINDEX('_',@DBNAME))
 set @backupLocation = @rootlocation + '\'+ replace(cast(GETDATE() as date),'-','_')+'_eod\'+ right(@DBNAME,len(@DBNAME) - CHARINDEX('_',@DBNAME))  
 
--set @backupLocation = @rootlocation + right(@DBNAME,len(@DBNAME) - CHARINDEX('_',@DBNAME)) + '\'+ replace(cast(GETDATE() as date),'-','_')+'\'+
--	case when CHARINDEX('_',@DBNAME) > 0 then left(@DBNAME, CHARINDEX('_',@DBNAME)-1) else @DBNAME end --replace(replace(CONVERT(VARCHAR(19),GETDATE()),' ','_'),':','_')
 
declare @exists table (directory nvarchar(100), depth int)
insert into @exists
EXEC master.sys.xp_dirtree @backupLocation 


if((select COUNT(*) from @exists) = 0)
begin


 set @backupLocation = @backupLocation --+ '\'+ right(@DBNAME,len(@DBNAME) - CHARINDEX('_',@DBNAME))  
	 EXEC master.dbo.xp_create_subdir @backupLocation 	
end
  set @backupLocation += '\'
-- Set the current date and time n yyyyhhmmss format
 SET @dateTime = REPLACE(CONVERT(VARCHAR, GETDATE(),101),'/','') + '_' + REPLACE(CONVERT(VARCHAR, GETDATE(),108),':','')
 
-- Create backup filename in path\filename.extension format for full,diff and log backups
 IF @backupType = 'F'
 SET @BackupFile = @backupLocation+REPLACE(REPLACE(@DBNAME, '[',''),']','')+ '_FULL_'+ @dateTime+ '.BAK'
 ELSE IF @backupType = 'D'
 SET @BackupFile = @backupLocation+REPLACE(REPLACE(@DBNAME, '[',''),']','')+ '_DIFF_'+ @dateTime+ '.BAK'
 ELSE IF @backupType = 'L'
 SET @BackupFile = @backupLocation+REPLACE(REPLACE(@DBNAME, '[',''),']','')+ '_LOG_'+ @dateTime+ '.TRN'
 
-- Provide the backup a name for storing in the media
 IF @backupType = 'F'
 SET @BackupName = REPLACE(REPLACE(@DBNAME,'[',''),']','') +' full backup for '+ @dateTime
 IF @backupType = 'D'
 SET @BackupName = REPLACE(REPLACE(@DBNAME,'[',''),']','') +' differential backup for '+ @dateTime
 IF @backupType = 'L'
 SET @BackupName = REPLACE(REPLACE(@DBNAME,'[',''),']','') +' log backup for '+ @dateTime
 
-- Generate the dynamic SQL command to be executed
 
 IF @backupType = 'F'
 BEGIN
 SET @sqlCommand = 'BACKUP DATABASE ' +@DBNAME+ ' TO DISK = '''+@BackupFile+ ''' WITH INIT, NAME= ''' +@BackupName+''', NOSKIP, NOFORMAT'
 END
 IF @backupType = 'D'
 BEGIN
 SET @sqlCommand = 'BACKUP DATABASE ' +@DBNAME+ ' TO DISK = '''+@BackupFile+ ''' WITH DIFFERENTIAL, INIT, NAME= ''' +@BackupName+''', NOSKIP, NOFORMAT'
 END
 IF @backupType = 'L'
 BEGIN
 SET @sqlCommand = 'BACKUP LOG ' +@DBNAME+ ' TO DISK = '''+@BackupFile+ ''' WITH INIT, NAME= ''' +@BackupName+''', NOSKIP, NOFORMAT'
 END
 
-- Execute the generated SQL command
 
 print @sqlCommand
 EXEC(@sqlCommand)

set @succes_count +=1;
insert into BSGTURING..turing_task_result(task_id,task_ref_id,task_ref_table,response_code,message,created_date,created_by)
values(77,@succes_count,@DBNAME,1,@DBNAME,GETDATE(),1)
-- Goto the next database
SELECT @Loop = min(ID) FROM @DBs where ID>@Loop
 END TRY
 BEGIN CATCH
	SELECT @Loop = min(ID) FROM @DBs where ID>@Loop
 --insert into bsgdeepfreeze..error_deepfreeze(table_name,records_count,errormsg,created_date)
 --select @DBNAME,0 records_count,ERROR_MESSAGE(),getdate() 
 
 END CATCH
END

-- --Delete 10 days back file 
--select @succes_count succes_count,@failure_count failure_count
--set @deletebak  = 'RMDIR '+@rootlocation + '\'+ replace(cast(dateadd(day, -10,GETDATE()) as date),'-','_')+'_eod /s /q'
--exec  xp_cmdshell @deletebak

--declare @writetrgfile nvarchar(400) ='echo 1  >'+ @rootlocation+'\'+replace(cast( GETDATE() as date),'-','_')+'_eod.trg'
--EXECUTE Master.dbo.xp_CmdShell  @writetrgfile

end

"
46,sp_balance_mismatch,"CREATE   PROCEDURE [dbo].[sp_balance_mismatch]   --sp_balance_mismatch 1,'2018-02-20'
@classification_id INT,
@txn_posting_date DATETIME
AS
begin

declare @temp table(Id int identity,ProductCode varchar(10))

insert into @temp
select distinct product_code from BSGCORE.dbo.product_master where is_active=1 AND classification_id=@classification_id


declare @min int=(select min(Id) from @temp)
declare @max int=(select max(Id) from @temp)
declare @selectedproduct varchar(10)

declare @output table
(branch_code int,	product_id varchar(20),	product_code varchar(20),	product_description varchar(100),
	BALDATE datetime,	checker_clear_balance decimal(18,2)
)

while(@min<=@max)
begin
set @selectedproduct=(select ProductCode from @temp where Id=@min)

insert into @output
select A.*,CBL.checker_clear_balance from
(select PM.branch_code,PM.product_id,PM.product_code,PM.product_description,max(PB.txn_date) BALDATE from BSGCORE.dbo.product_master PM 
left outer join
BSGACCOUNTING.dbo.product_balance PB
on
PM.product_id=PB.product_id and PB.txn_date<=@txn_posting_date
where PM.product_code=@selectedproduct and PM.is_active=1
group by PM.branch_code,PM.product_id,PM.product_code,PM.product_description)A
left outer join
BSGACCOUNTING.dbo.product_balance CBL
on
A.product_id=CBL.product_id and A.BALDATE=CBL.txn_date 
where CBL.is_active=1 

set @min=@min+1
end





declare @valuestable table (Id bigint identity,ProductCode varchar(10),ProductName varchar(60),
[br_1] decimal(18,2),[br_1_Acc] decimal(18,2),[br_1_diff] decimal(18,2),
[br_1000] decimal(18,2),[br_1000_Acc] decimal(18,2),[br_1000_diff] decimal(18,2),
[br_1001] decimal(18,2),[br_1001_Acc] decimal(18,2),[br_1001_diff] decimal(18,2),
[br_1002] decimal(18,2),[br_1002_Acc] decimal(18,2),[br_1002_diff] decimal(18,2),
[br_1003] decimal(18,2),[br_1003_Acc] decimal(18,2),[br_1003_diff] decimal(18,2),
[br_1004] decimal(18,2),[br_1004_Acc] decimal(18,2),[br_1004_diff] decimal(18,2),
[br_1005] decimal(18,2),[br_1005_Acc] decimal(18,2),[br_1005_diff] decimal(18,2),
[br_1006] decimal(18,2),[br_1006_Acc] decimal(18,2),[br_1006_diff] decimal(18,2))




insert into @valuestable(ProductCode)
select distinct product_code from @output

update @valuestable set ProductName = (select top 1 product_description from @output where branch_code=1000 and product_code=ProductCode )
update @valuestable set ProductName = (select top 1 product_description from @output where branch_code=1001 and product_code=ProductCode )
where ProductName is null

update @valuestable set ProductName = (select top 1 product_description from @output where branch_code=1002 and product_code=ProductCode )
where ProductName is null

update @valuestable set ProductName = (select top 1 product_description from @output where branch_code=1003 and product_code=ProductCode )
where ProductName is null

update @valuestable set ProductName = (select top 1 product_description from @output where branch_code=1004 and product_code=ProductCode )
where ProductName is null

update @valuestable set ProductName = (select top 1 product_description from @output where branch_code=1005 and product_code=ProductCode )
where ProductName is null

update @valuestable set ProductName = (select top 1 product_description from @output where branch_code=1006 and product_code=ProductCode )
where ProductName is null


update @valuestable set [br_1] = (select isnull(checker_clear_balance,0) from @output where branch_code=1 and product_code=ProductCode  )
update @valuestable set [br_1000]  = (select isnull(checker_clear_balance,0) from @output where branch_code=1000 and product_code=ProductCode  )
update @valuestable set [br_1001]  = (select isnull(checker_clear_balance,0) from @output where branch_code=1001 and product_code=ProductCode  )
update @valuestable set [br_1002]  = (select isnull(checker_clear_balance,0) from @output where branch_code=1002 and product_code=ProductCode  )
update @valuestable set [br_1003]  = (select isnull(checker_clear_balance,0) from @output where branch_code=1003 and product_code=ProductCode  )
update @valuestable set [br_1004]  = (select isnull(checker_clear_balance,0) from @output where branch_code=1004 and product_code=ProductCode  )
update @valuestable set [br_1005]  = (select isnull(checker_clear_balance,0) from @output where branch_code=1005 and product_code=ProductCode  )
update @valuestable set [br_1006]  = (select isnull(checker_clear_balance,0) from @output where branch_code=1006 and product_code=ProductCode  )



-------------------------------------------------------------------------------------------------------------------------


-------------------------------------------------------------------------------------------------------------------------


update @valuestable set [br_1_Acc]	=   (select dbo.fn_GetBalancefromBalanceBook(@txn_posting_date,ProductCode,'1','YES',	'No','Account No','NO'))--(select isnull(checker_clear_balance,0) from @output where branch_code=1 and product_code=ProductCode  ))
update @valuestable set [br_1000_Acc]  =(select dbo.fn_GetBalancefromBalanceBook(@txn_posting_date,ProductCode,'1000','YES','No','Account No','NO')) --(select isnull(checker_clear_balance,0) from @output where branch_code=1000 and product_code=ProductCode  )
update @valuestable set [br_1001_Acc]  =(select dbo.fn_GetBalancefromBalanceBook(@txn_posting_date,ProductCode,'1001','YES','No','Account No','NO')) --(select isnull(checker_clear_balance,0) from @output where branch_code=1001 and product_code=ProductCode  )
update @valuestable set [br_1002_Acc]  =(select dbo.fn_GetBalancefromBalanceBook(@txn_posting_date,ProductCode,'1002','YES','No','Account No','NO')) --(select isnull(checker_clear_balance,0) from @output where branch_code=1002 and product_code=ProductCode  )
update @valuestable set [br_1003_Acc]  =(select dbo.fn_GetBalancefromBalanceBook(@txn_posting_date,ProductCode,'1003','YES','No','Account No','NO')) --(select isnull(checker_clear_balance,0) from @output where branch_code=1003 and product_code=ProductCode  )
update @valuestable set [br_1004_Acc]  =(select dbo.fn_GetBalancefromBalanceBook(@txn_posting_date,ProductCode,'1004','YES','No','Account No','NO')) --(select isnull(checker_clear_balance,0) from @output where branch_code=1004 and product_code=ProductCode  )
update @valuestable set [br_1005_Acc]  =(select dbo.fn_GetBalancefromBalanceBook(@txn_posting_date,ProductCode,'1005','YES','No','Account No','NO')) --(select isnull(checker_clear_balance,0) from @output where branch_code=1005 and product_code=ProductCode  )
update @valuestable set [br_1006_Acc]  =(select dbo.fn_GetBalancefromBalanceBook(@txn_posting_date,ProductCode,'1006','YES','No','Account No','NO')) --(select isnull(checker_clear_balance,0) from @output where branch_code=1005 and product_code=ProductCode  )

update @valuestable set [br_1_diff]=isnull([br_1],0)-isnull([br_1_Acc],0),
[br_1000_diff]=isnull([br_1000],0)-isnull([br_1000_Acc],0),
[br_1001_diff]=isnull(br_1001,0)-isnull([br_1001_Acc],0),
[br_1002_diff]=isnull(br_1002,0)-isnull([br_1002_Acc],0),
[br_1003_diff]=isnull(br_1003,0)-isnull([br_1003_Acc],0),
[br_1004_diff]=isnull(br_1004,0)-isnull([br_1004_Acc],0),
[br_1005_diff]=isnull(br_1005,0)-isnull([br_1005_Acc],0),
[br_1006_diff]=isnull(br_1006,0)-isnull([br_1006_Acc],0)

SELECT CASE WHEN SUM(Br1+Br2+Br3+Br4+Br5+Br6+Br7+Br8) >= 1 THEN 1 ELSE 0 END mismatch_count
FROM
(
SELECT
	CASE WHEN br_1_diff <> 0 THEN 1 ELSE 0 END    Br1,
	CASE WHEN br_1000_diff <> 0 THEN 1 ELSE 0 END Br2,
	CASE WHEN br_1001_diff <> 0 THEN 1 ELSE 0 END Br3,
	CASE WHEN br_1002_diff <> 0 THEN 1 ELSE 0 END Br4,
	CASE WHEN br_1003_diff <> 0 THEN 1 ELSE 0 END Br5,
	CASE WHEN br_1004_diff <> 0 THEN 1 ELSE 0 END Br6,
	CASE WHEN br_1005_diff <> 0 THEN 1 ELSE 0 END Br7,
	CASE WHEN br_1006_diff <> 0 THEN 1 ELSE 0 END Br8
FROM 
	@valuestable
) K

end


"
47,sp_batch_insert_order_request,"CREATE   PROCEDURE dbo.sp_batch_insert_order_request
    @CreateOrderRequestList dbo.orderRequestTableType READONLY
AS
BEGIN
    SET NOCOUNT ON;
   
    -- Time variables
    DECLARE @StartTime DATETIME2 = SYSUTCDATETIME();
    DECLARE @EndTime DATETIME2;
    DECLARE @DurationInMilliseconds BIGINT;

    -- Temporary table to store only id and order_id
    DECLARE @InsertedDetails TABLE (
        id BIGINT,
        order_no VARCHAR(100)
    );

    -- Insert into the target table and capture id and order_id
    INSERT INTO dbo.order_request (
       txn_ref_no, status, account_id, ref_id, created_by, created_date,
       last_modified_by, last_modified_date, channel_type, order_no, metadata
    )
    OUTPUT inserted.id, inserted.order_no
    INTO @InsertedDetails
    SELECT 
        txn_ref_no, status, account_id, ref_id, created_by, created_date,
       last_modified_by, last_modified_date, channel_type, order_no, metadata
    FROM @CreateOrderRequestList;
   
    -- End time and duration
    SET @EndTime = SYSUTCDATETIME();
    SET @DurationInMilliseconds = DATEDIFF(MILLISECOND, @StartTime, @EndTime);

    -- Return id and order_no of all inserted rows
    SELECT id, order_no FROM @InsertedDetails;
   
    -- Return duration as a separate result set
    SELECT @DurationInMilliseconds AS DurationInMilliseconds;
END;"
48,sp_batch_insert_transaction_master,"
CREATE PROCEDURE dbo.sp_batch_insert_transaction_master
    @TransactionList dbo.transactionTableType READONLY
AS
BEGIN
    SET NOCOUNT ON;
   
    -- Time variables
    DECLARE @StartTime DATETIME2 = SYSUTCDATETIME();
    DECLARE @EndTime DATETIME2;
    DECLARE @DurationInMilliseconds BIGINT;

    -- Temporary table to store the required columns
    DECLARE @InsertedDetails TABLE (
        id BIGINT,
        txn_ref_no BIGINT,
        account_id BIGINT,
        scroll_no BIGINT,
        set_no BIGINT,
        txn_amount DECIMAL(18,2),
        txn_nature CHAR(1),
        txn_date DATE,
        txn_type INT,
        activity_id INT
    );

    -- Insert into the target table and capture the required columns
    INSERT INTO dbo.transaction_master (
        txn_ref_no, txn_sub_ref_no, txn_branch, home_branch,
        txn_date, txn_time, txn_type, txn_posting_date,
        txn_value_date, account_id, batch_code, scroll_no,
        set_no, txn_amount, txn_nature, instr_no, instr_date,
        activity_id, activity_sub_type_id, narration, sprinkle,
        is_active, created_by, created_date, last_modified_by,
        last_modified_date, fund_ext_date, fund_date, order_id
    )
    OUTPUT 
        inserted.id,
        inserted.txn_ref_no,
        inserted.account_id,
        inserted.scroll_no,
        inserted.set_no,
        inserted.txn_amount,
        inserted.txn_nature,
        inserted.txn_date,
        inserted.txn_type,
        inserted.activity_id 
    INTO @InsertedDetails
    SELECT 
        txn_ref_no, txn_sub_ref_no, txn_branch, home_branch,
        txn_date, txn_time, txn_type, txn_posting_date,
        txn_value_date, account_id, batch_code, scroll_no,
        set_no, txn_amount, txn_nature, instr_no, instr_date,
        activity_id, activity_sub_type_id, narration, sprinkle,
        1 is_active, created_by, created_date, last_modified_by,
        last_modified_date, fund_ext_date, fund_date, order_id
    FROM @TransactionList;
   
    -- End time and duration
    SET @EndTime = SYSUTCDATETIME();
    SET @DurationInMilliseconds = DATEDIFF(MILLISECOND, @StartTime, @EndTime);

    -- Return the captured columns
    SELECT 
        id,
        txn_ref_no,
        account_id,
        scroll_no,
        set_no,
        txn_amount,
        txn_nature,
        txn_date,
        txn_type,
        activity_id
    FROM @InsertedDetails;
   
    -- Return duration as a separate result set
    SELECT @DurationInMilliseconds AS DurationInMilliseconds;
END;"
49,sp_browse_transaction,"-- BSGACCOUNTING..sp_browse_transaction
CREATE   procedure [dbo].[sp_browse_transaction] 
-- sp_browse_transaction '2017-11-13','2017-11-13',@channel='A', @txnRefNo=31017307761,@classificationid=5
--@channel=A'@employeecode=santosh, @classficationid=1 
@fromdate datetime,
@todate datetime,
@employeecode nvarchar(20) = '0',
@brcode int =0 ,
@fromamt decimal(18,2) = 0,
@toamt decimal(18,2) = 0,
@classificationid int = 0,
@productcode int = 0,
@batchCode int = 0, -- 1 then atm 2 then imps
@accountid nvarchar(30) = '0',
@txnType int = 0,
@channel nvarchar(10) = '0',
@pageIndex int = 1,
@pageSize int = 20,
@txnRefNo nvarchar(100) = '0'
as 
begin

Select 0 Sutex



/*
SET NOCOUNT ON;

	declare @accid nvarchar(100) = @accountid
	if(@accountid <> '0')
		set @accountid = (select account_id from bsgcore..customer_accounts where account_no = @accountid and is_active=1)
	
	
	declare @nfs nvarchar(10)= ''
	if(@channel = 'A')
		set @nfs = 'N'
	
	set @employeecode = (select top 1  employee_id from BSGADMIN..employee_master where employee_code = @employeecode and is_active=1)
	--print @employeecode
	if(@classificationid <> 5)
	begin
		
	;With CTEForPagination AS  
    (
		select 
			row_number() over (order by txn_ref_no) RowNum,
			  tm.id,
			  tm.account_id,
			  tm.txn_date,
			  tm.txn_value_date,
			  tm.instr_no,
			  tm.narration,
			  'CustomerTransaction' type,
			  tm.txn_amount,
			  tm.txn_nature,
			  tm.txn_ref_no,
			 -- (select top  1 employee_code from BSGADMIN..employee_master where employee_id =  tm.created_by and is_active=1) created_by,
			  (select top  1 employee_code from BSGADMIN..employee_master where employee_id =  tm.last_modified_by and is_active=1) last_modified_by,
			 -- tm.created_by,
			  cv.account_no + ' - ('+ (select top 1 full_name from BSGCRM..customer_master where customer_id=cv.customer_id and is_active=1)+')' account_no,
			  tm.txn_type,
			  tm.home_branch,
			  tm.txn_branch,
			  tm.batch_code,
			  tm.txn_posting_date,
			  ''principle_type 
			   
		from 
			BSGACCOUNTING..transaction_master tm 
		left join 
		--select * from 
			BSGCORE..customer_accounts cv
			--BSGACCOUNTING..customer_view cv
		on 
			tm.account_id = cv.account_id
		and 
			cv.is_active=1
		where
			tm.is_active=1
		and 
			(@employeecode ='0' or @employeecode is null or tm.created_by = @employeecode or tm.last_modified_by= @employeecode) 
		and 
			(@txnRefNo != '0' or cast(tm.txn_posting_date as date) >= @fromdate )
		and 
			(@txnRefNo != '0' or  cast(tm.txn_posting_date as date) <= @todate )
		and 
			(@fromamt = 0  or tm.txn_amount >= @fromamt )
		and
			(@toamt =0 or tm.txn_amount <= @toamt )
		and 
			(@brcode = 0 or tm.txn_branch = @brcode)
		and 
			(@batchCode = 0 or tm.batch_code=@batchCode)
		and 
			(@classificationid = 0 or cv.classification_id = @classificationid)
		--and 
		--	(@productcode ='0' or cv.product_id = @productcode)
		and 
			(@accountid = 0 or tm.account_id=@accountid)
		and 
			tm.is_active=1
		and 
			(@txnType = 0  or tm.txn_type=@txnType)
		and		
			(@channel = '0' or tm.batch_code in 		
				(select batch_code from BSGACCOUNTING..batch_master where is_active = 1 and  channel in (@nfs,@channel)))
		and 
			(@txnRefNo = '0' or tm.txn_ref_no = @txnRefNo)
	),
		--select * into #temp from CTEForPagination where RowNum BETWEEN 0 AND (@PageIndex * @PageSize)
		
		 CTEForPagination1 AS (
		select row_number() over (order by a.txn_ref_no) RowNum,* from 
		(select
			  0 id,  
			  account_id,
			  txn_date,
			  txn_value_date,
			  instr_no,
			  narration,
			   type,
			  txn_amount,
			  txn_nature,
			  txn_ref_no,
			 -- created_by,
			  last_modified_by,			 			 
			   account_no,
			  txn_type,
			  home_branch,
			  txn_branch,
			  batch_code,
			  txn_posting_date,
			  principle_type  from CTEForPagination 
		union all
		select 
				--row_number() over (order by tmi.txn_ref_no) RowNum,
				tmi.id,
				tmi.principal_id,
				tmi.txn_date,
				tmi.txn_value_date,
				tmi.instr_no,
				tmi.narration,
				'InternalTransaction' type,
				 tmi.txn_amount,
				 tmi.txn_nature,
				 tmi.txn_ref_no,
				-- (select top  1 employee_code from BSGADMIN..employee_master where employee_id =  tmi.created_by and is_active=1) created_by,
				  (select top  1 employee_code from BSGADMIN..employee_master where employee_id =  tmi.last_modified_by and is_active=1) last_modified_by,			
				  case when 
							principal_type = 'IA' 
						then 
							(select 
								top 1 account_no + ' - ('+(select top 1 description from BSGCORE..account_master_internal where internal_account_id = tmi.principal_id and is_active=1)+')'
							from 
								bsgcore..customer_accounts 
							where 
								account_id=tmi.principal_id 
							and 
								is_active=1)
						when
							principal_type = 'IP'
						then 
							 (select 
								top 1 right('0000'+CAST(branch_code as nvarchar),4) + CAST(product_code as nvarchar) +' - ('+description+')'
							  from 
								BSGCORE..product_master_internal 
							  where  
								internal_product_id = tmi.principal_id 
							   and
								is_active=1 ) 
						end,
				  --case when @accountid = '0' then cast(@productcode as nvarchar) else @accid end  account_no,
				  tmi.txn_type,
				  tmi.home_branch,
				  tmi.txn_branch,
				  tmi.batch_code,
				  tmi.txn_posting_date,
				  tmi.principal_type from transaction_master_internal tmi 
			where 
				(txn_ref_no in (select distinct txn_ref_no from CTEForPagination) or txn_ref_no = @txnRefNo)
			and		
				tmi.is_active =1
			and tmi.principal_type in ('IA','IP')
			and (
						
							case when tmi.principal_type = 'IP' and   (select 
								COUNT(1) 
							from 
								transaction_master_internal 
							where  
								txn_ref_no = tmi.txn_ref_no 
							and 
								principal_type='IA'
							and 
								principal_id in 
									 (select 
										internal_account_id 
									from 
										BSGCORE..account_master_internal 
									where  
										internal_product_id = tmi.principal_id 
									and 
										is_active=1)) > 0 then 0 else 1 end  = 1)
				 )a
		
	)
	 select 
		ct.*,bm.branch_name txn_branch_name,
		BSGTURINGREPORTS.dbo.DSP_NumericToRupees(txn_amount) as amtwords,
		(select top  1 employee_code from BSGADMIN..employee_master where employee_id =
		(select top 1 created_by from BSGACCOUNTING..transaction_status where txn_ref_no = ct.txn_ref_no order by id asc))created_by,
		(select 
			count(1)/@pageSize + case when (COUNT(1)% @pageSize) > 0 then 1 else 0 end 
		from 
			CTEForPagination1) nopages 
	from 
		CTEForPagination1  ct
	inner join 
		BSGMASTER..branch_master bm
	on
		ct.txn_branch = bm.branch_code
	and 
		bm.is_active=1
	where 
		RowNum BETWEEN ((@pageIndex - 1) * @PageSize + 1) 
	AND 
		(@PageIndex * @PageSize)
	 order by txn_ref_no,id,txn_nature
	-- drop table #temp
	end		
	else
	begin
	
		
	
	;With CTEForPagination AS  
    (
		select 
			 row_number() over (order by tmi.txn_ref_no) RowNum,
			tmi.principal_id,
			tmi.txn_date,
			tmi.txn_value_date,
			tmi.instr_no,
			tmi.narration,
			'InternalTransaction' type,
			 tmi.txn_amount,
			 tmi.txn_nature,
			 tmi.txn_ref_no,
			-- (select top  1 employee_code from BSGADMIN..employee_master where employee_id =  tmi.created_by and is_active=1) created_by,
			  (select top  1 employee_code from BSGADMIN..employee_master where employee_id =  tmi.last_modified_by and is_active=1) last_modified_by,			
			  --case when @accountid = '0' then cast(@productcode as nvarchar) else @accid end  account_no,
			    case when 
							principal_type = 'IA' 
						then 
							(select 
								top 1 account_no + ' - ('+(select top 1 description from BSGCORE..account_master_internal where internal_account_id = tmi.principal_id and is_active=1)+')'
							from 
								bsgcore..customer_accounts 
							where 
								account_id=tmi.principal_id 
							and 
								is_active=1)
						when
							principal_type = 'IP'
						then 
							 (select 
								top 1 right('0000'+CAST(branch_code as nvarchar),4) + CAST(product_code as nvarchar) +' - ('+description+')'
							  from 
								BSGCORE..product_master_internal 
							  where  
								internal_product_id = tmi.principal_id 
							   and
								is_active=1 ) 
						end account_no,
			  tmi.txn_type,
			  tmi.home_branch,
			  tmi.txn_branch,
			  tmi.batch_code,
			  tmi.txn_posting_date
			  
		from 
			--select * from 
			BSGACCOUNTING..transaction_master_internal tmi 
		left join 
			-- select * from 
			BSGACCOUNTING..transaction_pending tp
		on 
			tmi.principal_id = case when tp.internal_product_id = -1 then tp.account_id else  tp.internal_product_id end
		and 
			tmi.principal_type = case when tp.internal_product_id = -1 then 'IA' else 'IP' end
		and 
			tmi.txn_ref_no = tp.txn_ref_no
		and 
			tp.is_active=1			 
		--inner join 
		----select * from 
		--	bsgcore..product_master_internal pmi
		--on 
		--	tmi.principal_id = pmi.internal_product_id
		--and 
		--	pmi.is_active=1
		where
			(@employeecode ='0' or @employeecode is null or  tmi.created_by = @employeecode or tmi.last_modified_by= @employeecode) 
		and 
			(@txnRefNo != '0' or cast(tmi.txn_posting_date as date) >= @fromdate )
		and 
			(@txnRefNo != '0' or cast(tmi.txn_posting_date as date) <= @todate)
		and 
			(@fromamt = 0  or tmi.txn_amount >= @fromamt )
	    and
			(@toamt =0 or tmi.txn_amount <= @toamt )
		and 
			(@brcode = 0 or tmi.txn_branch = @brcode)
		and 
			(@batchCode = 0 or tmi.batch_code=@batchCode)
		and 
			(@productcode =0 or 
			         tmi.principal_id in (select 
												principal_id 
										   from 
												bsgcore..product_master_internal 
											where 
												product_code = @productcode 
											and 
												is_active=1 ))
		and 
			tmi.principal_type = case when @accountid	=0  then 'IP' else 'IA'end
		and 
			(@accountid = 0 or tmi.principal_id = @accountid)				
		and 
			tmi.is_active=1				
		and 
			(@txnType = 0  or tmi.txn_type=@txnType)
		and		
			(@channel = '0' or tmi.batch_code in 
				(select batch_code from BSGACCOUNTING..batch_master where is_active = 1 and  channel in (@nfs,@channel))
		and 
			(@txnRefNo = '0' or tmi.txn_ref_no = @txnRefNo)		
		)
	)
	--select count(1)/@pageSize from CTEForPagination
	select *,(select top  1 employee_code from BSGADMIN..employee_master where employee_id =
		(select top 1 created_by from BSGACCOUNTING..transaction_status where txn_ref_no = ct.txn_ref_no order by id asc))created_by,
		(select count(1)/@pageSize + case when (COUNT(1)% @pageSize) > 0 then 1 else 0 end from CTEForPagination) nopages from CTEForPagination ct where  RowNum BETWEEN ((@pageIndex - 1) * @PageSize + 1) AND (@PageIndex * @PageSize)
	end	
	
	*/
		
end


"
50,sp_calculate_charges_casa_daily,"--select * from BSGMASTER..branch_holiday_master  where calendar_date = '2017-11-05' and branch_code=1
-- =============================================
-- Author:      <Author,,Name>
-- Create date: <Create Date,,>
-- Description: <Description,,>
-- =============================================
--eligible_checker_unclear_balance = sum(debit_amount)>checker_unclear_balance ?  checker_unclear_balance  :  sum(debit_amount)
CREATE   PROCEDURE [dbo].[sp_calculate_charges_casa_daily] 
--[sp_calculate_charges_casa_daily] @sgstchargepercent=9,@cgstchargepercent=9,@runDate='2019-06-24',@istxt=0,@branch=0
@sgstchargepercent decimal(4,2),
@cgstchargepercent decimal(4,2),
@runDate datetime,
@istxt int =0 ,
@branch int
AS
BEGIN
set @sgstchargepercent = 0;
set @cgstchargepercent = 0;
declare @againstclgpercent  decimal(4,2) = 0
 set @againstclgpercent = 19;--(select top 1 charge_value from BSGREMITTANCE.dbo.external_product_charges  where charge_type in (12) and is_active=1)
declare @todpercent decimal(4,2) = 19;

select  
case when (checker_unclear_balance >  abs(checker_clear_balance)) then abs(checker_clear_balance)  
		else checker_unclear_balance end
		
		againstchargesbalance,
	case when (checker_unclear_balance <  abs(checker_clear_balance)) then abs(checker_clear_balance)  - checker_unclear_balance 
		else 0  end todchargesbalance,
	am.account_name,
	a.account_no,
	a.account_id,
	am.product_code,
	ab.txn_date
	into #temp
from BSGACCOUNTING..account_balance  ab with  (nolock) 
inner join 
	(select ca.account_no,ab.account_id,max(txn_date) txn_date from BSGACCOUNTING..account_balance ab with  (nolock) 
	inner join 
		bsgcore..customer_accounts  ca
	on 
		ab.account_id = ca.account_id
	and 
		ca.is_active =1
	and  
		ca.classification_id =1
	 group  by ca.account_no,ab.account_id)a
on 
	ab.account_id = a.account_id
and 
	ab.txn_date = a.txn_date
inner join 
	bsgcore..account_master am
on 
	ab.account_id = am.account_id
and 
	am.is_active=1
where checker_clear_balance < 0

-- select replace(convert(varchar ,getdate(),106),' ','-')  

 --SELECT *, 
 --                    (tod*
	--					@todpercent*
	--				datediff(day,txn_date,
	--				case when nexttxndate < nextaccountbalancedate then nexttxndate else nextaccountbalancedate end)/36500) todcharges, 
 --                    datediff(day,txn_date,case when nexttxndate < nextaccountbalancedate then nexttxndate else nextaccountbalancedate end) noofdays, 
 --                    cast((od_against_clg*
	--				 @againstclgpercent*
	--				 datediff(day,txn_date,case when nexttxndate < nextaccountbalancedate then nexttxndate else nextaccountbalancedate end))/36500 AS decimal(18,2)) od_against_clgcharges into #temp 
 --             FROM   ( 
 --                           SELECT *, 
 --                                  CASE  
 --                                         WHEN cast(a.eligible_checker_unclear_balance AS decimal(18,2)) >= abs(cast(a.checker_clear_balance AS decimal(18,2))) THEN abs(cast(a.checker_clear_balance AS decimal(18,2)))
 --                                         WHEN cast(a.eligible_checker_unclear_balance AS decimal(18,2)) < abs(cast(a.checker_clear_balance AS decimal(18,2))) THEN cast(a.eligible_checker_unclear_balance AS decimal(18,2))
 --                                         ELSE 0.00 
 --                                  END od_against_clg, 
 --                                  CASE 
 --                                         WHEN cast(a.eligible_checker_unclear_balance AS decimal(18,2)) >= abs(cast(a.checker_clear_balance AS decimal(18,2))) THEN 0.00
 --                                         ELSE abs(cast(a.checker_clear_balance AS decimal(18,2))) - cast(a.eligible_checker_unclear_balance AS decimal(18,2))
 --                                  END tod, 
                                   
 --                                  isnull((select  min(txn_date) from BSGACCOUNTING..transaction_master 
 --                                         where account_id = a.account_id 
 --                                               and txn_Date >=( 
 --                                         SELECT min(txn_date) 
 --                                         FROM   bsgaccounting..account_balance 
 --                                         WHERE  txn_date > a.txn_date 
 --                                         AND    account_id = a.account_id)),GETDATE()) nexttxndate,
 --                                   isnull((select case when MIN(txn_date) > @rundate then @rundate else  MIN(txn_date) end  from BSGACCOUNTING..account_balance where account_id = a.account_id and txn_date > a.txn_date and checker_clear_balance > 0),@rundate) nextaccountbalancedate      
                                          
 --                           FROM   ( 
 --                                         SELECT *, 
 --                                                CASE   when debittxnamount =0 then checker_unclear_balance
 --                                                       WHEN debittxnamount > checker_unclear_balance THEN checker_unclear_balance
 --                                                       ELSE debittxnamount 
 --                                                END eligible_checker_unclear_balance 
 --                                         FROM   ( 
 --                                                           SELECT     ab.account_id, 
 --                                                                      ca.account_no,
 --                                                                      ca.full_name,
 --                                                                      ab.txn_date, 
 --                                                                      ab.checker_clear_balance,
 --                                                                      ab.checker_unclear_balance,
 --                                                                      isnull(( 
 --                                                                             SELECT sum(txn_amount)
 --                                                                             FROM   bsgaccounting..transaction_master
 --                                                                             WHERE  txn_posting_date = ab.txn_date
 --                                                                             AND    account_id = ca.account_id
 --                                                                             AND    txn_nature = 'D'
 --                                                                             AND    is_active=1),0)debittxnamount,
 --                                                                     isnull(( 
 --                                                                             SELECT top 1 txn_ref_no
 --                                                                             FROM   bsgaccounting..transaction_master
 --                                                                             WHERE  txn_posting_date = ab.txn_date
 --                                                                             AND    account_id = ca.account_id
 --                                                                             AND    txn_nature = 'D'
 --                                                                             AND    is_active=1 order by id desc),
                                                                              
 --                                                                             (SELECT top 1 txn_ref_no
 --                                                                             FROM   bsgaccounting..transaction_master
 --                                                                             WHERE  txn_posting_date < ab.txn_date
 --                                                                             AND    account_id = ca.account_id
 --                                                                             AND    txn_nature = 'D'
 --                                                                             AND    is_active=1 order by id desc)
 --                                                                             )txn_ref_no
 --                                                           FROM       BSGACCOUNTING..customer_view ca                                                              
 --                                                           INNER JOIN bsgaccounting..account_balance ab
 --                                                           ON         ca.account_id = ab.account_id
 --                                                            inner join 
 --                                                               (select account_id,MAX(txn_date) txn_date from BSGACCOUNTING..account_balance where txn_date < @runDate group by account_id) a
 --                                                           on 
 --                                                               ab.account_id = a.account_id
 --                                                           and 
 --                                                               ab.txn_date = a.txn_date
 --                                                           WHERE      ca.classification_id = 1         
 --                                                           and (@branch=0 or ca.branch_code = @branch)
 --                                                          -- AND        txn_date >= @fromdate 
 --                                                           -- AND        txn_date <= @todate 
 --                                                           AND        checker_clear_balance < 0
 --                                                           -- and     Exists(select 1 from BSGACCOUNTING..transaction_master where account_id = ca.account_id and txn_posting_date = ab.txn_date)
 --                                                           --AND        ca.account_id = 201524
 --                                                            )a)a )a --)a
                                                            
-- if(@istxt = 0)                                                     
  select * from (SELECT @rundate rundate, todchargesbalance chargesbalance,-1 txn_ref_no,-1 chg_ref_no ,account_id,account_no, '11047' activityId,
  isnull(todchargesbalance *19.00/100,0)/365  charges_amount,
  0 cgst_amount,0 sgst_amount,11 charge_type,product_code, 0 status,'EP' principal_type ,
  'TOD INT '+replace(convert(varchar ,txn_date,106),' ','-')  remarks ,1 is_active ,
  0 created_by ,GETDATE() created_date
  -- isnull(againstchargesbalance*19.00/100,0)/365 od_against_clgcharges,
 
  from #temp where todchargesbalance > 0
  union all

  SELECT @rundate,againstchargesbalance ,-1 txn_ref_no,-1 chg_ref_no ,account_id,account_no, '11049' activityId,
  isnull(againstchargesbalance *19.00/100,0)/365  od_against_clgcharges,
  0 cgst_amount,0 sgst_amount,12 charge_type,product_code, 0 status,'EP' principal_type ,
  'AGST CLG INT '+replace(convert(varchar ,txn_date,106),' ','-')  remarks ,1 is_active ,
  0 created_by ,GETDATE() created_date
 
  from #temp where againstchargesbalance > 0


  union all 
  
  select @rundate,od_clg_amount,od.txn_ref_no,-1 chg_ref_no ,od.account_id,account_no,'11049' activityId,
  isnull(od.od_clg_amount*19.00/100,0)/365 od_against_clgcharges,
  0 cgst_amount,0 sgst_amount,12 charge_type,product_code, 0 status,'EP' principal_type ,
   'AGST CLG INT\SD '+replace(convert(varchar ,@runDate,106),' ','-')   remarks ,1 is_active ,
  0 created_by ,GETDATE() created_date
  from 
	BSGACCOUNTING..od_details od with  (nolock) 
	inner join 
		BSGACCOUNTING..account_balance ab with  (nolock) 
	on 
		od.account_id = ab.account_id
	inner join 
		(select account_id,max(txn_date) txn_date from BSGACCOUNTING..account_balance with  (nolock)  group by account_id)a
	on 
		od.account_id = a.account_id
	and 
		ab.txn_date = a.txn_date
	inner join 
		BSGCORE..account_master am
	on 
		od.account_id = am.account_id
	and 
		am.is_active=1
  inner join 
	bsgcore..customer_accounts ca with  (nolock) 
	on 
		od.account_id = ca.account_id
	and 
		ca.is_active=1
	and 
		ca.classification_id=1
	inner join 
		BSGCRM..customer_master cm with  (nolock) 
	on 
		ca.customer_id = cm.customer_id
	and 
		cm.is_active=1

	where 
		od.is_active=1 --and od.available_balance < 0 --and od.response_code=1
	and 
		od.od_clg_amount <> 0 and cast(od.created_date  as date) = @runDate
	and 
		ab.checker_clear_balance >= 0

	union all  -- if same day funding happend and account got against clearing then it will come in list
	select @rundate,od_clg_amount,od.txn_ref_no,-1 chg_ref_no ,od.account_id,account_no,'11049' activityId,
  isnull(od.od_clg_amount*19.00/100,0)/365 od_against_clgcharges,
  0 cgst_amount,0 sgst_amount,12 charge_type,loan_product_code, 0 status,'EP' principal_type ,
  'AGST CLG INT\SD '+replace(convert(varchar ,@runDate,106),' ','-')  remarks ,1 is_active ,
  0 created_by ,GETDATE() created_date
  from 
	BSGACCOUNTING..od_details od with  (nolock) 
	inner join 
		BSGACCOUNTING..account_balance_loan ab with  (nolock) 
	on 
		od.account_id = ab.loan_account_id
	inner join 
		(select loan_account_id,max(txn_date) txn_date from BSGACCOUNTING..account_balance_loan with  (nolock)  group by loan_account_id)a
	on 
		od.account_id = a.loan_account_id
	and 
		ab.txn_date = a.txn_date
	inner join 
		bsgloan..loan_account_master  lam with  (nolock) 
	on 
		od.account_id = lam.loan_account_id
	and 
		lam.is_active=1
  inner join 
	bsgcore..customer_accounts ca with  (nolock) 
	on 
		od.account_id = ca.account_id
	and 
		ca.is_active=1
	and 
		ca.classification_id=6
	inner join 
		BSGCRM..customer_master cm with  (nolock) 
	on 
		ca.customer_id = cm.customer_id
	and 
		cm.is_active=1

	where 
		od.is_active=1 -- and od.available_balance < 0 --and od.response_code=1
	and 
		od.od_clg_amount <> 0 and cast(od.created_date  as date) = @runDate
	and 
		ab.available_balance >= 0)a  order by a.account_id

  --else 
  --begin
  --select @rundate,txn_ref_no,-1 chg_ref_no  ,account_id,account_no,'11047' activityId  , todcharges charges_amount,
  --Isnull(Cast((todcharges * @cgstchargepercent)/100 AS DECIMAL(18,2)),0.00) cgst_amount,
  --Isnull(Cast((todcharges * @sgstchargepercent)/100 AS DECIMAL(18,2)),0.00)sgst_amount
  --,11 charge_type,
  --right(LEFT(account_no,8),4) product_code,0 status,'EP' principal_type ,'TOD chg '+CAST(convert(varchar(5),txn_date,105) as nvarchar) +' Rs '+cast(tod as nvarchar) remarks ,1 is_active 
  --,0 created_by ,GETDATE() created_date
  --from #temp where todcharges  > 0
  --union all
  
  -- select @rundate,txn_ref_no,-1 chg_ref_no ,account_id,account_no,'11049' activityId  , od_against_clgcharges charges_amount,
  --Isnull(Cast((od_against_clgcharges * @cgstchargepercent)/100 AS DECIMAL(18,2)),0.00) cgst_amount,
  --Isnull(Cast((od_against_clgcharges * @sgstchargepercent)/100 AS DECIMAL(18,2)),0.00)sgst_amount
  --,12 charge_type,
  --right(LEFT(account_no,8),4) product_code,0 status,'EP' principal_type ,'Agst clg chg '+CAST(convert(varchar(5),txn_date,105) as nvarchar) +' Rs '+cast(od_against_clg as nvarchar) remarks 
  --,1 is_active 
  --,0 created_by ,GETDATE() created_date
  --from #temp where od_against_clgcharges  > 0
  
  /*
  select cast(account_no as nvarchar)+'|'+ 'D' +'|'+ 'TOD/'+CAST(noofdays as nvarchar)+'Days DT:'+CAST(txn_date as nvarchar)+'|'+'000000'+'|'+cast(todcharges + Isnull(Cast((todcharges * @sgstchargepercent)/100 AS DECIMAL(18,2)),0.00) + Isnull(Cast((todcharges * @cgstchargepercent)/100 AS DECIMAL(18,2)),0.00) as nvarchar)from #temp where todcharges  > 0
  union all 
  select left(account_no,4)+'7311' +'|'+ 'C'+'|'+account_no +'/SGST/TOD/'+'|'+'000000'+'|'+cast(Isnull(Cast((todcharges * @sgstchargepercent)/100 AS DECIMAL(18,2)),0.00) as nvarchar) from #temp where todcharges  > 0
  union all
  select left(account_no,4)+'7312'+'|'+'C'+'|'+account_no+'/CGST/TOD/ '+'|'+'000000'+'|'+CAST( Isnull(Cast((todcharges * @cgstchargepercent)/100 AS DECIMAL(18,2)),0.00) as nvarchar)from #temp where todcharges  > 0     
  union all 
  select account_no+'|'+'D'+'|'+'Against clg/'+CAST(noofdays as nvarchar)+' DT:'+CAST(txn_date as nvarchar)+'|'+'000000'+'|'+cast(od_against_clgcharges + Isnull(Cast((od_against_clgcharges * @sgstchargepercent)/100 AS DECIMAL(18,2)),0.00) + Isnull(Cast((od_against_clgcharges * @cgstchargepercent)/100 AS DECIMAL(18,2)),0.00) as nvarchar)from #temp where od_against_clgcharges  > 0
  union all 
  select left(account_no,4)+'7311'+'|'+'C'+'|'+account_no+'/SGST/Against clg'+'|'+'000000'+'|'+cast(Isnull(Cast((od_against_clgcharges * @sgstchargepercent)/100 AS DECIMAL(18,2)),0.00) as nvarchar) from #temp where od_against_clgcharges  > 0
  union all 
  select left(account_no,4)+'7312'+'|'+'C'+'|'+account_no+'/CGST/Against clg'+'|'+'000000'+'|'+cast(Isnull(Cast((od_against_clgcharges * @cgstchargepercent)/100 AS DECIMAL(18,2)),0.00)as nvarchar) from #temp where od_against_clgcharges  > 0
  
   union all
  select left(account_no,4)+'90001001601'+'|'+'C'+'|'+'TOD/OD against clg- 2017/2018'+'|'+'000000'+'|'+
CAST(sum(Isnull(Cast((od_against_clgcharges) AS DECIMAL(18,2)),0.00)+ Isnull(Cast((todcharges) AS DECIMAL(18,2)),0.00)) as nvarchar) from #temp where (isnull(todcharges,0) + isnull(od_against_clgcharges,0)) > 0    
  group by left(account_no,4)
  */
  
  -- end



END
"
51,sp_casa_balance_check,"
CREATE   PROCEDURE [dbo].[sp_casa_balance_check]
as  
BEGIN
  declare @v_application_date  datetime = (SELECT
        app_date
    
    FROM
        bsgaccounting..cbs_application_date
    WHERE
        is_active = 1)
  declare  @action_type  VARCHAR(10) ='UPDATE'; --'SELECT';
  declare  @maxnoofrecoredupdate   INT = 10;
    -- EXECUTE IMMEDIATE 'truncate table #tempcasabalcheck';
    

   set @v_application_date = @v_application_date-1;--to_date('2019-04-21','yyyy-mm-dd');
   --  INSERT INTO #tempcasabalcheck
        SELECT
            * into #tempcasabalcheck
        FROM
            (
                SELECT
					ROW_NUMBER() over (order by tm.account_id) rownum,
                    tm.account_id,
                    @v_application_date txn_date,
                    tm.credit,
                    tm.debit,
                    ( ab.checker_clear_balance + ab.checker_unclear_balance ) + tm.credit - debit workingbal,
                    abcur.checker_clear_balance + abcur.checker_unclear_balance abcurbal
                FROM
                    (
                        SELECT
                            tm.account_id,
                            SUM(
                                CASE
                                    WHEN tm.txn_nature = 'C' THEN
                                        tm.txn_amount
                                    ELSE
                                        0
                                END
                            ) credit,
                            SUM(
                                CASE
                                    WHEN tm.txn_nature = 'D' THEN
                                        tm.txn_amount
                                    ELSE
                                        0
                                END
                            ) debit
                        FROM
                            bsgaccounting..transaction_master tm
                        WHERE tm.is_active=1 and 
           -- tm.account_id = 6715060
           -- AND 
                            tm.txn_posting_date =cast(@v_application_date as date)
                        GROUP BY
                            tm.account_id
                    ) tm
                    INNER JOIN bsgaccounting..account_balance   abcur ON tm.account_id = abcur.account_id
                    INNER JOIN (
                        SELECT
                            account_id,
                            MAX(txn_date) txn_date
                        FROM
                            bsgaccounting..account_balance ab
                        WHERE
                            txn_date <= cast(@v_application_date as date)
                        GROUP BY
                            account_id
                    ) abmaxcur ON tm.account_id = abmaxcur.account_id
                                  AND abcur.txn_date = abmaxcur.txn_date
                    LEFT JOIN (
                        SELECT
                            account_id,
                            MAX(txn_date) txn_date
                        FROM
                            bsgaccounting..account_balance ab
                        WHERE
                            txn_date <= cast(@v_application_date  -1 as date) 
                        GROUP BY
                            account_id
                    ) abmax ON tm.account_id = abmax.account_id
                    LEFT JOIN bsgaccounting..account_balance   ab ON abmax.account_id = ab.account_id
                                                                  AND abmax.txn_date = ab.txn_date
                WHERE
                    ( ab.checker_clear_balance + ab.checker_unclear_balance ) + tm.credit - debit <> abcur.checker_clear_balance +
                    abcur.checker_unclear_balance
            ) a
        WHERE
            ROWNUM <= @maxnoofrecoredupdate;

    IF ( @action_type = 'UPDATE' ) 
	begin
        MERGE INTO bsgaccounting..account_balance ab USING #tempcasabalcheck a ON ( ab.account_id = a.account_id
                                                                                  AND ab.txn_date = a.txn_date )
        WHEN MATCHED THEN UPDATE SET ab.checker_clear_balance = workingbal - ab.checker_unclear_balance,
                                     ab.maker_clear_balance = workingbal - ab.checker_unclear_balance,
                                     ab.available_balance = workingbal - ab.checker_unclear_balance;

        INSERT INTO bsgturing..turing_task_result (
            task_id,
            task_ref_id,
            task_ref_table,
            response_code,
            message,
            created_date,
            created_by
        )
            SELECT
                8,
                account_id,
                'account_balance',
                1,
                'previous bal :'
                + cast(abcurbal as nvarchar)
                + ',working bal :'
                + cast(workingbal as nvarchar),
                getdate(),
                - 1
            FROM
                #tempcasabalcheck;

        SELECT
                               COUNT(1) successcount,
                               0 failurecount
                           FROM
                               #tempcasabalcheck;
	end 
    ELSE
    begin   
        INSERT INTO bsgturing..turing_task_result (
            task_id,
            task_ref_id,
            task_ref_table,
            response_code,
            message,
            created_date,
            created_by
        )
            SELECT
                8,
                account_id,
                'account_balance',
                1,
                'previous bal :'
                + abcurbal
                + ',working bal :'
                + workingbal,
                getdate(),
                - 1
            FROM
                #tempcasabalcheck;

         SELECT
                               COUNT(1) successcount,
                               0 failurecount
                           FROM
                               #tempcasabalcheck;




    END  ;
    
    
    
    
update bsgaccounting..account_balance
set maker_clear_balance = checker_clear_balance,
last_modified_by  = 786,
last_modified_date = getdate()
where txn_date  = @v_application_date 
and  maker_clear_balance <> checker_clear_balance;

/*
create global TEMPORARY table #tempcasabalcheck
(account_id number(18,0),txn_date date,credit decimal(18,2),debit decimal(18,2),workingbal decimal(18,2), abcurbal decimal(18,2) )
on commit preserve rows
*/

END;

"
52,sp_casa_inoperative_bal_charges,"
-- =============================================
-- Author:		<Author,,Name>
-- Create date: <Create Date,,>
-- Description:	<Description,,>
-- =============================================
CREATE   PROCEDURE [dbo].[sp_casa_inoperative_bal_charges] -- sp_casa_inoperative_bal_charges 2,2016,4.5,4.5
@account_status int ,
@cgst decimal(18,2),
@sgst decimal(18,2)
AS
BEGIN
	

	 insert into BSGACCOUNTING..[inoperative_charges_on_accounts]
	(account_id,branch_code,product_code,product_id,classification_id
	,account_balance,charge_amount,cgst_amount,sgst_amount,
	cgst_internal_product_id,sgst_internal_product_id,
	charges_pl_product_id,charges_pl_account_id,narration
	)
	 select ca.account_id,ca.branch_code,
	 pm.product_code,
	 pm.product_id,
	 ca.classification_id,
	 ab.available_balance,
	 case ca.classification_id when 2 then 30 when 1 then 60 end,
	 isnull(cast((case ca.classification_id when 2 then 30 when 1 then 60 end * @cgst)/100 as decimal(18,2)),0.00),
	isnull(cast(( case ca.classification_id when 2 then 30 when 1 then 60 end * @cgst)/100 as decimal(18,2)),0.00),
	 (select internal_product_id from BSGCORE..product_master_internal where product_code=7176 and branch_code=ca.branch_code
	and is_active=1),
	(select internal_product_id from BSGCORE..product_master_internal where product_code=7175 and branch_code=ca.branch_code
	and is_active=1),
	 (select internal_product_id from BSGCORE..product_master_internal where product_code=9000 and branch_code=ca.branch_code
	and is_active=1),
	(select top 1 account_id from bsgcore..customer_accounts where account_no = 
	 (select top 1 replace(account_no,left(account_no,4),ca.branch_code) from BSGCORE..customer_accounts
	  where account_id = 8724 and is_Active=1) and is_Active=1),

	 'Inoperative Charges '+ Datename(month,dateadd(month,-6,getdate())) +' '+cast(year(dateadd(month,-6,getdate())) as nvarchar)
		+' to ' + Datename(month,getdate()) +' '+cast(year(getdate()) as nvarchar)
	   from BSGCORE..customer_accounts ca
	 inner join 
		BSGCORE..account_master am
	on 
		ca.account_id = am.account_id
	inner join 
		BSGCORE..product_master pm
	on
		am.product_id = pm.product_id
	inner join 
		BSGACCOUNTING..account_balance ab
	on 
		am.account_id = ab.account_id
	inner join 
		(select account_id,max(txn_date) txn_date from BSGACCOUNTING..account_balance ab group by account_id)a
	on 
		ab.account_id = a.account_id
	and 
		ab.txn_date = a.txn_date
	where ca.is_active =1 
	and 
		am.is_active = 1
	and 
		pm.is_active=1
	and am.account_status_id = @account_status


	

	select @@ROWCOUNT cnt

	declare @cbsapplicationdate datetime
	select @cbsapplicationdate = app_date from cbs_application_date where is_active=1

	insert into BSGACCOUNTING..account_balance
	(account_id,day_open_balance,maker_clear_balance,maker_unclear_balance,checker_unclear_balance
	,checker_clear_balance,day_close_balance,available_balance,interest_accrual,sprinkle,is_active
	,created_by,created_date,last_modified_by,last_modified_date,txn_date,last_accrual_date
	,encrypted_balance,lien_amount)

	select ab.account_id,day_open_balance,maker_clear_balance,maker_unclear_balance,checker_unclear_balance
	,checker_clear_balance,day_close_balance,available_balance,interest_accrual,sprinkle,is_active
	,created_by,getdate(),last_modified_by,getdate(),@cbsapplicationdate,last_accrual_date
	,encrypted_balance,lien_amount from BSGACCOUNTING..account_balance ab
	inner join (
	select account_id,max(txn_date) txn_date from BSGACCOUNTING..account_balance where account_id in (

	select amcoa.account_id from  inoperative_charges_on_accounts amcoa 
	left join 
			BSGACCOUNTING..account_balance ab  
		on 
			amcoa.account_id = ab.account_id
		and
			ab.txn_date = @cbsapplicationdate
	
	where  ab.account_id is null) group by account_id)a
	on 
		ab.account_id = a.account_id
	and 
		ab.txn_date = a.txn_date
		
END



"
53,sp_casa_interest_accrual,"-- =============================================
-- Author:		<Author,,Name>
-- Create date: <Create Date,,>
-- Description:	<Description,,>
-- =============================================
CREATE   PROCEDURE [dbo].[sp_casa_interest_accrual]  -- sp_casa_interest_accrual @cbsApplicationDate='2022-12-01' ,@modifiedby=1,@successCount=null,@failureCount=null
@cbsApplicationDate datetime,
@modifiedby nvarchar(10),
@successCount int OUTPut,
@failureCount int OUTPut

AS
BEGIN

Declare @NRO_TDS_PERCENTAGE decimal(18,2) =(SELECT config_value FROM BSGADMIN..cbs_config WHERE config_key='NRO_TDS_PERCENTAGE' AND is_active = 1)


SELECT ROW_NUMBER() OVER(Partition by product_id ORDER BY to_amount) rn,* INTO #intRate_rn 
FROM  
			bsgcore.dbo.casa_interest_slab_master ias
		where 				
			ias.effective_date = 
			(
			select max(effective_date) from bsgcore.dbo.casa_interest_slab_master ias1 where ias.product_id=ias1.product_id and is_active=1
			)
		and 
			ias.is_active=1

select * into #temp
from 
(
select *,
	case when is_staff = 1 
	then ((checker_unclear_balance + available_balance) *(intrestrate+isnull(offset_percentage,0)))/36500.00 
	else ((checker_unclear_balance + available_balance) *intrestrate)/36500.00 
	end
	interest,
	case when available_balance is null then 'Account Balance Not Found' else 'Success' end msg
 from 
	(select 
		am.is_staff,
		ca.account_id,
		ca.account_no,						
		(select 
			top 1 ias.rate_of_interest 
		from 
			bsgcore.dbo.casa_interest_slab_master ias
		where 				
			ias.effective_date <= ab.intrestdate 
		and
			ias.product_id=am.product_id
		and
			ab.available_balance between ias.from_amount and ias.to_amount
		and 
			ias.is_active=1 
		order by ias.effective_date desc) intrestrate,
	pom.offset_percentage,
	ab.intrestdate,
	ab.available_balance,
	ab.checker_unclear_balance,
	ab.txn_date,
	isnull(am.NRO_FLAG,0) NRO_FLAG,
	am.product_code,
	am.branch_code,
	am.interest_type,
	am.product_id
from 
	bsgcore.dbo.customer_accounts ca  with (nolock)
inner join 
	bsgcore.dbo.account_master am with (nolock)
on 
	ca.account_id = am.account_id
and 
	am.is_active=1
left outer join 	
	(select lasttxndate.*,
			ab.available_balance,
			case when ab.checker_unclear_balance > 0 then ab.checker_unclear_balance else 0 end checker_unclear_balance
	from 
		(select 
			intdate.account_id,
			intdate.intrestdate,
			max(ab.txn_date) txn_date  
		from 
			(select 
				ab.*,
				dateadd(day,sv.number+1,ab.last_accrual_date) intrestdate,
				sv.number+1 diff 
			from 
				(select 
					account_id,
					max(last_accrual_date) last_accrual_date 
				from 
					BSGACCOUNTING.dbo.account_balance  with (nolock)
				where 
					account_id in (select ca.account_id from BSGCORE..customer_accounts ca with (nolock) inner join BSGCORE..account_master am with (nolock)
					on ca.account_id = am.account_id
					 where ca.is_active=1 and am.is_active = 1
					 and ca.classification_id=2 and am.account_status_id in (1,6,7))	
				group by account_id)ab
left outer join 
	master..spt_values sv
on 	
	dateadd(day,sv.number+1,last_accrual_date) <= @cbsApplicationDate 
and 
	sv.type = 'P') intdate
inner join 
	BSGACCOUNTING.dbo.account_balance ab with (nolock)
on 
	intdate.account_id = ab.account_id
and 
	intdate.intrestdate >= ab.txn_date
group by intdate.account_id,
		intdate.intrestdate) lasttxndate
inner join 
	BSGACCOUNTING.dbo.account_balance ab with (nolock)
on 
	lasttxndate.account_id = ab.account_id
and 
	lasttxndate.txn_date = ab.txn_date) ab
on 
	ca.account_id = ab.account_id
left outer join  
	bsgcore.dbo.product_offset_master pom
on 
	am.product_id = pom.product_id
and 
	pom.is_active = 1
where 
	ca.is_active=1 
and 
	am.account_status_id in (1,6,7)
and 
	ca.classification_id = 2
and ca.account_id not in (select account_id from BSGACCOUNTING..casa_daily_interest_eligible_accounts where is_active = 1)
--and 
--	am.interest_type = 1
--and 
	--ca.account_id = 1014
) final
--union all

--select
--is_staff,
--	account_id,
--	account_no,
--	rate_of_interest intrestrate,
--	offset_percentage,
--	intrestdate,
--	available_balance,
--	checker_unclear_balance,
--	txn_date,
--	isnull(NRO_FLAG,0) NRO_FLAG,
--	product_code,
--	branch_code,
--	interest_type,
--	product_id1,
--	case when is_staff = 1 
--	then (balance *(rate_of_interest+isnull(offset_percentage,0)))/36500.00 
--	else (balance *rate_of_interest)/36500.00 
--	end
--	interest,
--	case when available_balance is null then 'Account Balance Not Found' else 'Success' end msg
--from
--(
--select is_staff,
--	account_id,
--	account_no,
--	b.rate_of_interest,
--	offset_percentage,
--	intrestdate,
--	available_balance,
--	checker_unclear_balance,
--	txn_date,
--	isnull(NRO_FLAG,0) NRO_FLAG,
--	product_code,
--	branch_code,
--	interest_type,
--	final.product_id1,
--	(checker_unclear_balance + available_balance) balance,
--	case when available_balance is null then 'Account Balance Not Found' else 'Success' end msg
-- from 
--	(select 
--		am.is_staff,
--		ca.account_id,
--		ca.account_no,						
--	pom.offset_percentage,
--	ab.intrestdate,
--	ab.available_balance,
--	ab.checker_unclear_balance,
--	ab.txn_date,
--	isnull(am.NRO_FLAG,0) NRO_FLAG,
--	am.product_code,
--	am.branch_code,
--	am.interest_type,
--	am.product_id product_id1
--from 
--	bsgcore.dbo.customer_accounts ca  with (nolock)
--inner join 
--	bsgcore.dbo.account_master am with (nolock)
--on 
--	ca.account_id = am.account_id
--and 
--	am.is_active=1
--left outer join 	
--	(select lasttxndate.*,
--			ab.available_balance,
--			case when ab.checker_unclear_balance > 0 then ab.checker_unclear_balance else 0 end checker_unclear_balance
--	from 
--		(select 
--			intdate.account_id,
--			intdate.intrestdate,
--			max(ab.txn_date) txn_date  
--		from 
--			(select 
--				ab.*,
--				dateadd(day,sv.number+1,ab.last_accrual_date) intrestdate,
--				sv.number+1 diff 
--			from 
--				(select 
--					account_id,
--					max(last_accrual_date) last_accrual_date 
--				from 
--					BSGACCOUNTING.dbo.account_balance  with (nolock)
--				where 
--					account_id in (select ca.account_id from BSGCORE..customer_accounts ca with (nolock) inner join BSGCORE..account_master am with (nolock)
--					on ca.account_id = am.account_id
--					 where ca.is_active=1 and am.is_active = 1
--					 and ca.classification_id=2 and am.account_status_id in (1,6,7))	
--				group by account_id)ab
--left outer join 
--	master..spt_values sv
--on 	
--	dateadd(day,sv.number+1,last_accrual_date) <= @cbsApplicationDate 
--and 
--	sv.type = 'P') intdate
--inner join 
--	BSGACCOUNTING.dbo.account_balance ab with (nolock)
--on 
--	intdate.account_id = ab.account_id
--and 
--	intdate.intrestdate >= ab.txn_date
--group by intdate.account_id,
--		intdate.intrestdate) lasttxndate
--inner join 
--	BSGACCOUNTING.dbo.account_balance ab with (nolock)
--on 
--	lasttxndate.account_id = ab.account_id
--and 
--	lasttxndate.txn_date = ab.txn_date) ab
--on 
--	ca.account_id = ab.account_id
--left outer join  
--	bsgcore.dbo.product_offset_master pom
--on 
--	am.product_id = pom.product_id
--and 
--	pom.is_active = 1
--where 
--	ca.is_active=1 
--and 
--	am.account_status_id in (1,6,7)
--and 
--	ca.classification_id = 2
--and 
--	(am.interest_type = 2 or am.interest_type is null)
--) final
--inner join 
-- #intRate_rn b 
--on 
--	final.product_id1=b.product_id
--and s
--	b.from_amount < (final.checker_unclear_balance+final.available_balance) 
--and 
--	b.to_amount >= (final.checker_unclear_balance+final.available_balance) 
-- ) a

) d

update BSGACCOUNTING.dbo.account_balance
set interest_accrual = interest_accrual+isnull(interest,0)
,last_accrual_date = isnull(intrestdate,@cbsApplicationDate)
,last_modified_by = @modifiedby
,last_modified_date = getdate()
,tds_amount = (case when isnull(NRO_FLAG,0)=1 then cast(((interest_accrual+isnull(interest,0))*@NRO_TDS_PERCENTAGE)/100 as decimal(18,2)) 
else 0
end)
from
BSGACCOUNTING.dbo.account_balance ab
inner join 
(select account_id,max(txn_date) txn_date from BSGACCOUNTING.dbo.account_balance group by account_id) a
on ab.account_id = a.account_id
and ab.txn_date =a .txn_date
inner join 
 (select account_id,sum(interest) interest,max(intrestdate) intrestdate,isnull(NRO_FLAG,0) NRO_FLAG from #temp   group by account_id,isnull(NRO_FLAG,0))
 ints	
on 
	ints.account_id = ab.account_id



	insert into bsgturing.dbo.turing_task_result(task_id,task_ref_id,task_ref_table,response_code,message,created_date,created_by)	
	select 1,account_id,'account_master', case when interest > 0.00 then 1 when interest = 0.00 then 3 when interest is null 
	then 2 else 0 end,
	  case when interest > 0.00 then 'Success' when interest = 0.00 then 'Day diff or interest calculation may be 0' when interest is null then 'Account balance not found' else 'Failed' end,
	  getdate(),@modifiedby from 
	  (select account_id,txn_date,sum(interest) interest,max(intrestdate) intrestdate from #temp  group by account_id,txn_date)a
	
	select  @successCount =  (select count(1) from (select distinct account_id from #temp where interest > 0.00)a) 
	, @failureCount = (select count(1) from (select distinct account_id from #temp where (interest = 0.00 or interest is null))b) 
	drop table #temp
	--drop table #account_balance
	print @successCount
	print @failureCount

DECLARE @maxDate DATETIME=(SELECT MAX(created_date) FROM BSGDEEPFREEZE..transaction_master_current_fy_df)

INSERT INTO BSGDEEPFREEZE..transaction_master_current_fy_df
SELECT
	trm.txn_ref_no, txn_sub_ref_no, txn_branch, home_branch, txn_date, txn_time, txn_type, txn_posting_date, txn_value_date, account_id, batch_code, scroll_no, set_no, txn_amount, txn_nature, instr_no, instr_date, activity_id,activity_sub_type_id, narration, 
	trm.sprinkle, trm.is_active, trm.created_by, trm.created_date, trm.last_modified_by, trm.last_modified_date, fund_ext_date, fund_date

FROM      
	BSGDEEPFREEZE..transaction_master_df trm  WITH(NOLOCK)  
	INNER JOIN BSGTD..td_account_master a
		ON trm.account_id=a.td_account_id
		and a.is_active=1
WHERE	 
		trm.created_date>@maxDate

end



"
54,sp_casa_interest_exception,"
-- =============================================
-- Author:		Vatsal Sura
-- Create date: 2020-02-10
-- Description:	<Description,,>
-- =============================================
CREATE   PROCEDURE [dbo].[sp_casa_interest_exception] 
AS
BEGIN
	DECLARE @txnDate DATE = (SELECT app_date FROM BSGACCOUNTING..cbs_application_date WHERE is_active = 1);
	SET NOCOUNT ON;

	SELECT CONCAT('Product Code-', am.product_code, ', Count-', COUNT(1)) details 
	FROM BSGCORE..account_master am 
	INNER JOIN BSGCORE..customer_accounts ca 
	ON ca.account_id = am.account_id AND ca.classification_id = 2 AND ca.is_active = 1 
	INNER JOIN (SELECT account_id, MAX(txn_date) txn_date FROM BSGACCOUNTING..account_balance WHERE is_active = 1 GROUP BY account_id) maxab 
	ON maxab.account_id = am.account_id 
	INNER JOIN BSGACCOUNTING..account_balance ab 
	ON ab.account_id = am.account_id 
	AND ab.txn_date = maxab.txn_date 
	AND ab.is_active = 1 
	LEFT JOIN BSGACCOUNTING..account_accrual_reset aar 
	ON aar.classification_id = ca.classification_id 
	AND (aar.branch_code = am.branch_code OR aar.branch_code = -1) 
	AND (aar.product_code = am.product_code OR aar.product_code = -1) 
	AND aar.txn_date = @txnDate AND aar.is_active = 1 
	WHERE am.account_status_id NOT IN (4, 8) AND am.is_active = 1 
	AND ab.interest_accrual <= 0 AND aar.id IS NULL  
	GROUP BY am.product_code;
END

"
55,sp_casa_minimum_bal_charges,"CREATE  PROCEDURE  [dbo].[sp_casa_minimum_bal_charges]  -- sp_casa_minimum_bal_charges 7,2018,4.5,4.5
(
@month int, --= dateadd(@month,-1,sysdate)
@year int, --= sysdate
@cgst decimal(18,2) ,
@sgst decimal(18,2) )
AS
BEGIN

DECLARE @cbsAppDate DATETIME = (SELECT app_date FROM BSGACCOUNTING..cbs_application_date WHERE is_active=1)
DECLARE @todate DATETIME = DATEADD(DAY,-1,@cbsAppDate)
DECLARE @fromdate DATETIME = DATEADD(month, -1, @todate)


--IF OBJECT_ID('tempdb..#min_bal_charges') IS NOT NULL
--    DROP TABLE #min_bal_charges

IF OBJECT_ID('tempdb..#AccountList') IS NOT NULL
    DROP TABLE #AccountList

IF OBJECT_ID('tempdb..#GSTProducts') IS NOT NULL
    DROP TABLE #GSTProducts
	
IF OBJECT_ID('tempdb..#PLAccountMapp') IS NOT NULL
    DROP TABLE #PLAccountMapp

--CREATE TABLE min_bal_charges_history
--(
--	id BIGINT IDENTITY(1,1) PRIMARY KEY,
--	account_id BIGINT,
--	branch_code INT,
--	product_code INT,
--	product_id INT,
--	avaulable_balance DECIMAL(18,2),
--	charge_ammount DECIMAL(18,2),
--	cgst_amount DECIMAL(18,2),
--	sgst_amount DECIMAL(18,2),
--	cgst_product_id INT,
--	sgst_product_id INT ,
--	pl_product_id INT,
--	pl_account_id INT,
--	remarks VARCHAR(200),
--	txn_date DATETIME
--)

CREATE TABLE #GSTProducts(productId INT,branch_code INT,gstType VARCHAR(10))
INSERT INTO #GSTProducts 
SELECT 
	internal_product_id,branch_code,'CGST'
FROM 
	BSGCORE..product_master_internal 
WHERE 
	product_code=(SELECT config_value FROM BSGADMIN..cbs_config  WHERE config_key='CGST_PRODUCT' AND is_active=1)
	and is_active=1
UNION ALL
SELECT 
	internal_product_id,branch_code,'SGST'
FROM 
	BSGCORE..product_master_internal 
WHERE 
	product_code=(SELECT config_value FROM BSGADMIN..cbs_config  WHERE config_key='SGST_PRODUCT' AND is_active=1)
	and is_active=1


CREATE TABLE #PLAccountMapp(account_id INT, PLAccount VARCHAR(30), branch_code INT, productId INT)
INSERT INTO #PLAccountMapp 
select account_id,account_no,branch_code,product_id
from BSGACCOUNTING..customer_view
where account_no like '%90000000295'

SELECT 
	--max(ab.txn_date) txn_date, 
	am.account_id,am.product_code,am.branch_code,am.customer_id,pbm.minimum_balance,am.product_id
	INTO #AccountList
FROM 
	BSGCORE..account_master am 
	INNER JOIN bsgcore..product_balance_minimum pbm
		ON am.product_id=pbm.product_id
		and pbm.is_active=0
		and pbm.channel_type='B'
	LEFT OUTER JOIN BSGACCOUNTING..account_balance ab
		ON am.account_id=ab.account_id
		and txn_date >=@fromdate
		and ab.available_balance>pbm.minimum_balance
	LEFT OUTER JOIN min_bal_charges_history mbc
		ON am.account_id=mbc.account_id
		and mbc.txn_date>@fromdate
WHERE 
	 am.account_status_id IN(1,3)
	and am.is_active=1
	and am.account_open_date<@fromdate
	--
	and am.account_id=21121
	and mbc.account_id IS NULL
GROUP BY
	am.account_id,am.product_code,am.branch_code,am.customer_id,pbm.minimum_balance,am.product_id
HAVING
	(max(ab.txn_date) IS NULL)


--insert into BSGACCOUNTING..min_bal_charges_on_accounts
--(
--	account_id,branch_code,product_code,product_id,classification_id
--	,account_balance,charge_amount,cgst_amount,sgst_amount,
--	cgst_internal_product_id,sgst_internal_product_id,
--	charges_pl_product_id,charges_pl_account_id,narration
--)
SELECT 
	ac.account_id,ac.branch_code,product_code,product_id,classification_id,available_balance,
	CAST((chargableAmount*10/100.00) AS DECIMAL(18,2)) AS charge,
	CAST((chargableAmount*10/100.00)*.09 AS DECIMAL(18,2)) cgst,
	CAST((chargableAmount*10/100.00)*.09 AS DECIMAL(18,2)) sgst,
	(SELECT gp.productId FROM #GSTProducts gp WHERE gp.branch_code=ac.branch_code and gp.gstType='CGST') CGSTProductId,
	(SELECT gp.productId FROM #GSTProducts gp WHERE gp.branch_code=ac.branch_code and gp.gstType='SGST') SGSTProductId,
	pl.productId,pl.account_id,
	'Min. Balance Charges '+ Datename(month,@fromdate) +' '+cast(year(@fromdate) as nvarchar)+' to ' +
	Datename(month,@todate) +' '+cast(year(@todate) as nvarchar)
FROM 
(
SELECT 
	ac.*,ab.available_balance,ab.txn_date,
	ac.minimum_balance-ab.available_balance chargableAmount,ca.classification_id
FROM 
	BSGACCOUNTING..account_balance ab
	INNER JOIN 
	(
		SELECT MAX(txn_date) txn_date,account_id FROM BSGACCOUNTING..account_balance GROUP BY account_id
	) m
	ON ab.account_id=m.account_id
		and ab.txn_date=m.txn_date
	INNER JOIN #AccountList ac
		ON ab.account_id=ac.account_id
	INNER JOIN BSGCORE..customer_accounts ca
		ON ac.account_id=ca.account_id
		and ca.is_active=1
	
) ac 
LEFT OUTER JOIN #PLAccountMapp pl
		ON ac.branch_code=pl.branch_code
ORDER BY txn_date desc

--INSERT INTO min_bal_charges_history
SELECT 
	account_id,
	branch_code,
	product_code,
	product_id,
	account_balance,
	charge_amount,
	cgst_amount,
	sgst_amount,
	cgst_internal_product_id,
	sgst_internal_product_id,
	charges_pl_product_id,
	charges_pl_account_id,
	narration,
	@ToDate
FROM 
	BSGACCOUNTING..min_bal_charges_on_accounts

END"
56,sp_cash_charges_not_authorized_legs,"
CREATE   procedure [dbo].[sp_cash_charges_not_authorized_legs] -- sp_cash_charges_not_authorized_legs 3,'2019-07-26'
( 
@txnBranch bigint,
@txnDate varchar(20)
)

AS
BEGIN


 select 
	tknMap.token_id, count(tknMap.txn_ref_no) txnRefNo into #countRef
	--tknMap.txn_ref_no txnRefNo
from
	txn_ref_token_mapping tknMap
inner join
	txn_ref_token_mapping tknMap1
	on 
		tknMap.token_id = tknMap1.token_id
	and
		tknMap1.is_active=1
	--and 
	--	tknMap1.txn_branch = @branchCode
inner join 
	transaction_status ts
	on 
		tknMap.txn_ref_no = ts.txn_ref_no
	and
		ts.txn_type = 1 
	and
		ts.is_active = 1
where 
	tknMap1.txn_ref_no 
in
	(select 
		ac.txn_ref_no 
	from 
		account_charges ac 
	where 
		ac.account_id < -1 and
		ac.post_date = @txnDate
	)
and
	tknMap.is_active = 1
	group by tknMap.token_id having count(tknMap.txn_ref_no) = 3;

select * from #countRef;

select 
	tknMap.token_id, tknMap.txn_ref_no txnRefNo,ts.txn_state,0 pass into #temp
	--tknMap.txn_ref_no txnRefNo
from
	txn_ref_token_mapping tknMap
--inner join
--	txn_ref_token_mapping tknMap1
--	on 
--		tknMap.token_id = tknMap1.token_id
--	and
--		tknMap1.is_active=1
	--and 
	--	tknMap1.txn_branch = @branchCode
inner join 
	transaction_status ts
	on 
		tknMap.txn_ref_no = ts.txn_ref_no
	and
		ts.txn_type = 1 
	and
		ts.is_active = 1
where 
	tknMap.is_active = 1 and tknMap.token_id in 
	(select distinct token_id from #countRef);

	update t
	set t.pass = 1 
	from #temp t
	where token_id in (select token_id from #temp where t.txn_state = 'C' group by token_id,txn_state having count(1) = 3);

	--update t
	--set t.pass = 1 
	--from #temp t
	--where token_id in (select token_id from #temp);

	--update t
	--set t.pass = 1
	--from #temp t
	--where t.token_id in 
	--	  (select token_id, ROW_NUMBER() over (order by [RS_NOM]) as ROWNUM
	--	  from #temp where txn_state = 'C' group by token_id having ROW_NUMBER() > 1)

	select txnRefNo from #temp where pass = 0;


END;
"
57,sp_cc_special_adhoc,"CREATE   PROCEDURE [dbo].[sp_cc_special_adhoc]  -- sp_cc_special_adhoc '2020-03-31','2020-03-31','2020-04-30'
	@txn_date varchar(500), -- Comma seprated Date for which interest need to calculate
	@balance_date DATE, -- Balance Date
	@adhoc_expire_date Date, -- Adhoc Where Expire
	@adhoc_reason varchar(200) = 'INTEREST ADHOC' -- Adhoc Reason
AS
BEGIN
	
	SET NOCOUNT ON;

	DECLARE @CurrentDate Date = (select app_date from BSGACCOUNTING..cbs_application_date where is_active = 1)

	

	Select 
		*
	INTO 
		#Temp_TransactionDate
	FROM
		BSGTURINGREPORTS.dbo.SplitString(@txn_date,',')


	DECLARE @txnMinDate Date = (select MIN(cast(Item as date)) from #Temp_TransactionDate)

 IF((select count(1) from #Temp_TransactionDate) > 0)
 BEGIN
    insert into bsgloan..loan_limit_adhoc_details
	select 
		account_id,
		@balance_date,
		0,
		DATEDIFF(D,@balance_date,CASE WHEN @adhoc_expire_date < cast(y.limit_expiry_date as date) THEN  @adhoc_expire_date ELSE cast(y.limit_expiry_date as date) END),
		CASE WHEN @adhoc_expire_date < cast(y.limit_expiry_date as date) THEN  @adhoc_expire_date ELSE cast(y.limit_expiry_date as date) END,
		int_amount,
		ISNULL(y.rate_of_interest,0) + ISNULL(y.offset,0) Rate,
		@adhoc_reason,
		 'NA',
		 1,
		 -555,
		 @CurrentDate,
		 -555,
		 @CurrentDate,
		 'A'  
	from
	(select 
		account_id,
		sum(interest_amount)int_amount 
	from 
		BSGACCOUNTING..interest_details 
	where 
		txn_date in (select cast(Item as date) from #Temp_TransactionDate)
		and activity_id=6003 
	group by 
		account_id
	)x
	inner join
	(select 
		* 
	from 
		bsgloan..loan_account_basic 
	where 
		is_active=1
	)y
	on x.account_id=y.loan_account_id
	inner join
	BSGACCOUNTING..account_balance_loan a
	on a.loan_account_id=x.account_id 
		and a.txn_date=@balance_date 
		and a.available_dp>0 
		and a.sanction_limit>0
	inner join bsgloan..loan_account_master c
		on a.loan_account_id=c.loan_account_id 
			and c.is_active=1 
			and c.asset_classification<3
			and c.loan_type = 2
			and a.loan_account_id 
			not in (select 
						loan_account_id 
					from 
						bsgloan..loan_limit_adhoc_details 
					where 
						is_active=1 
						and adhoc_expiry_date> @CurrentDate
					)
			and cast(y.limit_expiry_date as date) > @CurrentDate;

	update a 
	set 
		a.adhoc_amount=ISNULL(a.adhoc_amount,0)+b.int_amount,
		a.available_balance=ISNULL(a.available_balance,0)+b.int_amount,
		a.available_dp=ISNULL(a.available_dp,0)+ISNULL(b.int_amount,0) 
	from
		BSGACCOUNTING..account_balance_loan a

		inner join
		(select account_id,
			ISNULL(sum(interest_amount),0) int_amount 
		from 
			BSGACCOUNTING..interest_details 
		where 
			txn_date in (select cast(Item as date) from #Temp_TransactionDate)
			and activity_id=6003 
		group by 
			account_id 
		)b
	on
	a.loan_account_id=b.account_id 
		and a.txn_date=@balance_date 
		and a.available_dp>0 
		and a.sanction_limit>0
	inner join
	(select 
		* 
	from 
		bsgloan..loan_account_basic 
	where 
		is_active=1
	)y
	on b.account_id=y.loan_account_id
	inner join bsgloan..loan_account_master c
		on a.loan_account_id=c.loan_account_id 
		and c.is_active=1 
		and c.asset_classification<3 
		and c.loan_type = 2
		and a.loan_account_id 
		not in (
				select 
					loan_account_id 
				from 
					bsgloan..loan_limit_adhoc_details 
				where 
					is_active=1 
					and adhoc_expiry_date> @CurrentDate
					and created_by>0
				)
		and cast(y.limit_expiry_date as date) > @CurrentDate;

	update a 
	set a.is_Active=0 
	from
	bsgloan..loan_limit_adhoc_details a
	inner join
	(select 
		loan_account_id,
		max(id)maxid 
	from 
		bsgloan..loan_limit_adhoc_details 
	where 
		is_active=1 
	group by 
		loan_account_id
	)b
	on a.loan_account_id=b.loan_account_id 
		and a.is_active=1 
		and a.id<>b.maxid;

	update 
		bsgloan..loan_authorization_status 
	set 
		is_active=0  
	where 
		table_name='loan_limit_adhoc_details';

	insert into bsgloan..loan_authorization_status
	select 
		loan_account_id,
		'A',
		-1,
		id,
		'loan_adhoc_details',
		'loan_limit_adhoc_details',
		1,
		'A',
		-1,
		CURRENT_TIMESTAMP,
		-1,
		CURRENT_TIMESTAMP,
		1,
		-1 
	from 
		bsgloan..loan_limit_adhoc_details 
	where 
		is_active=1;

	update 
		BSGACCOUNTING..account_balance_loan 
	set 
		available_dp=ISNULL(sanction_limit,0)+ISNULL(adhoc_amount,0),
		available_balance=ISNULL(sanction_limit,0)+ISNULL(adhoc_amount,0)+ISNULL(checker_clear_balance ,0)
	 where 
		txn_date=@balance_date 
		and ISNULL(adhoc_amount,0)>0 
		and ISNULL(available_dp,0)>ISNULL(sanction_limit,0)+ISNULL(adhoc_amount,0);
 END
END
"
58,sp_change_account_status,"CREATE   PROCEDURE [dbo].[sp_change_account_status] --  sp_change_account_status 1,24,7 
@p_classification_id int,
@p_period int, -- month
@p_status int 

AS
BEGIN
	if(@p_classification_id  in (1, 2))
	begin

		select 
			ca.account_id,max(txn_date)  txn_date into #temp_tr
		from 
			bsgcore..customer_accounts ca with (nolock)
		inner join
			BSGCORE..account_master am
		on 
			ca.account_id = am.account_id
		left join 
			BSGACCOUNTING..transaction_master tm with (nolock)
		on	
			ca.account_id = tm.account_id
		and 
			activity_id not in (11081,11067,11069,11065,11063,11071,11073,11113,1003,1004)
		and
			tm.narration not like '%int%'
		and
			tm.narration not like '%charge%'
		and
			tm.narration not like '%CHRGS%'
		where 
			ca.classification_id=@p_classification_id 
		and 
			ca.is_active=1

		and 
			am.account_open_date < DATEADD(month,-1*@p_period,getdate())
		
		and
			am.is_active=1
		and 
			case when @p_period <= 24 and 
				  am.account_status_id not in (3,5,4,7,8)
				then 1 
				when @p_period > 24 and am.account_status_id = 7
				then 1 end  = 1 		 
		group by ca.account_id
		having (max(txn_date) is null or max(txn_date) < DATEADD(month,-1*@p_period,getdate()))


		select 
			ca.account_id,max(tm.txn_date)  txn_date into #temp_df
		from 
			#temp_tr ca
		inner join 
			bsgdeepfreeze..transaction_master_df tm with (nolock)
		on	
			ca.account_id = tm.account_id		
		where 			
			activity_id not in (11081,11067,11069,11065,11063,11071,11073,11113,1003,1004)		
		and
			tm.narration not like '%int%'
		and
			tm.narration not like '%charge%'
		and
			tm.narration not like '%CHRGS%'
		group by ca.account_id
		having ( max(tm.txn_date) >= DATEADD(month,-1*@p_period,getdate()))

		--select * into #tempdftr from #temp_tr where account_id not in (select account_id from #temp_df)

		delete #temp_tr where account_id in (select account_id from #temp_df)

		select 
			ca.account_id,alt.LastTranDate  txn_date into #temp_acclast
		from 
			bsgcore..customer_accounts ca with (nolock)
		inner join
			#temp_tr am
		on 
			ca.account_id = am.account_id
		left join 
			BSGTURINGREPORTS..accountlasttransaction alt
		on 
			ca.account_no = alt.AccountNo
		where 
			am.txn_date is null
		and 
			ca.classification_id=@p_classification_id 
		and 
			ca.is_active=1		 		
		and 
			alt.LastTranDate >=  DATEADD(month,-1*@p_period,getdate())
		and 
			case when @p_period > 24 then 1 else 0 end  = 1


		;with cte as (
		select * from #temp_tr
		where  
			account_id not in (
			select tr.account_id from #temp_acclast tr		 	
			)
		
			
		)


		
		select distinct  --top 5
				 am.id,am.branch_code
				,am.product_code
				,am.product_id
				,am.product_currency
				,am.account_id
				,am.customer_id
				,am.customer_category_id
				,am.account_name
				,am.account_type_id
				,am.operating_instruction_id
				,am.mode_of_operation_id
				,am.group_account_id
				,@p_status account_status_id
				,am.minor_flag
				,am.account_open_date
				,am.interest_tax_percentage
				,am.transaction_freeze_type_id
				,am.member_type_id
				,am.member_no
				,am.membership_reason
				,am.date_of_birth
				,am.date_of_establishment
				,am.relation_with_director_flag
				,am.director_id
				,am.director_relationship_id
				,am.operating_instruction_corp
				,am.sprinkle
				,am.is_active
				,am.created_by
				,am.created_date
				,am.last_modified_by
				,am.last_modified_date
				,am.authorization_status
				,am.capitalization_date
				,am.operating_mode
				,am.account_closure_date
				,am.is_staff
				,am.account_status_remarks into #temp from cte c inner join 
			BSGCORE..account_master am with (nolock)
			on 
				c.account_id = am.account_id
		where am.is_active=1 order by id desc; 

		--select * from #temp
		--return 

		       
--update bsgdeepfreeze..transaction_master_df
--set activity_id = 1003
--where @p_period > 24 
--        and  id in (
-- SELECT
--    max(tm.id) txn_date
--FROM
--    bsgdeepfreeze..transaction_master_df tm
--where 
-- tm.account_id  in (select t.account_id from #temp t)
--and  tm.narration like 'Interest Credit%'
--group by tm.account_id
-- );

		update BSGCORE..account_master
		set is_active=0
		where account_id in (select account_id from #temp)
		and 
			is_Active=1	

		insert into BSGCORE..account_master( branch_code
		,product_code
		,product_id
		,product_currency
		,account_id
		,customer_id
		,customer_category_id
		,account_name
		,account_type_id
		,operating_instruction_id
		,mode_of_operation_id
		,group_account_id
		,account_status_id
		,minor_flag
		,account_open_date
		,interest_tax_percentage
		,transaction_freeze_type_id
		,member_type_id
		,member_no
		,membership_reason
		,date_of_birth
		,date_of_establishment
		,relation_with_director_flag
		,director_id
		,director_relationship_id
		,operating_instruction_corp
		,sprinkle
		,is_active
		,created_by
		,created_date
		,last_modified_by
		,last_modified_date
		,authorization_status
		,capitalization_date
		,operating_mode
		,account_closure_date
		,is_staff
		,account_status_remarks)
		select branch_code
		,product_code
		,product_id
		,product_currency
		,account_id
		,customer_id
		,customer_category_id
		,account_name
		,account_type_id
		,operating_instruction_id
		,mode_of_operation_id
		,group_account_id
		,account_status_id
		,minor_flag
		,account_open_date
		,interest_tax_percentage
		,transaction_freeze_type_id
		,member_type_id
		,member_no
		,membership_reason
		,date_of_birth
		,date_of_establishment
		,relation_with_director_flag
		,director_id
		,director_relationship_id
		,operating_instruction_corp
		,sprinkle
		,is_active
		,-1 created_by
		,getdate() created_date
		,-1 last_modified_by
		,getdate() last_modified_date
		,authorization_status
		,capitalization_date
		,operating_mode
		,account_closure_date
		,is_staff
		,account_status_remarks from #temp
	

	--update  BSGCORE..casa_authorization_status
	--set is_active=0
	-- where table_name='account_master' and tab_name='basic_details' and principal_id in 
	--(select account_id from #temp) and is_active=1

	
update cas set cas.is_active=0 from BSGCORE..casa_authorization_status cas 
inner join #temp t
on cas.principal_id = t.account_id and cas.new_id=t.id
where cas.is_active=1 and cas.table_name='account_master' and cas.tab_name='basic_details'

	insert into BSGCORE..casa_authorization_status(principal_id
		,principal_type
		,original_id
		,new_id
		,tab_name
		,table_name
		,auth_status
		,created_by
		,created_date
		,last_modified_by
		,last_modified_date
		,is_active
		,branch_code)
	select  t.account_id,'A',t.id,am.id,'basic_details','account_master',1, -1 created_by,
	getdate(),-1 last_modified_by,getdate() last_modified_date,
	1,am.branch_code
	 from #temp t inner join 
		BSGCORE..account_master am 
		on 
			t.account_id = am.account_id
		and 
			am.is_active=1
	
	end
	else if (@p_classification_id = 4)
	begin
	;with cte as (select 
			ca.account_id,tm.maturity_date  txn_date
		from 
			bsgcore..customer_accounts ca with (nolock)
		inner join
			BSGTD..td_account_master am
		on 
			ca.account_id = am.td_account_id
		inner join 
			BSGTD..td_account_deposit_details tm with (nolock)
		on	
			ca.account_id = tm.td_account_id
		where 
			ca.classification_id=@p_classification_id 
		and 
			ca.is_active=1		
		and
			am.is_active=1
		and 			
			am.account_status_id not in ( 5,8)
		and 
			tm.is_active=1
		and 
			tm.maturity_date <= DATEADD(month,-1*@p_period,getdate())
		-- and 
			-- case when @p_period <= 24 then 1 else 0 end  = 1				
		)

		select distinct am.id
			,am.product_id
			,@p_status account_status_id
			,am.product_code
			,am.branch_code
			,am.td_account_id
			,am.customer_id
			,am.customer_name
			,am.customer_type
			,am.td_currency_code
			,am.td_amount
			,am.td_tenure_days
			,am.td_tenure_months
			,am.td_tenure_years
			,am.customer_profile
			,am.operating_instruction
			,am.age_group
			,am.account_open_date
			,am.maturity_amount
			,am.account_class
			,am.sprinkle
			,am.is_active
			,am.created_by
			,am.created_date
			,am.last_modified_by
			,am.last_modified_date
			,am.authorization_status
			,am.lien
			,am.lien_mark_date
			,am.lien_unmark_date
			,am.lien_remark
			,am.lien_loan_account_id
			,am.account_closure_date
			,am.staff_or_related
			,am.moved_to_maturity_gl
			--,am.temp_renewal_date
			,am.renew_count into #temp_td from cte c inner join 
			BSGTD..td_account_master am with (nolock)
			on 
				c.account_id = am.td_account_id
		where am.is_active=1 order by id desc; 

		update BSGTD..td_account_master
		set is_active=0
		where td_account_id in (select td_account_id from #temp_td)
		and 
			is_Active=1	


	insert into BSGTD..td_account_master(
		product_id
		,account_status_id
		,product_code
		,branch_code
		,td_account_id
		,customer_id
		,customer_name
		,customer_type
		,td_currency_code
		,td_amount
		,td_tenure_days
		,td_tenure_months
		,td_tenure_years
		,customer_profile
		,operating_instruction
		,age_group
		,account_open_date
		,maturity_amount
		,account_class
		,sprinkle
		,is_active
		,created_by
		,created_date
		,last_modified_by
		,last_modified_date
		,authorization_status
		,lien
		,lien_mark_date
		,lien_unmark_date
		,lien_remark
		,lien_loan_account_id
		,account_closure_date
		,staff_or_related
		,moved_to_maturity_gl
		--,temp_renewal_date
		,renew_count
	)
select product_id
		,account_status_id
		,product_code
		,branch_code
		,td_account_id
		,customer_id
		,customer_name
		,customer_type
		,td_currency_code
		,td_amount
		,td_tenure_days
		,td_tenure_months
		,td_tenure_years
		,customer_profile
		,operating_instruction
		,age_group
		,account_open_date
		,maturity_amount
		,account_class
		,sprinkle
		,is_active
		,-1 created_by
		,getdate() created_date
		,-1 last_modified_by
		,getdate() last_modified_date
		,authorization_status
		,lien
		,lien_mark_date
		,lien_unmark_date
		,lien_remark
		,lien_loan_account_id
		,account_closure_date
		,staff_or_related
		,moved_to_maturity_gl
		--,temp_renewal_date
		,renew_count 
	from
		 #temp_td
	
	update cas set cas.is_active=0 from BSGTD..td_authorization_status cas 
		inner join #temp_td t
		on cas.principal_id = t.td_account_id and cas.new_id=t.id
		where cas.is_active=1 and cas.table_name='td_account_master' and cas.tab_name='primary_applicant_details'
	
	insert into BSGTD..td_authorization_status(principal_id
		,principal_type
		,original_id
		,new_id
		,tab_name
		,table_name
		,auth_status
		,created_by
		,created_date
		,last_modified_by
		,last_modified_date
		,is_active
		,branch_code)
	select  t.td_account_id,'A',t.id,am.id,'primary_applicant_details','td_account_master',1,-1 created_by,
	getdate(),-1 last_modified_by,getdate() last_modified_date,
	1,am.branch_code
	 from #temp_td t inner join 
		BSGTD..td_account_master am 
		on 
			t.td_account_id = am.td_account_id
		and 
			am.is_active=1
	
	end
	
END



"
59,sp_change_account_status_select,"CREATE   PROCEDURE [dbo].[sp_change_account_status_select] --  sp_change_account_status_select 2,120,8
@p_classification_id int,
@p_period int, -- month
@p_status int 
AS
BEGIN
	if(@p_classification_id  in (1,2))
	begin

		select 
			ca.account_id,max(txn_date)  txn_date into #temp_tr
		from 
			bsgcore..customer_accounts ca with (nolock)
		inner join
			BSGCORE..account_master am
		on 
			ca.account_id = am.account_id
		left join 
			BSGACCOUNTING..transaction_master tm with (nolock)
		on	
			ca.account_id = tm.account_id
		and 
			activity_id not in (11081,11067,11069,11065,11063,11071,11073,11113,1003,1004)
		and 
			tm.narration not like '%int%'
		and
			tm.narration not like '%charge%'
		and
			tm.narration not like '%CHRGS%'
		where 
			ca.classification_id=@p_classification_id 
		and 
			ca.is_active=1
		and 
			am.account_open_date < DATEADD(month,-1*@p_period,getdate())
		and
			am.is_active=1
		and 
			case when @p_period <= 24 and 
				  am.account_status_id not in (3,5,4,7,8)
				then 1 
				when @p_period > 24 and  am.account_status_id = 7  
				then 1 end  = 1 		 
		group by ca.account_id
		having (max(txn_date) is null or max(txn_date) < DATEADD(month,-1*@p_period,getdate()))

		select 
			ca.account_id,max(tm.txn_date)  txn_date into #temp_df
		from 
			#temp_tr ca
		inner join 
			bsgdeepfreeze..transaction_master_df tm with (nolock)
		on	
			ca.account_id = tm.account_id
		and 
			tm.narration not like '%int%'
		and
			tm.narration not like '%charge%'
		and
			tm.narration not like '%CHRGS%'
			where 			
			activity_id not in (11081,11067,11069,11065,11063,11071,11073,11113,1003,1004)			 
		group by ca.account_id
		having ( max(tm.txn_date) >= DATEADD(month,-1*@p_period,getdate()))

		delete #temp_tr where account_id in (select account_id from #temp_df)

		select 
			ca.account_id,alt.LastTranDate  txn_date into #temp_acclast
		from 
			bsgcore..customer_accounts ca with (nolock)
		inner join
			#temp_tr am
		on 
			ca.account_id = am.account_id
		left join 
			BSGTURINGREPORTS..accountlasttransaction alt
		on 
			ca.account_no = alt.AccountNo
		where 
			am.txn_date is null
		and 
			ca.classification_id=@p_classification_id 
		and 
			ca.is_active=1		 		
		and 
			alt.LastTranDate >=  DATEADD(month,-1*@p_period,getdate())
		and 
			case when @p_period > 24 then 1 else 0 end  = 1


		;with cte as (
		select * from #temp_tr
		where  
			account_id not in (
			select tr.account_id from #temp_acclast tr		 	
			)		
		)

		select distinct  --top 5
				ca.account_no,
				 am.id,am.branch_code
				,am.product_code
				,am.product_id
				,am.product_currency
				,am.account_id
				,am.customer_id
				,am.customer_category_id
				,am.account_name
				,am.account_type_id
				,am.operating_instruction_id
				,am.mode_of_operation_id
				,am.group_account_id
				,@p_status account_status_id
				,am.minor_flag
				,am.account_open_date
				,am.interest_tax_percentage
				,am.transaction_freeze_type_id
				,am.member_type_id
				,am.member_no
				,am.membership_reason
				,am.date_of_birth
				,am.date_of_establishment
				,am.relation_with_director_flag
				,am.director_id
				,am.director_relationship_id
				,am.operating_instruction_corp
				,am.sprinkle
				,am.is_active
				,am.created_by
				,am.created_date
				,am.last_modified_by
				,am.last_modified_date
				,am.authorization_status
				,am.capitalization_date
				,am.operating_mode
				,am.account_closure_date
				,am.is_staff
				,am.account_status_remarks from cte c inner join 
			BSGCORE..account_master am with (nolock)
			on 
				c.account_id = am.account_id
			inner join bsgcore..customer_accounts ca
				on c.account_id = ca.account_id and ca.is_active = 1 and ca.classification_id IN (1,2)
		where am.is_active=1 order by id desc; 

	end
	else if (@p_classification_id = 4)
	begin
	;with cte as (select 
			ca.account_id,tm.maturity_date  txn_date
		from 
			bsgcore..customer_accounts ca with (nolock)
		inner join
			BSGTD..td_account_master am
		on 
			ca.account_id = am.td_account_id
		inner join 
			BSGTD..td_account_deposit_details tm with (nolock)
		on	
			ca.account_id = tm.td_account_id
		where 
			ca.classification_id=@p_classification_id 
		and 
			ca.is_active=1		
		and
			am.is_active=1
		and 			
			am.account_status_id not in (5,8)
		and 
			tm.is_active=1
		and 
			tm.maturity_date <= DATEADD(month,-1*@p_period,getdate())
		)

		select distinct 
			ca.account_no,
			am.id
			,am.product_id
			,@p_status account_status_id
			,am.product_code
			,am.branch_code
			,am.td_account_id
			,am.customer_id
			,am.customer_name
			,am.customer_type
			,am.td_currency_code
			,am.td_amount
			,am.td_tenure_days
			,am.td_tenure_months
			,am.td_tenure_years
			,am.customer_profile
			,am.operating_instruction
			,am.age_group
			,am.account_open_date
			,am.maturity_amount
			,am.account_class
			,am.sprinkle
			,am.is_active
			,am.created_by
			,am.created_date
			,am.last_modified_by
			,am.last_modified_date
			,am.authorization_status
			,am.lien
			,am.lien_mark_date
			,am.lien_unmark_date
			,am.lien_remark
			,am.lien_loan_account_id
			,am.account_closure_date
			,am.staff_or_related
			,am.moved_to_maturity_gl
			,am.renew_count from cte c inner join 
			BSGTD..td_account_master am with (nolock)
			on 
				c.account_id = am.td_account_id
			inner join bsgcore..customer_accounts ca
				on c.account_id = ca.account_id and ca.is_active = 1 and ca.classification_id = 4
		where am.is_active=1 order by id desc; 

	end
	
END



"
60,sp_co_demand_generation,"-- =============================================
-- Author:		<Author,Akhil Chandran>
-- Create date: <Create Date,2022-11-25>
-- Description:	<Description,CO BASED COLLECTION DETAILS>
-- =============================================
CREATE   PROCEDURE [dbo].[sp_co_demand_generation] --[sp_co_demand_generation] 96,'2022-04-27'
@branchCode bigint = null,
@duedate date = null
AS
BEGIN
	SET NOCOUNT ON;
	declare @cbsAppDate datetime = cast((select app_date from BSGACCOUNTING..cbs_application_date where is_active = 1) as datetime);
	set @cbsAppDate = @duedate;
	declare @microFinanceProduct varchar(50) = (select config_value from BSGADMIN..cbs_config where config_key = 'MICROFINANCE_PRODUCT' and is_active = 1)

    drop table if exists #productlistforMicroFinance
    select * 
    into #productlistforMicroFinance
    from (
        SELECT t.c.value('.', 'VARCHAR(100)') productcode
                    FROM (
                            SELECT x = CAST('<t>' + 
                                REPLACE(@microFinanceProduct , ',', '</t><t>') + '</t>' AS XML)
                         ) a
                    CROSS APPLY x.nodes('/t') t(c) 
    ) a

	--select * 
	--from #productlistforMicroFinance


	selecT lrc.*,lam.branch_code,lam.loan_account_no,lam.loan_product_code
	into #templrc
	from BSGACCOUNTING..loan_repayment_chart lrc
	inner join (Select loan_Account_id,installment_no,max(id) id 
		from BSGACCOUNTING..loan_repayment_chart lrc where is_active = 1 and due_date <= @cbsAppDate 
	group by loan_account_id,installment_no) lrc1
	on
		lrc.loan_account_id= lrc1.loan_account_id
	and
		lrc.installment_no = lrc1.installment_no
	and
		lrc.id = lrc1.id
	inner join bsgloan..loan_account_master lam
	on
		lrc.loan_account_id = lam.loan_account_id
	and
		lam.loan_account_status <> 2
	and
		lam.is_active = 1
	inner join #productlistforMicroFinance prd
	on
		lam.loan_product_code = prd.productcode
	where full_installment_received <> 1 and lrc.is_active = 1 


	
	
	drop table if exists #tempCoGroupMapping
	select a.id,a.co_id,a.center_id,a.group_id,a.branch_code,a.collection_day,a.collection_week, 
		a.status,a.is_active,a.created_by,a.created_date,a.last_modified_by,a.last_modified_date,a.authorization_status,a.ref_id
		,a.village_id,cm.center_name,vm.village_name,co.co_name,gm.group_name 
	into #tempCoGroupMapping
	from bsgloan..co_group_mapping a with(nolock)  
	inner join bsgloan..center_master cm with(nolock) 
	on  
		a.village_id = cm.village_id  
	and  
		a.center_id = cm.center_id  
	and  
		a.co_id = cm.co_id  
	and  
		a.status = 1 and cm.status = 1  
	inner join bsgloan..village_master vm with(nolock)  
	on  
		a.village_id = vm.village_id  
	and  
		a.branch_code = vm.branch_code  
	and  
		vm.status = 1  
	inner join bsgloan..collection_officer_master co  
	on  
		a.co_id = co.co_id  
	and  
		co.status = 1  
	inner join bsgloan..loan_group_master gm  
	on  
		a.group_id = gm.group_id  
	and  
		gm.status = 1  
	where cm.is_active = 1 and vm.is_active = 1 and co.is_active = 1 and gm.is_active = 1 
	
	--select * from bsgloan..co_based_demand_details


	update bsgloan..co_based_demand_details set status = 0 where status = 1 and is_active = 1
	--select * 
	--from bsgloan..co_based_demand_details
	insert into bsgloan..co_based_demand_details
	select 
	lrc.loan_account_id account_id,
	@cbsAppDate app_date,
	due_date due_date,
	installment_no installment_no,
	((principal_amount - principal_received) + (interest_amount - interest_received) + (od_int_accrual) + (penal_int_accrual)) collectionamt,
	tmp.ref_id group_mapping_ref_id,
	1 status,
	1 is_active,
	-190 created_by,
	getdate() created_date,
	-190 last_modified_by,
	getdate() last_modified_date,
	'A' authorization_status
	from #templrc lrc
	inner join bsgloan..loan_micro_finance_master lmf
	on
		lrc.loan_account_id = lmf.loan_account_id
	and
		lmf.is_active = 1
	inner join #tempCoGroupMapping tmp
	on
		lmf.co_id = tmp.co_id
	and
		lmf.center_id = tmp.center_id
	and
		lmf.group_id = tmp.group_id
	and
		lmf.village_id = tmp.village_id
	where (@branchCode is null or lrc.branch_code = @branchCode)

	select * 
	from bsgloan..co_based_demand_details
	where status = 1 and is_active = 1

END
"
61,sp_creatediagram,"
	CREATE PROCEDURE dbo.sp_creatediagram
	(
		@diagramname 	sysname,
		@owner_id		int	= null, 	
		@version 		int,
		@definition 	varbinary(max)
	)
	WITH EXECUTE AS 'dbo'
	AS
	BEGIN
		set nocount on
	
		declare @theId int
		declare @retval int
		declare @IsDbo	int
		declare @userName sysname
		if(@version is null or @diagramname is null)
		begin
			RAISERROR (N'E_INVALIDARG', 16, 1);
			return -1
		end
	
		execute as caller;
		select @theId = DATABASE_PRINCIPAL_ID(); 
		select @IsDbo = IS_MEMBER(N'db_owner');
		revert; 
		
		if @owner_id is null
		begin
			select @owner_id = @theId;
		end
		else
		begin
			if @theId <> @owner_id
			begin
				if @IsDbo = 0
				begin
					RAISERROR (N'E_INVALIDARG', 16, 1);
					return -1
				end
				select @theId = @owner_id
			end
		end
		-- next 2 line only for test, will be removed after define name unique
		if EXISTS(select diagram_id from dbo.sysdiagrams where principal_id = @theId and name = @diagramname)
		begin
			RAISERROR ('The name is already used.', 16, 1);
			return -2
		end
	
		insert into dbo.sysdiagrams(name, principal_id , version, definition)
				VALUES(@diagramname, @theId, @version, @definition) ;
		
		select @retval = @@IDENTITY 
		return @retval
	END
	"
62,sp_dds_closure_calculation,"CREATE   PROCEDURE [dbo].[sp_dds_closure_calculation] 
-- [sp_dds_closure_calculation] @accountId=181290,@currentDate='2020-10-17'
@accountId bigint,
@currentDate datetime
AS
BEGIN
SELECT 
    bal.*, dcr.from_months, dcr.to_months, dcr.interest_to_be_provided is_accrual_applicable, dcr.penal_interest, dcr.pl_account_id penal_pl_account_id
INTO
	#balance_details
FROM
    (SELECT 
			ab.available_balance,
            ab.interest_accrual,
            am.account_open_date,
            DATEDIFF(month, am.account_open_date, @currentDate) AS account_age,
			am.product_id,
			am.account_type_id,
			am.product_code,
			am.branch_code
    FROM
        BSGACCOUNTING..account_balance ab
    INNER JOIN 
		BSGCORE..account_master am ON am.account_id = ab.account_id
        AND am.is_active = 1
    WHERE
        ab.account_id = @accountId
            AND txn_date = (SELECT 
                MAX(ab1.txn_date)
            FROM
                BSGACCOUNTING..account_balance ab1
            WHERE
                ab1.account_id = ab.account_id)) bal
        INNER JOIN
			BSGCORE..dds_closure_rates dcr 
			ON dcr.is_active = 1
			AND dcr.from_months <= bal.account_age
			AND dcr.to_months > bal.account_age;
-- penalty
if((select penal_interest FROM #balance_details) > 0)
	BEGIN
		UPDATE #balance_details SET penal_interest = (penal_interest * available_balance) / 100;
	END
ELSE
    BEGIN
        UPDATE #balance_details SET penal_interest = 0;
    END;
	select * from #balance_details;
END
"
63,sp_dds_interest_on_closing_bal,"create    PROCEDURE [dbo].[sp_dds_interest_on_closing_bal] -- sp_dds_interest_on_closing_bal 520816,'2020-11-09'
@accountId bigint,
@currentDate datetime
AS
BEGIN
DECLARE @accountOpenDate DATE = (SELECT CAST(account_open_date AS DATE) FROM BSGCORE..account_master WHERE account_id = @accountId AND is_active = 1);
    PRINT 'The @accountOpenDate is = ' + CONVERT(VARCHAR,@accountOpenDate);
DECLARE @age INT = (case WHEN (datediff(month, @accountOpenDate, @currentDate) = 6) then dbo.FullMonthsSeparation(@accountOpenDate, @currentDate)
                     WHEN (datediff(month, @accountOpenDate, @currentDate) = 12) then dbo.FullMonthsSeparation(@accountOpenDate, @currentDate)
                     WHEN (datediff(month, @accountOpenDate, @currentDate) > 12) then 12
                     else datediff(month, @accountOpenDate, @currentDate)
                     END);
    PRINT 'The @age is = ' + CONVERT(VARCHAR,@age);
DECLARE @intAge INT = @age - 1;
    PRINT 'The @intAge is = ' + CONVERT(VARCHAR,@intAge);
DECLARE @balSum DECIMAL(18,2) = 0.00;
DECLARE @counter INT = 1;
DECLARE @intDate DATE = @accountOpenDate;
WHILE ( @counter <= @intAge)
BEGIN
    SET @intDate = DATEADD(day, 1, eomonth(@intDate));
    PRINT 'The month is = ' + CONVERT(VARCHAR,@intDate);
    SET @balSum = @balSum + (SELECT ISNULL((SELECT available_balance FROM BSGACCOUNTING..account_balance WHERE account_id = @accountId and txn_date = 
        (SELECT max(txn_date) FROM BSGACCOUNTING..account_balance WHERE account_id = @accountId and txn_date < @intDate)),0));
    PRINT 'The @balSum is = ' + CAST(@balSum AS VARCHAR);
    SET @counter  = @counter  + 1;
END
DECLARE @effectiveDate DATE = (SELECT max(effective_date) FROM BSGCORE..dds_closure_rates WHERE effective_date <= @accountOpenDate AND from_months <= @age AND to_months > @age AND is_active = 1);
DECLARE @roi DECIMAL(18,2) = (SELECT roi FROM BSGCORE..dds_closure_rates WHERE effective_date = @effectiveDate AND from_months <= @age AND to_months > @age AND is_active = 1);
    PRINT 'The @effectiveDate is = ' + CONVERT(VARCHAR,@effectiveDate);
DECLARE @interest DECIMAL(18,2) = ((@balSum * @roi)/1200);
SELECT ISNULL(@interest,0) AS intAmt;
END;
"
64,sp_dropdiagram,"
	CREATE PROCEDURE dbo.sp_dropdiagram
	(
		@diagramname 	sysname,
		@owner_id	int	= null
	)
	WITH EXECUTE AS 'dbo'
	AS
	BEGIN
		set nocount on
		declare @theId 			int
		declare @IsDbo 			int
		
		declare @UIDFound 		int
		declare @DiagId			int
	
		if(@diagramname is null)
		begin
			RAISERROR ('Invalid value', 16, 1);
			return -1
		end
	
		EXECUTE AS CALLER;
		select @theId = DATABASE_PRINCIPAL_ID();
		select @IsDbo = IS_MEMBER(N'db_owner'); 
		if(@owner_id is null)
			select @owner_id = @theId;
		REVERT; 
		
		select @DiagId = diagram_id, @UIDFound = principal_id from dbo.sysdiagrams where principal_id = @owner_id and name = @diagramname 
		if(@DiagId IS NULL or (@IsDbo = 0 and @UIDFound <> @theId))
		begin
			RAISERROR ('Diagram does not exist or you do not have permission.', 16, 1)
			return -3
		end
	
		delete from dbo.sysdiagrams where diagram_id = @DiagId;
	
		return 0;
	END
	"
65,sp_dump_datainto,"-- =============================================
-- Author:		<Author,,Name>
-- Create date: <Create Date,,>
-- Description:	<Description,,>
-- =============================================
CREATE   PROCEDURE [dbo].[sp_dump_datainto]
AS
BEGIN
declare @cnt numeric(18,0) = 100
	while @cnt < 100001
	begin
		INSERT INTO [test1]
           (text1
           ,text2
           ,text3
           ,text4
           )
		select text1
           ,text2
           ,text3
           ,text4 from [test1]
	select @cnt = count(1) from [test1]
	end
END


"
66,sp_duplicate_master_entries,"
-- =============================================
-- Author:		Siddharth Mangroliya
-- CREATE OR ALTER date: 30-1-2020
-- Description:	Duplicate Master Entries
-- =============================================
CREATE   PROCEDURE [dbo].[sp_duplicate_master_entries]
AS
BEGIN
	SET NOCOUNT ON;

	SELECT CONCAT('td_account_master', '-', ca.account_no, '-', ca.account_id, '-', a.totalAccount) AS details FROM 
	(SELECT td_account_id, COUNT(1) AS totalAccount FROM BSGTD..td_account_master WHERE is_active = 1 GROUP BY td_account_id HAVING COUNT(1) > 1) AS a 
	INNER JOIN BSGCORE..customer_accounts ca ON ca.account_id = a.td_account_id AND ca.is_active = 1 
	UNION ALL 
	SELECT CONCAT('td_account_deposit_details', '-', ca.account_no, '-', ca.account_id, '-', a.totalAccount) AS details FROM 
	(SELECT td_account_id, COUNT(1) AS totalAccount FROM BSGTD..td_account_deposit_details WHERE is_active = 1 GROUP BY td_account_id HAVING COUNT(1) > 1) AS a 
	INNER JOIN BSGCORE..customer_accounts ca ON ca.account_id = a.td_account_id AND ca.is_active = 1 
	UNION ALL 
	SELECT CONCAT('td_interest_payment', '-', ca.account_no, '-', ca.account_id, '-', a.totalAccount) AS details FROM 
	(SELECT td_account_id, COUNT(1) AS totalAccount FROM BSGTD..td_interest_payment WHERE is_active = 1 GROUP BY td_account_id HAVING COUNT(1) > 1) AS a 
	INNER JOIN BSGCORE..customer_accounts ca ON ca.account_id = a.td_account_id AND ca.is_active = 1 
	UNION ALL 
	SELECT CONCAT('td_product_master', '-', product_code, '-', product_id, '-', COUNT(1)) AS details FROM BSGTD..td_product_master WHERE is_active = 1 GROUP BY product_id, product_code HAVING COUNT(1) > 1 
	UNION ALL 
	SELECT CONCAT('customer_accounts', '-', ca.account_no, '-', ca.account_id, '-', a.totalAccount) AS details FROM 
	(SELECT account_id, COUNT(1) AS totalAccount FROM BSGCORE..customer_accounts WHERE is_active = 1 GROUP BY account_id HAVING COUNT(1) > 1) AS a 
	INNER JOIN BSGCORE..customer_accounts ca ON ca.account_id = a.account_id AND ca.is_active = 1 
	UNION ALL 
	SELECT CONCAT('account_master', '-', ca.account_no, '-', ca.account_id, '-', a.totalAccount) AS details FROM 
	(SELECT account_id, COUNT(1) AS totalAccount FROM BSGCORE..account_master WHERE is_active = 1 GROUP BY account_id HAVING COUNT(1) > 1) AS a 
	INNER JOIN BSGCORE..customer_accounts ca ON ca.account_id = a.account_id AND ca.is_active = 1 
	UNION ALL 
	SELECT CONCAT('product_master', '-', product_code, '-', product_id, '-', COUNT(1)) AS details FROM BSGCORE..product_master WHERE is_active = 1 GROUP BY product_code, product_id HAVING COUNT(1) > 1 
	UNION ALL 
	SELECT CONCAT('account_master_internal', '-', ca.account_no, '-', ca.account_id, '-', a.totalAccount) AS details FROM 
	(SELECT internal_account_id, COUNT(1) AS totalAccount FROM BSGCORE..account_master_internal WHERE is_active = 1 GROUP BY internal_account_id HAVING COUNT(1) > 1) AS a 
	INNER JOIN BSGCORE..customer_accounts ca ON ca.account_id = a.internal_account_id AND ca.is_active = 1 
	UNION ALL 
	SELECT CONCAT('product_master_internal', '-', product_code, '-', internal_product_id, '-', COUNT(1)) AS details FROM BSGCORE..product_master_internal WHERE is_active = 1 GROUP BY product_code, internal_product_id HAVING COUNT(1) > 1 
	UNION ALL 
	SELECT CONCAT('customer_master', '-', customer_id, '-', COUNT(1)) AS details FROM BSGCRM..customer_master WHERE is_active = 1 GROUP BY customer_id HAVING COUNT(1) > 1 
	UNION ALL 
	SELECT CONCAT('customer_ind_info', '-', customer_id, '-', COUNT(1)) AS details FROM BSGCRM..customer_ind_info WHERE is_active = 1 GROUP BY customer_id HAVING COUNT(1) > 1 
	UNION ALL 
	SELECT CONCAT('customer_corp_info', '-', customer_id, '-', COUNT(1)) AS details FROM BSGCRM..customer_corp_info WHERE is_active = 1 GROUP BY customer_id HAVING COUNT(1) > 1 
	UNION ALL 
	SELECT CONCAT('customer_tds', '-', customer_id, '-', COUNT(1)) AS details FROM BSGCRM..customer_tds WHERE is_active = 1 GROUP BY customer_id HAVING COUNT(1) > 1 
	UNION ALL 
	SELECT CONCAT('td_datewise_interest', '-', ca.account_no, '-', ca.account_id, '-', a.totalAccount) AS details FROM 
	(SELECT td_account_id, COUNT(1) AS totalAccount FROM BSGACCOUNTING..td_datewise_interest WHERE is_active = 1 GROUP BY td_account_id, interest_date HAVING COUNT(1) > 1) AS a 
	INNER JOIN BSGCORE..customer_accounts ca ON ca.account_id = a.td_account_id AND ca.is_active = 1 
	UNION ALL 
	SELECT CONCAT('account_td_last_accrual', '-', ca.account_no, '-', ca.account_id, '-', a.totalAccount) AS details FROM 
	(SELECT td_account_id, COUNT(1) AS totalAccount FROM BSGACCOUNTING..account_td_last_accrual GROUP BY td_account_id HAVING COUNT(1) > 1) AS a 
	INNER JOIN BSGCORE..customer_accounts ca ON ca.account_id = a.td_account_id AND ca.is_active = 1 
	UNION ALL 
	SELECT CONCAT('product_offset_master', '-', pm.product_code, '-', pm.product_id, '-', a.totalAccount) AS details FROM 
	(SELECT product_id, COUNT(1) AS totalAccount FROM BSGCORE..product_offset_master WHERE is_active = 1 GROUP BY product_id HAVING COUNT(1) > 1) a 
	INNER JOIN BSGCORE..product_master pm ON pm.product_id = a.product_id AND pm.is_active = 1;
END

"
67,sp_get_account_info,"


create    PROCEDURE [dbo].[sp_get_account_info]-- [sp_get_account_info] 4,-1,25754,-1,1,0,1,0
@classificationId int=0,
@accountId bigint=0,
@customerId bigint=0,
@branchCode int = 0,
@skipAccountFilter int = 0,
@skipCustomerFilter int = 0,
@skipBranchFilter int = 0,
@interestApplication int = 0,
@isVerify int = 0
AS BEGIN
    if(@interestApplication = 0)
	BEGIN
		if(@classificationId in (1, 2))
		BEGIN
			if(@skipAccountFilter = 0)
			begin 
				select ca.classification_id, ca.account_no, am.account_id, cm.customer_id, am.account_status_id,
					isnull(case when cm.custome_type_code =1 then  
				(select top 1 aadhar_no  from bsgcrm..customer_ind_info  where customer_id=cm.customer_id and is_active=1)  
				else 'N/A' end ,'') aadhar_no, 
				isnull(case when cm.custome_type_code =1 then 
				(select top 1 pan_no  from bsgcrm..customer_ind_info  where customer_id=cm.customer_id and is_active=1)
				  else  (select top 1 pan_no  from bsgcrm..customer_corp_info  where customer_id=cm.customer_id and is_active=1) end,'' )pan_no,
				cm.registered_mobile_no,
				(select available_balance from BSGACCOUNTING..account_balance with (nolock) where account_id=ca.account_id  and txn_date = (
				select max(txn_date) from BSGACCOUNTING..account_balance with (nolock) where account_id=ca.account_id
				)) available_balance,
				 (select lien_amount from BSGACCOUNTING..account_balance with (nolock) where account_id=ca.account_id  and txn_date = (
				select max(txn_date) from BSGACCOUNTING..account_balance with (nolock) where account_id=ca.account_id
				)) lien_amount,cm.custome_type_code
				from bsgcrm..customer_master cm WITH(NOLOCK)
				inner join 
				bsgcore..customer_accounts ca WITH(NOLOCK)
				on  cm.customer_id = ca.customer_id  and cm.is_active =1 and ca.is_active=1
				 and ca.account_id = @accountId				
				inner join 
				bsgcore..account_master am WITH(NOLOCK)
				on  ca.account_id = am.account_id and am.is_active=1
				where ca.account_id = @accountId
			end 
			else if(@skipCustomerFilter = 0)
			begin 
				select ca.classification_id, ca.account_no, am.account_id, cm.customer_id, am.account_status_id,
					isnull(case when cm.custome_type_code =1 then  
				(select top 1 aadhar_no  from bsgcrm..customer_ind_info  where customer_id=cm.customer_id and is_active=1)  
				else 'N/A' end ,'') aadhar_no, 
				isnull(case when cm.custome_type_code =1 then 
				(select top 1 pan_no  from bsgcrm..customer_ind_info  where customer_id=cm.customer_id and is_active=1)
				  else  (select top 1 pan_no  from bsgcrm..customer_corp_info  where customer_id=cm.customer_id and is_active=1) end,'' )pan_no,
				cm.registered_mobile_no,
				(select available_balance from BSGACCOUNTING..account_balance with (nolock) where account_id=ca.account_id  and txn_date = (
				select max(txn_date) from BSGACCOUNTING..account_balance with (nolock) where account_id=ca.account_id
				)) available_balance,
				 (select lien_amount from BSGACCOUNTING..account_balance with (nolock) where account_id=ca.account_id  and txn_date = (
				select max(txn_date) from BSGACCOUNTING..account_balance with (nolock) where account_id=ca.account_id
				)) lien_amount,cm.custome_type_code
				from bsgcrm..customer_master cm WITH(NOLOCK)
				inner join 
				bsgcore..customer_accounts ca WITH(NOLOCK)
				on  cm.customer_id = ca.customer_id  and cm.is_active =1 and ca.is_active=1
				 and ca.customer_id = @customerId				
				inner join 
				bsgcore..account_master am WITH(NOLOCK)
				on  ca.account_id = am.account_id and am.is_active=1
				and am.account_status_id <> 4
				where ca.customer_id = @customerId
			end 
			else if(@skipBranchFilter = 0)
			begin 
				select ca.classification_id, ca.account_no, am.account_id, cm.customer_id, am.account_status_id,
					isnull(case when cm.custome_type_code =1 then  
				(select top 1 aadhar_no  from bsgcrm..customer_ind_info  where customer_id=cm.customer_id and is_active=1)  
				else 'N/A' end ,'') aadhar_no, 
				isnull(case when cm.custome_type_code =1 then 
				(select top 1 pan_no  from bsgcrm..customer_ind_info  where customer_id=cm.customer_id and is_active=1)
				  else  (select top 1 pan_no  from bsgcrm..customer_corp_info  where customer_id=cm.customer_id and is_active=1) end,'' )pan_no,
				cm.registered_mobile_no,
				(select available_balance from BSGACCOUNTING..account_balance with (nolock) where account_id=ca.account_id  and txn_date = (
				select max(txn_date) from BSGACCOUNTING..account_balance with (nolock) where account_id=ca.account_id
				)) available_balance,
				 (select lien_amount from BSGACCOUNTING..account_balance with (nolock) where account_id=ca.account_id  and txn_date = (
				select max(txn_date) from BSGACCOUNTING..account_balance with (nolock) where account_id=ca.account_id
				)) lien_amount,cm.custome_type_code
				from bsgcrm..customer_master cm WITH(NOLOCK)
				inner join 
				bsgcore..customer_accounts ca WITH(NOLOCK)
				on  cm.customer_id = ca.customer_id  and cm.is_active =1 and ca.is_active=1
				 and ca.branch_code = @branchCode				
				inner join 
				bsgcore..account_master am WITH(NOLOCK)
				on  ca.account_id = am.account_id and am.is_active=1
				where ca.branch_code = @branchCode
			end 
			 

		END
		ELSE IF(@classificationId in (3, 6))
		BEGIN
			if(@skipAccountFilter = 0)
			begin 
				select ca.classification_id, ca.account_no, 
					isnull(case when cm.custome_type_code =1 then  
				(select top 1 aadhar_no  from bsgcrm..customer_ind_info  where customer_id=cm.customer_id and is_active=1)  
				else 'N/A' end ,'') aadhar_no, 
				isnull(case when cm.custome_type_code =1 then 
				(select top 1 pan_no  from bsgcrm..customer_ind_info  where customer_id=cm.customer_id and is_active=1)
				  else  (select top 1 pan_no  from bsgcrm..customer_corp_info  where customer_id=cm.customer_id and is_active=1) end,'' )pan_no,
				cm.registered_mobile_no,
				am.loan_account_id account_id, am.customer_no customer_id, am.loan_account_Status account_status_id, 
				ad.rate_of_interest,
				ad.offset,
				ad.loan_amount,		
				ab.checker_clear_balance,
				ab.available_dp,
				ab.available_balance,	
				ab.sanction_limit,
				ab.margin_amount,
				ab.margin_realised_amount,
				ab.disbursement_amount,
				ab.earmarked_amount,
				cm.custome_type_code
				from bsgcrm..customer_master cm WITH(NOLOCK)
				inner join 
				bsgcore..customer_accounts ca WITH(NOLOCK)
				on  cm.customer_id = ca.customer_id  and cm.is_active =1 and ca.is_active=1
				and ca.account_id = @accountId 
				 
				inner join 
				bsgloan..loan_account_master am WITH(NOLOCK)
				on  ca.account_id = am.loan_account_id and am.is_active=1
				inner join BSGLOAN..loan_account_basic ad WITH(NOLOCK)
				on am.loan_account_id = ad.loan_account_id and ad.is_active = 1
				--left outer join 
				--bsgcrm..customer_ind_info cii WITH(NOLOCK)
				--on  cm.customer_id = cii.customer_id and cii.is_active=1
				--left outer join 
				--BSGCRM..customer_corp_info cci WITH(NOLOCK)
				--on cm.customer_id = cci.customer_id and cci.is_active=1
				left join (select ab.* from BSGACCOUNTING..account_balance_loan ab WITH(NOLOCK)
				inner join 
					(SELECT loan_account_id,MAX(txn_date)  txn_date
					FROM BSGACCOUNTING.dbo.account_balance_loan WITH(NOLOCK)
					where loan_account_id = @accountId
					group by loan_account_id
					)a
				on 
					ab.loan_account_id = a.loan_account_id
				and 
					ab.txn_date = a.txn_date
				)ab 
				on am.loan_account_id = ab.loan_account_id
				
				where   ca.account_id = @accountId 
			end
			else if(@skipCustomerFilter = 0)
			begin 
				select ca.classification_id, ca.account_no, 
					isnull(case when cm.custome_type_code =1 then  
				(select top 1 aadhar_no  from bsgcrm..customer_ind_info  where customer_id=cm.customer_id and is_active=1)  
				else 'N/A' end ,'') aadhar_no, 
				isnull(case when cm.custome_type_code =1 then 
				(select top 1 pan_no  from bsgcrm..customer_ind_info  where customer_id=cm.customer_id and is_active=1)
				  else  (select top 1 pan_no  from bsgcrm..customer_corp_info  where customer_id=cm.customer_id and is_active=1) end,'' )pan_no,
				cm.registered_mobile_no,
				am.loan_account_id account_id, am.customer_no customer_id, am.loan_account_Status account_status_id, 
				ad.rate_of_interest,
				ad.offset,
				ad.loan_amount,		
				ab.checker_clear_balance,
				ab.available_dp,
				ab.available_balance,	
				ab.sanction_limit,
				ab.margin_amount,
				ab.margin_realised_amount,
				ab.disbursement_amount,
				ab.earmarked_amount,
				cm.custome_type_code
				from bsgcrm..customer_master cm WITH(NOLOCK)
				inner join 
				bsgcore..customer_accounts ca WITH(NOLOCK)
				on  cm.customer_id = ca.customer_id  and cm.is_active =1 and ca.is_active=1
				and ca.customer_id = @customerId
				inner join 
				bsgloan..loan_account_master am WITH(NOLOCK)
				on  ca.account_id = am.loan_account_id and am.is_active=1
				and am.loan_account_Status <> 2
				inner join BSGLOAN..loan_account_basic ad WITH(NOLOCK)
				on am.loan_account_id = ad.loan_account_id and ad.is_active = 1
				 
				left join BSGACCOUNTING..account_balance_loan ab WITH(NOLOCK)
				on am.loan_account_id = ab.loan_account_id
				and ab.txn_date = (SELECT MAX(txn_date) 
					FROM BSGACCOUNTING.dbo.account_balance_loan WITH(NOLOCK) 
					WHERE loan_account_id = am.loan_account_id and is_active = 1)
				where   ca.customer_id = @customerId
			end
			else if(@skipBranchFilter = 0)
			begin 
				select ca.classification_id, ca.account_no, 
					isnull(case when cm.custome_type_code =1 then  
				(select top 1 aadhar_no  from bsgcrm..customer_ind_info  where customer_id=cm.customer_id and is_active=1)  
				else 'N/A' end ,'') aadhar_no, 
				isnull(case when cm.custome_type_code =1 then 
				(select top 1 pan_no  from bsgcrm..customer_ind_info  where customer_id=cm.customer_id and is_active=1)
				  else  (select top 1 pan_no  from bsgcrm..customer_corp_info  where customer_id=cm.customer_id and is_active=1) end,'' )pan_no,
				cm.registered_mobile_no,
				am.loan_account_id account_id, am.customer_no customer_id, am.loan_account_Status account_status_id, 
				ad.rate_of_interest,
				ad.offset,
				ad.loan_amount,		
				ab.checker_clear_balance,
				ab.available_dp,
				ab.available_balance,	
				ab.sanction_limit,
				ab.margin_amount,
				ab.margin_realised_amount,
				ab.disbursement_amount,
				ab.earmarked_amount,
				cm.custome_type_code
				from bsgcrm..customer_master cm WITH(NOLOCK)
				inner join 
				bsgcore..customer_accounts ca WITH(NOLOCK)
				on  cm.customer_id = ca.customer_id  and cm.is_active =1 and ca.is_active=1
				and ca.branch_code = @branchCode
				inner join 
				bsgloan..loan_account_master am WITH(NOLOCK)
				on  ca.account_id = am.loan_account_id and am.is_active=1

				inner join BSGLOAN..loan_account_basic ad WITH(NOLOCK)
				on am.loan_account_id = ad.loan_account_id and ad.is_active = 1
				 
				left join BSGACCOUNTING..account_balance_loan ab WITH(NOLOCK)
				on am.loan_account_id = ab.loan_account_id
				and ab.txn_date = (SELECT MAX(txn_date) 
					FROM BSGACCOUNTING.dbo.account_balance_loan WITH(NOLOCK) 
					WHERE loan_account_id = am.loan_account_id and is_active = 1)
				where   ca.branch_code = @branchCode
			end
		END
		ELSE IF(@classificationId in (4))
		BEGIN
			if(@skipAccountFilter = 0)
			begin
				select ca.classification_id, ca.account_no, tam.td_account_id account_id, cm.customer_id, tam.account_status_id,
			isnull(case when cm.custome_type_code =1 then  cii.aadhar_no else 'N/A' end ,'') aadhar_no, 
			isnull(case when cm.custome_type_code =1 then  cii.pan_no else cci.pan_no end,'' )pan_no,
			cm.registered_mobile_no, tam.td_amount tam_td_amount, tam.maturity_amount, 
			tadd.td_amount tadd_td_amount, tadd.computed_amount, tadd.maturity_date, 
			abt.checker_clear_balance, abt.available_balance, abt.interest_provided, 
			abt.interest_paid, abt.interest_payable, abt.previous_td_interest_payable, 
			isnull(tip.payment_mode, -1) payment_mode, isnull(tip.transfer_branch, -1) transfer_branch, 
			isnull(tip.transfer_account_id, -1) transfer_account_id, isnull(tip.beneficiary_ifsc, 'N/A') beneficiary_ifsc, 
			isnull(tip.beneficiary_account_no, 'N/A') beneficiary_account_no, isnull(tip.dd_po_payee_name, 'N/A') dd_po_payee_name, 
			cm.custome_type_code
			from bsgcrm..customer_master cm WITH(NOLOCK)
			inner join 
			bsgcore..customer_accounts ca WITH(NOLOCK)
			on  cm.customer_id = ca.customer_id  and cm.is_active =1 and ca.is_active=1
			 and ca.account_id = @accountId
			   
			inner join 
			bsgtd..td_account_master tam WITH(NOLOCK)
			on  ca.account_id = tam.td_account_id and tam.is_active=1
			inner join 
			BSGTD..td_account_deposit_details tadd WITH(NOLOCK)
			ON tam.td_account_id = tadd.td_account_id AND tadd.is_active = 1 
			left join 
			BSGTD..td_interest_payment tip WITH(NOLOCK)
			ON tam.td_account_id = tip.td_account_id AND tip.is_active = 1
			left outer join 
			bsgcrm..customer_ind_info  cii WITH(NOLOCK)
			on  cm.customer_id =  cii.customer_id and cii.is_active=1
			left outer join 
			BSGCRM..customer_corp_info cci WITH(NOLOCK)
			on cm.customer_id = cci.customer_id and cci.is_active=1
			left join
			BSGACCOUNTING..account_balance_td abt WITH(NOLOCK)
			on tam.td_account_id = abt.td_account_id
			and abt.id = (SELECT MAX(id)
			FROM BSGACCOUNTING.dbo.account_balance_td WITH(NOLOCK)
			WHERE td_account_id = tam.td_account_id)
			where   ca.account_id = @accountId;
			end 
			else if(@skipCustomerFilter = 0)
			begin
					select ca.classification_id, ca.account_no, tam.td_account_id account_id, cm.customer_id, tam.account_status_id,
				isnull(case when cm.custome_type_code =1 then  cii.aadhar_no else 'N/A' end ,'') aadhar_no, 
				isnull(case when cm.custome_type_code =1 then  cii.pan_no else cci.pan_no end,'' )pan_no,
				cm.registered_mobile_no, tam.td_amount tam_td_amount, tam.maturity_amount, 
				tadd.td_amount tadd_td_amount, tadd.computed_amount, tadd.maturity_date, 
				abt.checker_clear_balance, abt.available_balance, abt.interest_provided, 
				abt.interest_paid, abt.interest_payable, abt.previous_td_interest_payable, 
				isnull(tip.payment_mode, -1) payment_mode, isnull(tip.transfer_branch, -1) transfer_branch, 
				isnull(tip.transfer_account_id, -1) transfer_account_id, isnull(tip.beneficiary_ifsc, 'N/A') beneficiary_ifsc, 
				isnull(tip.beneficiary_account_no, 'N/A') beneficiary_account_no, isnull(tip.dd_po_payee_name, 'N/A') dd_po_payee_name, 
				cm.custome_type_code
				from bsgcrm..customer_master cm WITH(NOLOCK)
				inner join 
				bsgcore..customer_accounts ca WITH(NOLOCK)
				on  cm.customer_id = ca.customer_id  and cm.is_active =1 and ca.is_active=1
				 and  ca.customer_id = @customerId
				inner join 
				bsgtd..td_account_master tam WITH(NOLOCK)
				on  ca.account_id = tam.td_account_id and tam.is_active=1
				and tam.account_status_id<> 5
				inner join 
				BSGTD..td_account_deposit_details tadd WITH(NOLOCK)
				ON tam.td_account_id = tadd.td_account_id AND tadd.is_active = 1 
				left join 
				BSGTD..td_interest_payment tip WITH(NOLOCK)
				ON tam.td_account_id = tip.td_account_id AND tip.is_active = 1
				left outer join 
				bsgcrm..customer_ind_info  cii WITH(NOLOCK)
				on  cm.customer_id =  cii.customer_id and cii.is_active=1
				left outer join 
				BSGCRM..customer_corp_info cci WITH(NOLOCK)
				on cm.customer_id = cci.customer_id and cci.is_active=1
				left join
				BSGACCOUNTING..account_balance_td abt WITH(NOLOCK)
				on tam.td_account_id = abt.td_account_id
				and abt.id = (SELECT MAX(id)
				FROM BSGACCOUNTING.dbo.account_balance_td WITH(NOLOCK)
				WHERE td_account_id = tam.td_account_id)
				where   cm.customer_id = @customerId;
			end 
			else if(@skipBranchFilter = 0)
			begin
					select ca.classification_id, ca.account_no, tam.td_account_id account_id, cm.customer_id, tam.account_status_id,
				isnull(case when cm.custome_type_code =1 then  cii.aadhar_no else 'N/A' end ,'') aadhar_no, 
				isnull(case when cm.custome_type_code =1 then  cii.pan_no else cci.pan_no end,'' )pan_no,
				cm.registered_mobile_no, tam.td_amount tam_td_amount, tam.maturity_amount, 
				tadd.td_amount tadd_td_amount, tadd.computed_amount, tadd.maturity_date, 
				abt.checker_clear_balance, abt.available_balance, abt.interest_provided, 
				abt.interest_paid, abt.interest_payable, abt.previous_td_interest_payable, 
				isnull(tip.payment_mode, -1) payment_mode, isnull(tip.transfer_branch, -1) transfer_branch, 
				isnull(tip.transfer_account_id, -1) transfer_account_id, isnull(tip.beneficiary_ifsc, 'N/A') beneficiary_ifsc, 
				isnull(tip.beneficiary_account_no, 'N/A') beneficiary_account_no, isnull(tip.dd_po_payee_name, 'N/A') dd_po_payee_name, 
				cm.custome_type_code
				from bsgcrm..customer_master cm WITH(NOLOCK)
				inner join 
				bsgcore..customer_accounts ca WITH(NOLOCK)
				on  cm.customer_id = ca.customer_id  and cm.is_active =1 and ca.is_active=1
				 and  ca.branch_code = @branchCode
				inner join 
				bsgtd..td_account_master tam WITH(NOLOCK)
				on  ca.account_id = tam.td_account_id and tam.is_active=1
				inner join 
				BSGTD..td_account_deposit_details tadd WITH(NOLOCK)
				ON tam.td_account_id = tadd.td_account_id AND tadd.is_active = 1 
				left join 
				BSGTD..td_interest_payment tip WITH(NOLOCK)
				ON tam.td_account_id = tip.td_account_id AND tip.is_active = 1
				left outer join 
				bsgcrm..customer_ind_info  cii WITH(NOLOCK)
				on  cm.customer_id =  cii.customer_id and cii.is_active=1
				left outer join 
				BSGCRM..customer_corp_info cci WITH(NOLOCK)
				on cm.customer_id = cci.customer_id and cci.is_active=1
				left join
				BSGACCOUNTING..account_balance_td abt WITH(NOLOCK)
				on tam.td_account_id = abt.td_account_id
				and abt.id = (SELECT MAX(id)
				FROM BSGACCOUNTING.dbo.account_balance_td WITH(NOLOCK)
				WHERE td_account_id = tam.td_account_id)
				where   ca.branch_code = @branchCode;
			end 
			 
		END
	END
    ELSE IF(@interestApplication=1)
    BEGIN
		if(@classificationId in (1, 2))
		BEGIN
			select DISTINCT 
			ca.classification_id, ca.account_no, am.account_id, cm.customer_id, am.account_status_id,
			isnull(case when cm.custome_type_code =1 then  cii.aadhar_no else 'N/A' end ,'') aadhar_no, 
			isnull(case when cm.custome_type_code =1 then  cii.pan_no else cci.pan_no end,'') pan_no,
			cm.registered_mobile_no, ab.available_balance,
			ab.lien_amount,cm.custome_type_code
			from BSGACCOUNTING..td_interest_application tia WITH(NOLOCK)
			inner join bsgcore..customer_accounts ca WITH(NOLOCK)
			on tia.transfer_account_id = ca.account_id and tia.current_interest> 0 and ca.is_active =1
			inner join bsgcrm..customer_master cm WITH(NOLOCK)
			on cm.customer_id = ca.customer_id   and cm.is_active=1  
			inner join bsgcore..account_master am WITH(NOLOCK)
			on  ca.account_id = am.account_id and am.is_active=1
			left outer join 
			bsgcrm..customer_ind_info cii WITH(NOLOCK)
			on  cm.customer_id =  cii.customer_id and cii.is_active=1
			left outer join 
			BSGCRM..customer_corp_info cci WITH(NOLOCK)
			on cm.customer_id = cci.customer_id and cci.is_active=1
			left join
			BSGACCOUNTING..account_balance ab WITH(NOLOCK)
			on am.account_id = ab.account_id
			and ab.txn_date = (SELECT MAX(txn_date)
			FROM BSGACCOUNTING.dbo.account_balance WITH(NOLOCK)
			WHERE account_id = am.account_id and is_active = 1)

		END
		ELSE IF(@classificationId in (3, 6))
		BEGIN
			select DISTINCT 
			ca.classification_id, ca.account_no, 
			isnull(case when cm.custome_type_code =1 then  cii.aadhar_no else 'N/A' end ,'') aadhar_no, 
			isnull(case when cm.custome_type_code =1 then  cii.pan_no else cci.pan_no end,'') pan_no,			
			cm.registered_mobile_no,
			am.loan_account_id account_id, am.customer_no customer_id, am.loan_account_Status account_status_id, 
			ad.rate_of_interest,
			ad.offset,
			ad.loan_amount,		
			ab.checker_clear_balance,
			ab.available_dp,
			ab.available_balance,	
			ab.sanction_limit,
			ab.margin_amount,
			ab.margin_realised_amount,
			ab.disbursement_amount,
			ab.earmarked_amount,
			cm.custome_type_code
			from BSGACCOUNTING..td_interest_application tia WITH(NOLOCK)
			inner join bsgcore..customer_accounts ca WITH(NOLOCK)
			on tia.transfer_account_id = ca.account_id and tia.current_interest> 0 and ca.is_active =1
			inner join bsgcrm..customer_master cm WITH(NOLOCK)
			on cm.customer_id = ca.customer_id   and cm.is_active=1  
			inner join bsgloan..loan_account_master am WITH(NOLOCK)
			on  ca.account_id = am.loan_account_id and am.is_active=1
			inner join BSGLOAN..loan_account_basic ad WITH(NOLOCK)
			on am.loan_account_id = ad.loan_account_id and ad.is_active = 1
			left outer join 
			bsgcrm..customer_ind_info cii WITH(NOLOCK)
			on  cm.customer_id =  cii.customer_id and cii.is_active=1
			left outer join 
			BSGCRM..customer_corp_info cci WITH(NOLOCK)
			on cm.customer_id = cci.customer_id and cci.is_active=1
			left join
			BSGACCOUNTING..account_balance_loan ab WITH(NOLOCK)
			on am.loan_account_id = ab.loan_account_id
			and ab.txn_date = (SELECT MAX(txn_date)
			FROM BSGACCOUNTING.dbo.account_balance_loan WITH(NOLOCK) 
			WHERE loan_account_id = am.loan_account_id and is_active = 1)	
		END
		ELSE IF(@classificationId in (4))
		BEGIN
			select ca.classification_id, ca.account_no, tam.td_account_id account_id, cm.customer_id, tam.account_status_id,
			isnull(case when cm.custome_type_code =1 then  cii.aadhar_no else 'N/A' end ,'') aadhar_no, 
			isnull(case when cm.custome_type_code =1 then  cii.pan_no else cci.pan_no end,'' )pan_no,
			cm.registered_mobile_no, tam.td_amount tam_td_amount, tam.maturity_amount, 
			tadd.td_amount tadd_td_amount, tadd.computed_amount, tadd.maturity_date, 
			abt.checker_clear_balance, abt.available_balance, abt.interest_provided, 
			abt.interest_paid, abt.interest_payable, abt.previous_td_interest_payable, 
			isnull(tip.payment_mode, -1) payment_mode, isnull(tip.transfer_branch, -1) transfer_branch, 
			isnull(tip.transfer_account_id, -1) transfer_account_id, isnull(tip.beneficiary_ifsc, 'N/A') beneficiary_ifsc, 
			isnull(tip.beneficiary_account_no, 'N/A') beneficiary_account_no, isnull(tip.dd_po_payee_name, 'N/A') dd_po_payee_name, 
			cm.custome_type_code
			from BSGACCOUNTING..td_interest_application tia WITH(NOLOCK)
			inner join bsgcore..customer_accounts ca WITH(NOLOCK)
			on tia.td_account_id = ca.account_id 
			and (@skipBranchFilter = 1 or tia.branch_code = @branchCode) 
			and (tia.current_interest > 0 or tia.current_interest = -1 or (tia.interest_date = (SELECT app_date FROM BSGACCOUNTING..cbs_application_date WHERE is_active = 1) AND tia.current_interest = 0)) 
			and (((tia.payment_mode <> -2 OR tia.payment_mode IS NULL) AND @isVerify = 0) OR (@isVerify = 1 AND tia.payment_mode > 0)) 
			and ca.is_active = 1
			inner join bsgcrm..customer_master cm WITH(NOLOCK)
			on cm.customer_id = ca.customer_id   and cm.is_active=1  
			inner join 
			bsgtd..td_account_master tam WITH(NOLOCK)
			on  ca.account_id = tam.td_account_id and tam.is_active=1
			inner join 
			BSGTD..td_account_deposit_details tadd WITH(NOLOCK)
			ON tam.td_account_id = tadd.td_account_id AND tadd.is_active = 1 
			left join 
			BSGTD..td_interest_payment tip WITH(NOLOCK)
			ON tam.td_account_id = tip.td_account_id AND tip.is_active = 1
			left outer join 
			bsgcrm..customer_ind_info  cii WITH(NOLOCK)
			on  cm.customer_id =  cii.customer_id and cii.is_active=1
			left outer join 
			BSGCRM..customer_corp_info cci WITH(NOLOCK)
			on cm.customer_id = cci.customer_id and cci.is_active=1
			left join
			BSGACCOUNTING..account_balance_td abt WITH(NOLOCK)
			on tam.td_account_id = abt.td_account_id
			and abt.id = (SELECT MAX(id)
			FROM BSGACCOUNTING.dbo.account_balance_td WITH(NOLOCK)
			WHERE td_account_id = tam.td_account_id);
		END
    END
END

"
68,sp_get_accounts_for_debitcard_charges,"CREATE   procedure [dbo].[sp_get_accounts_for_debitcard_charges] -- sp_get_accounts_for_debitcard_charges -1, -1
@branchCode int,
@classificationId int
as 
begin

declare @casaChargeActivityId int
declare @ccChargeActivityId int
declare @chargeType int

set @ccChargeActivityId = 11073
set @casaChargeActivityId = 11071
set @chargeType = 22

truncate table bsgaccounting..debitcard_charges_on_accounts;

insert into bsgaccounting..debitcard_charges_on_accounts (
	account_id,
	branch_code,
	product_code,
	product_id,
	classification_id,
	account_balance
	--charge_per_transaction,
	--min_folio_charge,
	--charge_amount,
	--cgst_amount,
	--sgst_amount,
	--cgst_internal_product_id,
	--sgst_internal_product_id,
	--charges_pl_product_id,
	--charges_pl_account_id,
)
select account_id, branch_code, product_code, product_id, classification_id, 0.00 as balance
from (
select ca.account_id, ca.branch_code, 
case ca.classification_id 
	when 1 then (select top 1 product_code from BSGCORE..account_master am where am.account_id = ca.account_id and is_active=1)
	when 2 then (select top 1 product_code from BSGCORE..account_master am where am.account_id = ca.account_id and is_active=1)
	when 6 then (select top 1 loan_product_code from bsgloan..loan_account_master lam where lam.loan_account_id = ca.account_id and is_active=1)
	else -1
end as product_code,
case ca.classification_id 
	when 1 then (select top 1 product_id from BSGCORE..account_master am where am.account_id = ca.account_id and is_active=1)
	when 2 then (select top 1 product_id from BSGCORE..account_master am where am.account_id = ca.account_id and is_active=1)
	when 6 then (select top 1 loan_product_id from bsgloan..loan_account_master lam where lam.loan_account_id = ca.account_id and is_active=1)
	else -1
end as product_id,
ca.classification_id
from bsgcore..customer_accounts ca 
where 1=1 --conditions to identify Customer Non System Transactions
and ((@classificationId = -1 and ca.classification_id in(1,2,6)) or ca.classification_id = @classificationId)
and (@branchCode=-1 or ca.branch_code = @branchCode)
and ca.account_id in 
(
	select account_id from bsgcore..account_master where account_status_id <> 4 and is_active=1
	union all
	select loan_account_id from bsgloan..loan_account_master where loan_account_status <> 2 and is_active=1
)
and ca.account_no in 
(
	select right(acc_no,15) acc_no from bsgcore..account_no_card
)
) A
group by A.account_id, A.branch_code, A.classification_id,
A.product_code, A.product_id


-- update account_balance
-- casa
update fc
set fc.account_balance = ab.available_balance-ab.lien_amount
from BSGACCOUNTING..debitcard_charges_on_accounts fc
inner join BSGACCOUNTING..account_balance ab
on fc.account_id = ab.account_id
where classification_id in (1,2)
and txn_date = (select max(txn_date) from BSGACCOUNTING..account_balance where account_id = ab.account_id)
-- cc
update fc
set fc.account_balance = ab.available_balance
from BSGACCOUNTING..debitcard_charges_on_accounts fc
inner join BSGACCOUNTING..account_balance_loan ab
on fc.account_id = ab.loan_account_id
where classification_id in (6)
and txn_date = (select max(txn_date) from BSGACCOUNTING..account_balance_loan where loan_account_id = ab.loan_account_id)


---- Query to update min charge amount, charge per trans, pl_account_id, pl_product_id, cgst and sgst internal_product_id

update bsgaccounting..debitcard_charges_on_accounts
set cgst_internal_product_id = 
	(
		select 
			internal_product_id 
		from 
			bsgcore..product_master_internal 
		where 
			product_code = (select config_value from bsgadmin..cbs_config where config_key = 'CGST_PRODUCT')
			and branch_code = debitcard_charges_on_accounts.branch_code
			and is_active=1
	) ,--as cgst_internal_product_id,
	sgst_internal_product_id = (
		select 
			internal_product_id 
		from 
			bsgcore..product_master_internal 
		where 
			product_code = (select config_value from bsgadmin..cbs_config where config_key = 'SGST_PRODUCT')
			and branch_code = debitcard_charges_on_accounts.branch_code
			and is_active=1
	) ,--as sgst_internal_product_id,
	charges_pl_product_id = (
		select 
			internal_product_id 
		from 
			bsgcore..product_master_internal 
		where 
			product_code = (select config_value from bsgadmin..cbs_config where config_key = 'PL_PRODUCT_CODE')
			and branch_code = debitcard_charges_on_accounts.branch_code
			and is_active=1
	) ,--as charges_internal_product_id,
	charges_pl_account_id = (
		select --pl_account_id, ca.account_id, ca.account_no
		(select account_id from bsgcore..customer_accounts where account_no = right('0000'+cast(debitcard_charges_on_accounts.branch_code as varchar),4)+substring(ca.account_no,5,11)) as charge_internal_account_id
		from bsgremittance..external_product_charges epc
		inner join bsgcore..customer_accounts ca
		on epc.pl_account_id = ca.account_id
		where product_code = debitcard_charges_on_accounts.product_code
		and charge_type = @chargeType
	) ,--as charges_internal_account_id,
	charge_amount = ( 50
		-- Below Code commented after receiving fixed charges
		--select epc.charge_value
		--from bsgremittance..external_product_charges epc
		--inner join bsgcore..customer_accounts ca
		--on epc.pl_account_id = ca.account_id
		--where product_code = debitcard_charges_on_accounts.product_code
		--and charge_type = @chargeType
	)
	
	--- update cgst sgst amount
	update BSGACCOUNTING..debitcard_charges_on_accounts
	set 
	cgst_amount = 
	(
		select top 1 tax_percentage from bsgmaster..service_tax_master 
		where activity_id = (case debitcard_charges_on_accounts.classification_id when 1 then @casaChargeActivityId when 2 then @casaChargeActivityId when 6 then @ccChargeActivityId end)
		and tax_type=1
	)*charge_amount*0.01,
	sgst_amount = 
	(
		select top 1 tax_percentage from bsgmaster..service_tax_master 
		where activity_id = (case debitcard_charges_on_accounts.classification_id when 1 then @casaChargeActivityId when 2 then @casaChargeActivityId when 6 then @ccChargeActivityId end)
		and tax_type=2
	)*charge_amount*0.01

end


"
69,sp_get_accounts_for_folio_charges,"

-- =============================================
-- Author:		<Author,,gourav>
-- Create date: <Create Date,,>
-- Description:	<Description,,>
-- =============================================
CREATE   PROCEDURE [dbo].[sp_get_accounts_for_folio_charges] -- [sp_get_accounts_for_folio_charges] '2019-01-01','2019-03-31',9,9
@fromdate datetime,
@todate datetime,
@cgst decimal(18,2),
@sgst decimal(18,2)
AS
BEGIN
	
declare @cgstproduct nvarchar(10)
declare @sgstproduct nvarchar(10)	
select @cgstproduct = config_value from BSGADMIN..cbs_config  where config_key='CGST_PRODUCT' and is_active=1
	select @sgstproduct = config_value from BSGADMIN..cbs_config  where config_key='SGST_PRODUCT' and is_active=1

	 select 
		a.account_id,
		a.classification_id,
		a.customer_id,
		ceiling(count(1)  / 30.00) cnt,
		case when ceiling(count(1)  / 30.00)  = 0 then  75  - (ISNULL(a.percentage,0)* 75)/100
	else ceiling(count(1)  / 30.00)  * 90 - (ISNULL(a.percentage,0) * ceiling(count(1)  / 30.00)  * 90 )/100  end charges_amount 
		into #tempaccountids
	from 
	(select 
			ca.account_id,
			ca.classification_id,
			ca.customer_id,
			cfcd.percentage
	from 
	
		BSGCORE..customer_accounts ca 
	
	left outer join 
		BSGACCOUNTING..customer_folio_charges_discount cfcd
	on 
		ca.customer_id =cfcd.customer_id
	and 
		cfcd.is_active=1
	--and 
		--cfcd.percentage <> 100
	left outer join 
		BSGCORE..account_master am
	on 
		ca.account_id = am.account_id
	and 
		am.is_active = 1
	and 
		am.account_status_id NOT IN (4, 8)
	left outer join 
		BSGLOAN..loan_account_master lam
	on 
		ca.account_id = lam.loan_account_id
	and 
		lam.loan_account_status <> 2
	and 
		lam.is_active=1
	where 
		ca.classification_id in (1,6)
	and 
		ca.is_active=1
	and 
		isnull(am.account_id,lam.loan_account_id) is not null
	) a
	inner join 
	(select * from 	BSGACCOUNTING..transaction_master tm
	where 
		tm.txn_date>= @fromdate
	and 
		tm.txn_date <= @todate
	and is_active=1
	union all 
	select * from 	BSGDEEPFREEZE..transaction_master_df tm
	where 
		tm.txn_date>= @fromdate
	and 
		tm.txn_date <= @todate
	and 
		is_active=1
		)tm
	on 
		a.account_id = tm.account_id
	
	group by a.account_id,
		a.classification_id ,
		a.customer_id,
		a.percentage

	--select 
	--	c.*,
	--	DATEADD(day,spv.number,@fromdate) balance_date into #temp 
	--from 
	--	#tempaccountids c,
	--master..spt_values spv
	--where 
	--	spv.type = 'P'
	--and 
	--	DATEADD(day,spv.number,@fromdate) < @todate
	--and c.classification_id=1



	/*
select 
	*,
	case when cnt = 0 then 75 
	else cnt * 90  end charges_amount into #tempFinal
from (
		select tai.account_id,
	   tai.classification_id,
	   tai.cnt,
	   a.avg_available_balance,
case when a.avg_available_balance < 25000  then 0 
	 when a.avg_available_balance < 50000  then 3
	 when a.avg_available_balance < 75000 then 5
	 when a.avg_available_balance < 100000 then 10 
	 when a.avg_available_balance is null then 0
else cnt end discount
 from #tempaccountids tai
left outer join 
 (select 
	a.account_id,
	avg(ab.available_balance) avg_available_balance 
from
	 (select 
			t.account_id,
			t.balance_date,
			max(txn_date)txn_date 
	from #temp t
inner join 
	BSGACCOUNTING..account_balance ab
on 
	t.account_id  = ab.account_id
and 
	t.balance_date >= ab.txn_date
group by t.account_id,t.balance_date
)a
inner join 
	BSGACCOUNTING..account_balance ab
on 
	a.account_id = ab.account_id
and 
	a.txn_date = ab.txn_date
group by a.account_id
)a
on 
	tai.account_id = a.account_id
	)a
where case 
	when  (cnt-discount) * 60  <=  0 then 0
	when  (cnt-discount) * 60 >= 2500 then 2500
	when (cnt-discount) * 60 < 100 then 100
	else (cnt-discount) * 60 end > 0
	*/
	
	 insert into BSGACCOUNTING..[folio_charges_on_accounts]
	(account_id,branch_code,product_code,product_id,classification_id
	,account_balance,charge_amount,cgst_amount,sgst_amount,
	cgst_internal_product_id,sgst_internal_product_id,
	charges_pl_product_id,charges_pl_account_id,narration,information
	)
		
	select 
		tf.account_id,am.branch_code,pm.product_code,pm.product_id,tf.classification_id,
		ab.available_balance,tf.charges_amount, 
		isnull(cast((tf.charges_amount * @cgst)/100 as decimal(18,2)),0.00),
		isnull(cast(( tf.charges_amount * @cgst)/100 as decimal(18,2)),0.00),
	(select internal_product_id from BSGCORE..product_master_internal where product_code=@cgstproduct and branch_code=am.branch_code
	and is_active=1),
	(select internal_product_id from BSGCORE..product_master_internal where product_code=@sgstproduct and branch_code=am.branch_code
	and is_active=1),
	 (select internal_product_id from BSGCORE..product_master_internal where product_code=9000 and branch_code=am.branch_code
	and is_active=1),
	(select top 1 account_id from bsgcore..customer_accounts where account_no =  right('0000'+ cast(am.branch_code as nvarchar),4) + '90001001091'
	  and is_Active=1),

	 'Folio Charges '+ Datename(month,@fromdate) +' '+cast(year(@fromdate) as nvarchar)
		+' to ' + Datename(month,@todate) +' '+cast(year(@todate) as nvarchar),

		'Total Count :'+cast(cnt as varchar)
	from 
		#tempaccountids tf 		
	inner join 
		BSGCORE..account_master am
	on	
		tf.account_id = am.account_id
	and 
		am.is_active=1
		and tf.charges_amount  <> 0
	inner join 
		BSGCORE..product_master pm
	on 
		am.product_id = pm.product_id	
	and 
		pm.is_active=1
	inner join 
		BSGACCOUNTING..account_balance ab
	on 
		tf.account_id = ab.account_id
	inner join 
		(select account_id,max(txn_date) txn_date from BSGACCOUNTING..account_balance ab group by account_id)a
	on 
		ab.account_id = a.account_id
	and 
		ab.txn_date = a.txn_date
	where 
		tf.classification_id=1

	union all
			
	select 
		tf.account_id,am.branch_code,pm.product_code,pm.product_id,tf.classification_id,
		ab.available_balance,tf.charges_amount, 
		isnull(cast((tf.charges_amount * @cgst)/100 as decimal(18,2)),0.00),
		isnull(cast(( tf.charges_amount * @cgst)/100 as decimal(18,2)),0.00),
	(select internal_product_id from BSGCORE..product_master_internal where product_code=@cgstproduct and branch_code=am.branch_code
	and is_active=1),
	(select internal_product_id from BSGCORE..product_master_internal where product_code=@sgstproduct and branch_code=am.branch_code
	and is_active=1),
	 (select internal_product_id from BSGCORE..product_master_internal where product_code=9000 and branch_code=am.branch_code
	and is_active=1),
	(select top 1 account_id from bsgcore..customer_accounts where account_no =  right('0000'+ cast(am.branch_code as nvarchar),4) + '90001001116'
	  and is_Active=1),

	 'Folio Charges '+ Datename(month,@fromdate) +' '+cast(year(@fromdate) as nvarchar)
		+' to ' + Datename(month,@todate) +' '+cast(year(@todate) as nvarchar),
		'Total Count :'+cast(cnt as varchar)
	from 
		#tempaccountids tf 		
	inner join 
		bsgloan..loan_account_master am
	on	
		tf.account_id = am.loan_account_id
	and 
		am.is_active=1
	and tf.charges_amount  <> 0
	inner join 
		BSGCORE..product_master pm
	on 
		am.loan_product_id = pm.product_id	
	and
		pm.product_code <> 6009
	and 
		pm.is_active=1
	inner join 
		BSGACCOUNTING..account_balance_loan ab
	on 
		tf.account_id = ab.loan_account_id
	inner join 
		(select loan_account_id,max(txn_date) txn_date from BSGACCOUNTING..account_balance_loan ab group by loan_account_id)a
	on 
		ab.loan_account_id = a.loan_account_id
	and 
		ab.txn_date = a.txn_date
	where 
		tf.classification_id=6
		
END

"
70,sp_get_accounts_for_maintenance_charges,"CREATE   procedure [dbo].[sp_get_accounts_for_maintenance_charges]
@branchCode int,
@classificationId int
as 
begin
with cte as(
	select a.* from (select 
		ca.customer_id,ca.account_id,ca.branch_code,ca.classification_id,isnull(am.product_id,lam.loan_product_id) product_id,
		isnull(am.product_code,lam.loan_product_code) product_code,
		ROW_NUMBER() over (partition by ca.customer_id  order by ca.customer_id,ca.classification_id desc)  srno
	from 
		bsgcrm..customer_master cm
	inner join 
		bsgcore..customer_accounts ca 
	on 
		cm.customer_id = ca.customer_id
	and  
			isnull(rtrim(ltrim(cm.registered_mobile_no)) ,'N/A') <> 'N/A'	
	and 
		cm.is_active=1
	and 
		len(rtrim(ltrim(cm.registered_mobile_no))) > 9 
	and 
		rtrim(ltrim(cm.registered_mobile_no)) not in ('0000000000','9999999999')
	left join 
		BSGCORE..account_master am
	on 
		ca.account_id = am.account_id
	and
		am.is_active=1
	and 
		am.account_status_id not in (4,8)
	left join 
		bsgloan..loan_account_master lam
	on 
		ca.account_id = lam.loan_account_id
	and
		lam.is_active=1
	and 
		lam.loan_account_status <> 2
	where 
		ca.is_active =1 
	and 
		ca.classification_id in (1,2,6)
	and 
		isnull(am.account_id ,lam.loan_account_id) is not null
		)a
	where a.srno =1)
	, casabalance as (
	select ab.* from BSGACCOUNTING..account_balance ab
	inner join 
		(select account_id,max(txn_date) txn_date from BSGACCOUNTING..account_balance where account_id in 
		(select account_id from cte where classification_id in (1,2)) group by account_id)a
	on 
		ab.account_id = a.account_id
	and
		ab.txn_date = a.txn_date		
	),
	loanbalance as (
		select ab.* from BSGACCOUNTING..account_balance_loan ab
	inner join 
		(select loan_account_id,max(txn_date) txn_date from BSGACCOUNTING..account_balance_loan where loan_account_id in 
		(select account_id from cte where classification_id in (6)) group by loan_account_id)a
	on 
		ab.loan_account_id = a.loan_account_id
	and
		ab.txn_date = a.txn_date		
	)
	--select * from maintenance_charges_on_accounts

	

insert into bsgaccounting..maintenance_charges_on_accounts (
	account_id,
	branch_code,
	product_code,
	product_id,
	classification_id,
	account_balance,
	charge_amount,	 
	cgst_amount,
	sgst_amount,
	cgst_internal_product_id,
	sgst_internal_product_id,
	charges_pl_product_id,
	charges_pl_account_id
)
	select c.account_id,c.branch_code,c.product_code,c.product_id,c.classification_id
	,cb.available_balance,60,60*.09,60*.09,
	  (select internal_product_id from BSGCORE..product_master_internal where product_code=(select config_value from bsgadmin..cbs_config where config_key = 'CGST_PRODUCT' AND is_active = 1) and branch_code=c.branch_code
	and is_active=1),
	(select internal_product_id from BSGCORE..product_master_internal where product_code=(select config_value from bsgadmin..cbs_config where config_key = 'SGST_PRODUCT' AND is_active = 1) and branch_code=c.branch_code
	and is_active=1),
    (SELECT 
            internal_product_id
        FROM
            BSGCORE..product_master_internal
        WHERE
            product_code = 9000
                AND branch_code = c.branch_code
                AND is_active = 1),
    (SELECT 
           top 1  account_id
        FROM
            bsgcore..customer_accounts
        WHERE
            account_no = (SELECT top 1 
                    REPLACE(account_no,
                            LEFT(account_no, 4),
                            c.branch_code)
                FROM
                    BSGCORE..customer_accounts
                WHERE
                    account_id = 8726 AND is_Active = 1
               )
                AND is_Active = 1
       )
	 from cte c inner join  casabalance cb
	on 
		c.account_id = cb.account_id
	union all
	select c.account_id,c.branch_code,c.product_code,c.product_id,c.classification_id
	,cb.available_balance,60,60*.09,60*.09,
	  (select internal_product_id from BSGCORE..product_master_internal where product_code=(select config_value from bsgadmin..cbs_config where config_key = 'CGST_PRODUCT' AND is_active = 1) and branch_code=c.branch_code
	and is_active=1),
	(select internal_product_id from BSGCORE..product_master_internal where product_code=(select config_value from bsgadmin..cbs_config where config_key = 'SGST_PRODUCT' AND is_active = 1) and branch_code=c.branch_code
	and is_active=1),
    (SELECT 
            internal_product_id
        FROM
            BSGCORE..product_master_internal
        WHERE
            product_code = 9000
                AND branch_code = c.branch_code
                AND is_active = 1),
    (SELECT 
           top 1  account_id
        FROM
            bsgcore..customer_accounts
        WHERE
            account_no = (SELECT top 1 
                    REPLACE(account_no,
                            LEFT(account_no, 4),
                            c.branch_code)
                FROM
                    BSGCORE..customer_accounts
                WHERE
                    account_id = 8726 AND is_Active = 1
               )
                AND is_Active = 1
       )
	 from cte c inner join  loanbalance cb
	on 
		c.account_id = cb.loan_account_id

end

"
71,sp_get_accounts_for_maintenance_charges_old,"CREATE   procedure [dbo].[sp_get_accounts_for_maintenance_charges_old] -- sp_get_accounts_for_maintenance_charges -1, -1
@branchCode int,
@classificationId int
as 
begin

declare @casaChargeActivityId int
declare @ccChargeActivityId int
declare @chargeType int
declare @financialStartYear int = 2017


set @ccChargeActivityId = 11063
set @casaChargeActivityId = 11065
set @chargeType = 21

truncate table bsgaccounting..maintenance_charges_on_accounts;

insert into bsgaccounting..maintenance_charges_on_accounts (
	account_id,
	branch_code,
	product_code,
	product_id,
	classification_id,
	account_balance
	--charge_per_transaction,
	--min_folio_charge,
	--charge_amount,
	--cgst_amount,
	--sgst_amount,
	--cgst_internal_product_id,
	--sgst_internal_product_id,
	--charges_pl_product_id,
	--charges_pl_account_id,
)
select account_id, branch_code, product_code, product_id, classification_id, 0.00 as balance
from (
select ca.account_id, ca.branch_code, 
case ca.classification_id 
	when 1 then (select top 1 product_code from BSGCORE..account_master am where am.account_id = ca.account_id and is_active=1)
	when 2 then (select top 1 product_code from BSGCORE..account_master am where am.account_id = ca.account_id and is_active=1)
	when 6 then (select top 1 loan_product_code from bsgloan..loan_account_master lam where lam.loan_account_id = ca.account_id and is_active=1)
	else -1
end as product_code,
case ca.classification_id 
	when 1 then (select top 1 product_id from BSGCORE..account_master am where am.account_id = ca.account_id and is_active=1)
	when 2 then (select top 1 product_id from BSGCORE..account_master am where am.account_id = ca.account_id and is_active=1)
	when 6 then (select top 1 loan_product_id from bsgloan..loan_account_master lam where lam.loan_account_id = ca.account_id and is_active=1)
	else -1
end as product_id,
ca.classification_id
from bsgcore..customer_accounts ca 
where 1=1 --conditions to identify Customer Non System Transactions
and ((@classificationId = -1 and ca.classification_id in(1,2,6)) or ca.classification_id = @classificationId)
and (@branchCode=-1 or ca.branch_code = @branchCode)
and ca.account_id in 
(
	select account_id from bsgcore..account_master where account_status_id <> 4 and is_active=1
	union all
	select loan_account_id from bsgloan..loan_account_master where loan_account_status <> 2 and is_active=1
)
) A
group by A.account_id, A.branch_code, A.classification_id,
A.product_code, A.product_id


-- update account_balance
-- casa
update fc
set fc.account_balance = ab.available_balance-ab.lien_amount
from BSGACCOUNTING..maintenance_charges_on_accounts fc
inner join BSGACCOUNTING..account_balance ab
on fc.account_id = ab.account_id
where classification_id in (1,2)
and txn_date = (select max(txn_date) from BSGACCOUNTING..account_balance where account_id = ab.account_id)
-- cc
update fc
set fc.account_balance = ab.available_balance
from BSGACCOUNTING..maintenance_charges_on_accounts fc
inner join BSGACCOUNTING..account_balance_loan ab
on fc.account_id = ab.loan_account_id
where classification_id in (6)
and txn_date = (select max(txn_date) from BSGACCOUNTING..account_balance_loan where loan_account_id = ab.loan_account_id)


---- Query to update min charge amount, charge per trans, pl_account_id, pl_product_id, cgst and sgst internal_product_id

update bsgaccounting..maintenance_charges_on_accounts
set cgst_internal_product_id = 
	(
		select 
			internal_product_id 
		from 
			bsgcore..product_master_internal 
		where 
			product_code = (select config_value from bsgadmin..cbs_config where config_key = 'CGST_PRODUCT')
			and branch_code = maintenance_charges_on_accounts.branch_code
			and is_active=1
	) ,--as cgst_internal_product_id,
	sgst_internal_product_id = (
		select 
			internal_product_id 
		from 
			bsgcore..product_master_internal 
		where 
			product_code = (select config_value from bsgadmin..cbs_config where config_key = 'SGST_PRODUCT')
			and branch_code = maintenance_charges_on_accounts.branch_code
			and is_active=1
	) ,--as sgst_internal_product_id,
	charges_pl_product_id = (
		select 
			internal_product_id 
		from 
			bsgcore..product_master_internal 
		where 
			product_code = (select config_value from bsgadmin..cbs_config where config_key = 'PL_PRODUCT_CODE')
			and branch_code = maintenance_charges_on_accounts.branch_code
			and is_active=1
	) ,--as charges_internal_product_id,
	charges_pl_account_id = (
		select --pl_account_id, ca.account_id, ca.account_no
		(select account_id from bsgcore..customer_accounts where account_no = right('0000'+cast(maintenance_charges_on_accounts.branch_code as varchar),4)+substring(ca.account_no,5,11)) as charge_internal_account_id
		from bsgremittance..external_product_charges epc
		inner join bsgcore..customer_accounts ca
		on epc.pl_account_id = ca.account_id
		where product_code = maintenance_charges_on_accounts.product_code
		and charge_type = @chargeType
	) ,--as charges_internal_account_id,
	charge_amount = (
	-- Below Code commented after receiving fixed charges
		--select epc.charge_value
		--from bsgremittance..external_product_charges epc
		--inner join bsgcore..customer_accounts ca
		--on epc.pl_account_id = ca.account_id
		--where product_code = maintenance_charges_on_accounts.product_code
		--and charge_type = @chargeType
		case maintenance_charges_on_accounts.classification_id 
		when 1 then 
			(
				select 
				case dbo.fn_get_quarter_no(account_open_date,@financialStartYear) 
					when 1 then 200
					when 2 then 150
					when 3 then 100
					when 4 then 50
					else 200 -- Accounts opened before current financial year
					end as charge_amount 
				from BSGCORE..account_master
				where account_id = maintenance_charges_on_accounts.account_id and is_Active=1
			)
		when 2 then 
			(
				select 
				case dbo.fn_get_quarter_no(account_open_date,@financialStartYear) 
					when 1 then 60
					when 2 then 60
					when 3 then 30
					when 4 then 30
					else 60 -- Accounts opened before current financial year
					end as charge_amount
				from BSGCORE..account_master
				where account_id = maintenance_charges_on_accounts.account_id and is_Active=1
			)
		when 6 then 
			(
				select 
				case dbo.fn_get_quarter_no(date_of_account_opening,@financialStartYear) 
					when 1 then 200
					when 2 then 150
					when 3 then 100
					when 4 then 50
					else 200 -- Accounts opened before current financial year
					end as charge_amount
				from BSGLOAN..loan_account_master
				where loan_account_id = maintenance_charges_on_accounts.account_id and is_Active=1
			)
		end
	)
	
	--- update cgst sgst amount
	update BSGACCOUNTING..maintenance_charges_on_accounts
	set 
	cgst_amount = 
	(
		select top 1 tax_percentage from bsgmaster..service_tax_master 
		where activity_id = (case maintenance_charges_on_accounts.classification_id when 1 then @casaChargeActivityId when 2 then @casaChargeActivityId when 6 then @ccChargeActivityId end)
		and tax_type=1
	)*charge_amount*0.01,
	sgst_amount = 
	(
		select top 1 tax_percentage from bsgmaster..service_tax_master 
		where activity_id = (case maintenance_charges_on_accounts.classification_id when 1 then @casaChargeActivityId when 2 then @casaChargeActivityId when 6 then @ccChargeActivityId end)
		and tax_type=2
	)*charge_amount*0.01

end


"
72,sp_get_active_account_list_from_product,"-- Author - Abhishek
-- get the active account list for reschedule details
CREATE PROCEDURE [dbo].[sp_get_active_account_list_from_product] 
@productCode bigint
AS 
BEGIN

select loan_account_id from BSGLOAN..loan_account_master where
loan_account_id in (
select loan_account_id from loan_reschedule_account_list where is_active = 1
) and is_active = 1

/*
select loan_account_id from BSGLOAN..loan_account_master where
loan_product_id in (
select loan_product_id from BSGLOAN..loan_product_master where is_active = 1 and repayment_mode = 1

) and is_active = 1
and loan_type = 1
and loan_account_status <> 2
*/
--loan_product_code = @productCode and loan_account_status <> 2 and is_active = 1

END"
73,sp_get_atm_charges,"-- =============================================
-- Author:		<Author,,Name>
-- Create date: <Create Date,,>
-- Description:	<Description,,>
-- =============================================
CREATE   PROCEDURE [dbo].[sp_get_atm_charges]
	@txnDate date
AS
BEGIN
	
INSERT INTO bsgaccounting..debitcard_charges_on_accounts
(account_id,
branch_code,
product_code,
product_id,
classification_id,
account_balance,
charge_amount,
cgst_amount,
sgst_amount,
cgst_internal_product_id,
sgst_internal_product_id,
charges_pl_product_id,
charges_pl_account_id,
narration)
SELECT 
    am.account_id,
    am.branch_code,
    am.product_code,
    am.product_id,
    ca.classification_id,
    ab.checker_clear_balance,
    120,
	120*0.09,
    120*0.09,
     (select internal_product_id from BSGCORE..product_master_internal where product_code=(select config_value from bsgadmin..cbs_config where config_key = 'CGST_PRODUCT' AND is_active = 1) and branch_code=ca.branch_code
	and is_active=1),
	(select internal_product_id from BSGCORE..product_master_internal where product_code=(select config_value from bsgadmin..cbs_config where config_key = 'SGST_PRODUCT' AND is_active = 1) and branch_code=ca.branch_code
	and is_active=1),
    (SELECT 
            internal_product_id
        FROM
            BSGCORE..product_master_internal
        WHERE
            product_code = 9000
                AND branch_code = ca.branch_code
                AND is_active = 1),
    (SELECT 
           top 1  account_id
        FROM
            bsgcore..customer_accounts
        WHERE
            account_no = (SELECT top 1 
                    REPLACE(account_no,
                            LEFT(account_no, 4),
                            ca.branch_code)
                FROM
                    BSGCORE..customer_accounts
                WHERE
                    account_id = 9872 AND is_Active = 1
               )
                AND is_Active = 1
       ),
    CONCAT('Debit Card Charges - ',@txnDate)
FROM
    bsgcore..customer_accounts ca
        INNER JOIN
    bsgcore..account_master am ON ca.account_id = am.account_id
        INNER JOIN
    (SELECT 
        ab.account_id, MAX(txn_date) txn_date
    FROM
        bsgaccounting..account_balance ab
    WHERE
        ab.account_id IN (SELECT 
                account_id
            FROM
                bsgcore..customer_accounts
            WHERE
                account_no IN (SELECT 
                        account_no
                    FROM
                        bsgdeepfreeze..atm_charges_accounts
                    WHERE
                        classification_id IN (1 , 2)
                            AND is_active = 1))
    GROUP BY ab.account_id) a ON am.account_id = a.account_id
        INNER JOIN
    bsgaccounting..account_balance ab ON am.account_id = ab.account_id
        AND a.txn_date = ab.txn_date
WHERE
    ca.is_active = 1 AND am.is_active = 1
    and am.account_status_id not in (4,8)
union all
   
SELECT 
    am.loan_account_id,
    am.branch_code,
    am.loan_product_code,
    am.loan_product_id,
    ca.classification_id,
    ab.available_balance,
    120,
	120*0.09,
   120*0.09,
     (select internal_product_id from BSGCORE..product_master_internal where product_code=(select config_value from bsgadmin..cbs_config where config_key = 'CGST_PRODUCT' AND is_active = 1) and branch_code=ca.branch_code
	and is_active=1),
	(select internal_product_id from BSGCORE..product_master_internal where product_code=(select config_value from bsgadmin..cbs_config where config_key = 'SGST_PRODUCT' AND is_active = 1) and branch_code=ca.branch_code
	and is_active=1),
    (SELECT 
            internal_product_id
        FROM
            BSGCORE..product_master_internal
        WHERE
            product_code = 9000
                AND branch_code = ca.branch_code
                AND is_active = 1),
    (SELECT top 1  
            account_id
        FROM
            bsgcore..customer_accounts
        WHERE
            account_no = (SELECT top 1 
                    REPLACE(account_no,
                            LEFT(account_no, 4),
                            ca.branch_code)
                FROM
                    BSGCORE..customer_accounts
                WHERE
                    account_id = 9872 AND is_Active = 1
                )
                AND is_Active = 1
        ),
    CONCAT('Debit Card Charges - ',@txnDate)
FROM
    bsgcore..customer_accounts ca
        INNER JOIN
    bsgloan..loan_account_master am ON ca.account_id = am.loan_account_id
        INNER JOIN
    (SELECT 
        ab.loan_account_id, MAX(txn_date) txn_date
    FROM
        bsgaccounting..account_balance_loan ab
    WHERE
        ab.loan_account_id IN (SELECT 
                account_id
            FROM
                bsgcore..customer_accounts
            WHERE
                account_no IN (SELECT 
                        account_no
                    FROM
                        bsgdeepfreeze..atm_charges_accounts
                    WHERE
                        classification_id IN (6)
                            AND is_active = 1))
    GROUP BY ab.loan_account_id) a ON am.loan_account_id = a.loan_account_id
        INNER JOIN
    bsgaccounting..account_balance_loan ab ON am.loan_account_id = ab.loan_account_id
        AND a.txn_date = ab.txn_date
WHERE
    ca.is_active = 1 AND am.is_active = 1 and am.loan_account_status <> 2
;

   
END

"
74,sp_get_bsbda_product_id,"-- =============================================
-- Author:		<Author,,Shubham Bhalerao>
-- Create date: <Create Date,,31/10/2022>
-- Description:	<Description,,Get product id based on product code>
-- =============================================
CREATE    PROCEDURE [dbo].[sp_get_bsbda_product_id]
	
AS
BEGIN
SELECT DISTINCT pm.product_id from BSGCORE..product_master pm
INNER JOIN BSGCORE..bsbda_rule_config brc
ON pm.product_code = brc.product_code
WHERE pm.is_active = 1 AND brc.is_active = 1
END
"
75,sp_get_bsbda_rule_config,"-- =============================================
-- Author:		<Author,,Shubham Bhalerao>
-- Create date: <Create Date,,14/10/2022>
-- Description:	<Description,, Get BSBDA Rule Config>
-- =============================================
create    PROCEDURE [dbo].[sp_get_bsbda_rule_config]  -- [sp_get_bsbda_rule_config] 2501, 1
    @productCode bigint,
	@status int = null
AS
BEGIN

	SELECT id, product_code, rule_id, rule_value, frequency, transaction_nature, authorization_status, created_by, created_date,
	last_modified_by, last_modified_date, is_active FROM BSGCORE..bsbda_rule_config WHERE product_code =  @productCode
	AND is_active = 1


END
"
76,sp_get_count_non_empty_preprocessing_tables,"
-- =============================================
-- Author:		Siddharth Mangroliya
-- Create date: 27-Jan-2020
-- Description:	Get Non Empty Pre processing tables list
-- =============================================
CREATE     PROCEDURE [dbo].[sp_get_count_non_empty_preprocessing_tables] 
AS
BEGIN
	SET NOCOUNT ON;

	SELECT 'loan_interest_details' AS tables_name, COUNT(1) AS table_count FROM loan_interest_details HAVING COUNT(1) > 0 
	UNION ALL 
	SELECT 'td_interest_application', COUNT(1) FROM td_interest_application HAVING COUNT(1) > 0 
	UNION ALL 
	SELECT 'casa_interest_details', COUNT(1) FROM casa_interest_details  HAVING COUNT(1) > 0 
	UNION ALL 
	SELECT 'min_bal_charges_on_accounts', COUNT(1) FROM min_bal_charges_on_accounts HAVING COUNT(1) > 0 
	UNION ALL 
	SELECT 'folio_charges_on_accounts', COUNT(1) FROM folio_charges_on_accounts HAVING COUNT(1) > 0 
	UNION ALL 
	SELECT 'maintenance_charges_on_accounts', COUNT(1) FROM maintenance_charges_on_accounts HAVING COUNT(1) > 0 
	UNION ALL 
	SELECT 'inoperative_charges_on_accounts', COUNT(1) FROM inoperative_charges_on_accounts HAVING COUNT(1) > 0
	UNION ALL 
	SELECT 'interest_accural_pnr_pl_posting', COUNT(1) FROM interest_accrual_pnr_pl_posting HAVING COUNT(1) > 0;
END


"
77,sp_get_interest_recovery_amount,"-- =============================================
-- Author:		<Author,,Name>
-- Create date: <Create Date,,>
-- Description:	<Description,,>
-- =============================================
create    PROCEDURE [dbo].[sp_get_interest_recovery_amount] -- sp_get_interest_recovery_amount 10489958

@accountId bigint
AS
BEGIN

	DECLARE @cbsApplicationDate datetime = (select app_date from BSGACCOUNTING..cbs_application_date where is_active=1);
	DECLARE @modifiedby int = -1;
	DECLARE @accountOpenDate datetime = (select TOP 1 disbursement_date from bsgloan..loan_account_basic where is_Active=1 and loan_account_id=@accountId order by id desc); 
	DECLARE @minMonth int = 2;
	 

	print @cbsApplicationDate;
	print @accountOpenDate;
	print @minMonth;
	
	DECLARE @commitmentCharge decimal(18,2) = 
	(select case when round(isnull(lab.loan_amount*(lab.rate_of_interest+lab.offset)*@minMonth/1200,0),0)-
	isnull(sum(interest_amount),0) < 0 then 0
	else  round(isnull(lab.loan_amount*(lab.rate_of_interest+lab.offset)*@minMonth/1200,0),0)-
	isnull(sum(interest_amount),0) end
	from
	bsgloan..loan_account_master lam
inner join
	bsgloan..loan_account_basic lab
on	lam.loan_account_id=lab.loan_account_id and lam.is_active=1 and lab.is_active=1
	and lam.loan_account_id=@accountId
	and loan_product_code in (6026, 6100)
left join
	BSGACCOUNTING..interest_details id
on	lam.loan_account_id=id.account_id and id.is_active=1 and id.txn_date>=@accountOpenDate
	and activity_id in (6003,6005)
	group by lab.loan_amount,lab.rate_of_interest,lab.offset)

	SET @commitmentCharge = (select isnull(@commitmentCharge,0));
	SET @commitmentCharge = (select case when @commitmentCharge<0 then 0 else @commitmentCharge end); 
	PRINT @commitmentCharge;
	SELECT @commitmentCharge as interest_amount;

END

"
78,sp_get_loan_cc_accounts,"

CREATE PROCEDURE [dbo].[sp_get_loan_cc_accounts]  --[sp_get_loan_cc_accounts] @processing_type = 2 
@processing_type int = 1
as
BEGIN
SET NOCOUNT ON;
DECLARE @cbsDate Date =  (select app_date from BSGACCOUNTING..cbs_application_date where is_active = 1)

DECLARE @cnt bigint = (select count(1) from BSGACCOUNTING..loan_interest_details)

if(@cnt > 0)
BEGIN
BEGIN TRY
 THROW 50001, 'Loan Pre Processing Table should be empty', 1;
END TRY
BEGIN CATCH
	THROW; -- throw original error
END CATCH
END


if(@processing_type=1) -- Calender Quarter
BEGIN

insert into BSGACCOUNTING..loan_interest_details
select isnull(ca.customer_id,-1) customer_id, lam.loan_account_id,
ca.account_no,
lam.loan_type,
case when asset_classification >= 3 then 1 else 0 end,
lam.branch_code,
lam.loan_product_code,
lam.loan_product_id,
0,0,0,
interestpl.internal_product_id,
interestpl.internal_account_id,
penalinterestpl.internal_account_id,
penalinterestpl.internal_product_id,
0
from bsgloan..loan_account_master  lam 
inner join 
bsgloan..loan_product_master lpm 
on lam.loan_product_id = lpm.loan_product_id 
inner join bsgcore..account_master_internal penalinterestpl 
on penalinterestpl.internal_account_id = lpm.penal_interest_pl_account_id 
inner join bsgcore..account_master_internal interestpl 
on interestpl.internal_account_id = lpm.interest_income_pl_code 
inner join bsgcore..customer_accounts ca
on ca.account_id = lam.loan_account_id
where lam.is_active=1 and lpm.is_active=1 and penalinterestpl.is_active=1 and interestpl.is_active=1 
and lam.loan_account_status!=2 AND lam.is_bddr <> 1 and ca.is_active=1 
and (lpm.regular_interest_quarter_type =  1 or lam.loan_type = 2) -- calenderQuarter Loan Accounts and Cc Accounts
and lpm.interest_frequency <= CASE MONTH(@cbsDate) WHEN 3 THEN 4 
												   WHEN 9 THEN 3								   
												   WHEN 6 THEN 2
												   WHEN 12 THEN 2
												   ELSE 1 END;

END
ELSE if(@processing_type=2) -- Anniversary Quarter
BEGIN

declare @hoBranchCode varchar(10) = (select config_value from BSGADMIN..cbs_config where config_key = 'HO_BRANCH_ID');

declare @microFinanceProduct varchar(1000) = null;
set @microFinanceProduct = (select config_value from BSGADMIN..cbs_config where config_key = 'MICROFINANCE_PRODUCT');

IF OBJECT_ID(N'tempdb..#tempMFProduct') IS NOT NULL
	DROP TABLE #tempMFProduct; 

create table #tempMFProduct(
productCode int,
productDescription varchar(1000)
)
insert into #tempMFProduct
select productcode,product_description
from (
SELECT t.c.value('.', 'VARCHAR(1000)') productcode
                    FROM (
                            SELECT x = CAST('<t>' + 
                                REPLACE(@microFinanceProduct , ',', '</t><t>') + '</t>' AS XML)
                         ) a
                    CROSS APPLY x.nodes('/t') t(c) 
) a
inner join bsgcore..product_master pam
on
	a.productcode = pam.product_code
and
	pam.classification_id in (3)
and
	pam.is_active = 1
and
	pam.branch_code  = @hoBranchCode


DROP TABLE IF EXISTS #temp_anniversary_date
select isnull(ca.customer_id,-1) customer_id, lam.loan_account_id,
ca.account_no,
lam.loan_type,
case when asset_classification >= 3 then 1 else 0 end npa_flag,
lam.branch_code,
lam.loan_product_code,
lam.loan_product_id,
0 account_balance,
0 interest_amount,
0 penal_interest_amount,
interestpl.internal_product_id,
interestpl.internal_account_id,
penalinterestpl.internal_account_id penal_pl_account_id,
penalinterestpl.internal_product_id penal_pl_product_id,
0 is_processed
INTO #temp_anniversary_date
from bsgloan..loan_account_master  lam 
inner join 
bsgloan..loan_product_master lpm 
on lam.loan_product_id = lpm.loan_product_id 
inner join bsgcore..account_master_internal penalinterestpl 
on penalinterestpl.internal_account_id = lpm.penal_interest_pl_account_id 
inner join bsgcore..account_master_internal interestpl 
on interestpl.internal_account_id = lpm.interest_income_pl_code 
inner join bsgcore..customer_accounts ca
on ca.account_id = lam.loan_account_id
inner join (
select 
	lrc.loan_account_id,lrc.due_date,lrc.installment_no 
from
(
select
    loan_account_id,
    installment_no,
    MAX(id) id
from
    BSGACCOUNTING..loan_repayment_chart with(nolock)
group by
    loan_account_id,
   installment_no
)a
inner join BSGACCOUNTING..loan_repayment_chart lrc with(nolock)
    on lrc.loan_account_id = a.loan_account_id
        and lrc.installment_no = a.installment_no
            and lrc.id = a.id
where 
	lrc.due_date = @cbsDate
) lrc on lrc.loan_account_id = lam.loan_account_id
	and lrc.due_date = @cbsDate
inner join #tempMFProduct tmp
on
	lpm.loan_product_code = tmp.productCode
where lam.is_active=1 and lpm.is_active=1 and penalinterestpl.is_active=1 and interestpl.is_active=1 
and lam.loan_account_status!=2 AND lam.is_bddr <> 1 and ca.is_active=1 
and lpm.regular_interest_quarter_type = 2 -- Anniversary Date
and lam.loan_type = 1



DROP TABLE IF EXISTS #temp_limit_expired_accounts
SELECT ca.customer_id,lab.loan_account_id, ca.account_no, 
lam.loan_type,
case when lam.asset_classification >= 3 then 1 else 0 end npa_flag,
lam.branch_code,
lam.loan_product_code,
lam.loan_product_id,
0 account_balance,
0 interest_amount,
0 penal_interest_amount,
interestpl.internal_product_id,
interestpl.internal_account_id,
penalinterestpl.internal_account_id penal_pl_account_id,
penalinterestpl.internal_product_id penal_pl_product_id,
0 is_processed
INTO #temp_limit_expired_accounts
FROM BSGLOAN..loan_account_basic lab
INNER JOIN BSGLOAN..loan_account_master lam 
ON lab.loan_account_id = lam.loan_account_id 
INNER JOIN 
bsgloan..loan_product_master lpm 
ON lam.loan_product_id = lpm.loan_product_id 
INNER JOIN BSGCORE..customer_accounts ca
ON  ca.account_id = lam.loan_account_id
INNER JOIN bsgcore..account_master_internal interestpl 
ON interestpl.internal_account_id = lpm.interest_income_pl_code 
INNER JOIN bsgcore..account_master_internal penalinterestpl 
ON penalinterestpl.internal_account_id = lpm.penal_interest_pl_account_id 
WHERE CAST(lab.limit_expiry_date as date) < @cbsDate AND lam.loan_account_status != 2 
AND lab.is_active = 1 AND lam.is_active = 1 AND lam.loan_type = 1  AND lam.is_bddr <> 1
AND lpm.is_active = 1 AND lpm.repayment_mode = 1 AND lpm.regular_interest_quarter_type = 2
AND ca.is_active = 1 AND interestpl.is_active = 1 AND penalinterestpl.is_active = 1
AND (SELECT MAX(due_date) FROM BSGACCOUNTING..loan_repayment_chart lrc 
WHERE loan_account_id = lab.loan_account_id AND is_active = 1) < @cbsDate 


DROP TABLE IF EXISTS #templimitexpiredacrualdate
SELECT * ,ROW_NUMBER()OVER(partition by loan_account_id ORDER BY loan_account_id,acrrualdate) rnum
INTO #templimitexpiredacrualdate
FROM (
SELECT a.*,dateadd(d,-1,isnull(duedate,installmentStartdate)) txndate,isnull(lrc.duedate,a.installmentStartdate) startdatepart,
--CASE 
--     WHEN 
--         DATEADD(m,number,txndate) = eomonth(DATEADD(m,number,txndate) ) and isnull(lrc.duedate,a.installmentStartdate)= EOMONTH(isnull(lrc.duedate,a.installmentStartdate))
--     THEN 
--         eomonth(DATEADD(m,number,txndate)) 
--     ELSE 
--         CASE WHEN month(DATEADD(m,number,txndate)) = 1 and day(isnull(lrc.duedate,a.installmentStartdate)) >= 28 THEN eomonth(DATEADD(m,number,txndate)) 
--         ELSE    dateadd(dd,day(isnull(lrc.duedate,a.installmentStartdate)) - day(DATEADD(m,number,txndate))
--         ,DATEADD(month,1,cast(cast(year(DATEADD(m,number,txndate)) AS varchar) + '-' + cast(month(DATEADD(m,number,txndate)) AS varchar) +'-'+ 
--         cast(day(DATEADD(m,number,txndate)) AS varchar) AS date))) END END
DATEADD(d,number,isnull(duedate,installmentStartdate)) acrrualdate
--select *
FROM (
SELECT lam.loan_account_no,lam.loan_account_id
,lab.installment_start_date installmentStartdate
FROM bsgloan..loan_account_master lam
inner join #tempMFProduct tmp
on
	lam.loan_product_code = tmp.productCode
INNER JOIN bsgloan..loan_account_basic lab
ON
    lam.loan_account_id = lab.loan_account_id
INNER JOIN #temp_limit_expired_accounts tlea
ON tlea.loan_account_id = lab.loan_account_id
AND
    lam.is_active = 1 AND lab.is_active = 1 AND lam.loan_account_id = tlea.loan_account_id
) a
--LEFT JOIN (SELECT MAX(txn_date) txndate,account_id FROM BSGACCOUNTING..interest_details WHERE activity_id = 3004 and is_active = 1 GROUP BY account_id) b
--ON
--    a.loan_account_id = b.account_id
LEFT JOIN (SELECT MAX(due_Date) duedate,loan_account_id FROM  BSGACCOUNTING..loan_repayment_chart WHERE is_active = 1 GROUP BY loan_account_id) lrc
ON
    a.loan_account_id = lrc.loan_account_id
INNER JOIN master..spt_values spt
ON
    spt.type = 'P'
AND
    DATEADD(d,number,isnull(duedate,installmentStartdate)) <= @cbsDate AND spt.number > 0 and spt.number % 14 = 0) a WHERE a.acrrualdate = @cbsDate 


INSERT INTO BSGACCOUNTING..loan_interest_details
SELECT  customer_id, 
loan_account_id,
account_no,
loan_type,
npa_flag ,
branch_code,
loan_product_code,
loan_product_id,
account_balance,
interest_amount,
penal_interest_amount,
internal_product_id,
internal_account_id,
penal_pl_account_id,
penal_pl_product_id,
is_processed
FROM #temp_anniversary_date 
UNION ALL
SELECT tlea.customer_id,
tlea.loan_account_id, 
tlea.account_no, 
tlea.loan_type,
tlea.npa_flag,
tlea.branch_code,
tlea.loan_product_code,
tlea.loan_product_id,
tlea.account_balance,
tlea.interest_amount,
tlea.penal_interest_amount,
tlea.internal_product_id,
tlea.internal_account_id,
tlea.penal_pl_account_id,
tlea.penal_pl_product_id,
tlea.is_processed
FROM #temp_limit_expired_accounts tlea
INNER JOIN #templimitexpiredacrualdate tmp
ON tmp.loan_account_id = tlea.loan_account_id



END

-- CREATE INDEX id_loan_interest_index ON loan_interest_details(account_id,branch_code);


update  lid 
set lid.interest_amount = cast(isnull(ab.interest_accrual,0) as decimal(18,0)),
lid.penal_interest_amount = cast(isnull(ab.penal_interest_accrual,0) as decimal(18,0)),
lid.account_balance = isnull(ab.available_balance,0) 
from bsgaccounting..loan_interest_details lid
inner join 
bsgaccounting..account_balance_loan ab 
on 
	lid.account_id = ab.loan_account_id 
inner join 
	(select loan_account_id,max(txn_date) txn_date from bsgaccounting..account_balance_loan
	 where is_Active=1 group by loan_account_id 
	 ) a 
on  
	ab.loan_account_id = a.loan_account_id 
and  
	ab.txn_date = a.txn_date ;



UPDATE bsgaccounting..loan_interest_details SET interest_amount = 0 WHERE interest_amount < 0;
UPDATE bsgaccounting..loan_interest_details SET penal_interest_amount = 0 WHERE penal_interest_amount < 0;




END;
"
79,sp_get_old_account_list,"-- =============================================
-- Author:        <Author,,pankaj yadav>
-- Create date: <Create Date,,31/10/2022>
-- Description:    <Description,,Get old account number list>
-- =============================================
create PROCEDURE [dbo].[sp_get_old_account_list] --[sp_get_old_account_list]    
AS
BEGIN
select old_account_no account_number from BSGCORE..account_number_mapping where is_active = 1
END"
80,sp_get_overdue_details,"-- =============================================
-- Author:		Name
-- Create date: 
-- Description:	
-- =============================================
CREATE    PROCEDURE [dbo].[sp_get_overdue_details] 
	-- Add the parameters for the stored procedure here
	@CustomerId BIGINT
AS
BEGIN
	-- SET NOCOUNT ON added to prevent extra result sets from
	-- interfering with SELECT statements.
	SET NOCOUNT ON;
	SELECT lam.loan_account_no account_no, 
		   a.overdue_amount    overdue_amount
		FROM   bsgloan..loan_account_master lam 
			INNER JOIN bsgaccounting..account_balance_loan a 
				   ON
				   lam.customer_no = @CustomerId
					   AND lam.loan_account_id = a.loan_account_id 	
						AND lam.loan_account_status <> 2 
						AND lam.is_active = 1 
			INNER JOIN (SELECT loan_account_id, 
							  Max(txn_date) date 
					   FROM 
		   bsgaccounting..account_balance_loan 
					   GROUP  BY loan_account_id) c 
				   ON a.loan_account_id = c.loan_account_id 
					  AND a.txn_date = c.date;
END
"
81,sp_get_reschedule_product_list,"
create    PROCEDURE [dbo].[sp_get_reschedule_product_list]
@rescheduleId int
AS 
BEGIN

select 	
	lrpd.product_code loan_product_code,lpm.loan_product_description,lpm.repayment_mode
from
	loan_reschedule_product_details lrpd
		inner join (select distinct loan_product_code,loan_product_description,repayment_mode from BSGLOAN..loan_product_master where is_active = 1) lpm
			on lrpd.product_code = lpm.loan_product_code
where	
	lrpd.reschedule_id = @rescheduleId
	and lrpd.is_active = 1
	and lrpd.is_reschedule = 0 -- Product Which are pending for the reschedule

END
"
82,sp_getAccountDetails_UPI,"CREATE  procedure [dbo].[sp_getAccountDetails_UPI] --sp_getAccountDetails_UPI @accountNo='001001005016645',@panNo='N/A'
@accountNo nvarchar(50),
@panNo nvarchar(12)
as 
begin
set @panNo = 'N/A'
declare @classification_id int 
declare @account_id bigint
select *,
 case when   exists (select 1 from BSGCRM..customer_ind_info cii with(nolock)
 where  cii.customer_id = a.customer_id and cii.is_active=1 --and cii.pan_no = @panNo
 ) then 'PRIMARY' 
 else 'SECONDARY' end accountHolder
 from (
select
ca.customer_id,
 @accountNo --ca.account_no
 accountNumber,
 cm.full_name accountName,
 CASE WHEN ca.classification_id = 1 THEN 'CA'
	  when ca.classification_id =2  then 'SB'
	  when  classification_id=6 and (select is_secured from BSGLOAN..loan_product_master lpm with(nolock) where lpm.loan_product_id=lam.loan_product_id and lpm.is_active=1 ) =1 then 'SOD'
	  when  classification_id=6 and (select is_secured from BSGLOAN..loan_product_master lpm with(nolock) where lpm.loan_product_id=lam.loan_product_id and lpm.is_active=1 ) <>1 then 'UOD'
	  END accountType,
bm.ifsc_code accountIfsc, 
 case when classification_id in (1,2) and exists (select  1 from BSGCORE..account_jointmaster aj with(nolock)  where  aj.account_id = ca.account_id and is_active=1 ) then 'JOINT'
	  when 	classification_id in (6) and exists (select  1 from BSGLOAN..loan_account_jointmaster aj with(nolock)  where  aj.loan_account_id = ca.account_id and is_active=1 ) then 'JOINT'
	  else 'SINGLE' end  accountNature
,cm.registered_mobile_no

 , --@panNo 
 (select pan_no from BSGCRM..customer_ind_info cii with(nolock)
 where  cii.customer_id = cm.customer_id and cii.is_active=1 )panNo
 ,
 case when ca.classification_id in (1,2) and am.account_status_id in (1) then 'A'
		when ca.classification_id in (1,2) and am.account_status_id in (4) then 'C'
      when ca.classification_id in (6) and loan_account_status in (1) then 'A'
	 when ca.classification_id in (6) and loan_account_status in (2) then 'C'
	 else 'B' end accountStatus

 from BSGCRM..customer_master cm with(nolock)
inner join
	bsgcore..customer_accounts ca with(nolock)
on
	cm.customer_id = ca.customer_id
and
	cm.is_active=1
and
	ca.is_active=1
inner join
	BSGMASTER..branch_master bm with(nolock)
on
	ca.branch_code = bm.branch_code
and
	bm.is_active=1
 
left outer join
	bsgcore..account_master am with(nolock)
on
	ca.account_id = am.account_id
and
	ca.customer_id=am.customer_id
and
	am.is_active=1
left outer join
	BSGLOAN..loan_account_master lam with(nolock)
on
	ca.account_id = lam.loan_account_id
and
	ca.customer_id = lam.customer_no
and
	lam.is_active=1
where ca.account_no = cast(@accountNo as bigint)
and
	ca.classification_id in (1,2,6)
 )a
 where case when accountNature = 'SINGLE' and not exists (select 1 from BSGCRM..customer_ind_info cii  with(nolock)
 where  cii.customer_id = a.customer_id and cii.is_active=1 
 --and cii.pan_no = @panNo
 ) then 0 else 1 end = 1
end 

--select * from bsgcore..customer_accounts  where customer_id=510572 and classification_id in (1,2,6)

---- 1002005002718	1510
--select * from bsgcrm..customer_ind_info  where pan_no = 'AAZPN9193N'

---- AAZPN9193N

--sp_getAccountDetails_UPI '1005037000097','AAZPN9193N'

--select 2668,AHCPP9924D"
83,sp_getDetailsByTxnRefNo,"
-- ==========================================================================================
-- Author:		ASHISH L.
-- Create date: 2022-09-15
-- Description:	<Get Details By TxnRefNo For Duplicate>
-- exec sp_getDetailsByTxnRefNo 0
-- ==========================================================================================

create    PROCEDURE [dbo].[sp_getDetailsByTxnRefNo]

@txnRefNo varchar(20) = 0

AS
BEGIN

DECLARE @cbsAppDate DATETIME = (SELECT app_date FROM BSGACCOUNTING..cbs_application_date WITH(NOLOCK) WHERE is_active=1)

;WITH CTE as(
	SELECT 
		COUNT(1) duplicate_count, txn_ref_no, txn_date, narration, activity_id, account_no, txn_amount, txn_nature
	FROM BSGACCOUNTING..transaction_pending tp WITH(NOLOCK)
	INNER JOIN BSGCORE..customer_accounts ca WITH(NOLOCK)
	ON tp.account_id=ca.account_id
	AND tp.is_active=1
	WHERE ca.is_active=1
	GROUP BY txn_ref_no, txn_date, narration, activity_id, account_no, txn_amount, txn_nature
	HAVING COUNT(1)>1
)

SELECT 
	account_no, txn_nature, txn_amount amount, narration narration, activity_id, duplicate_count
FROM CTE

END;

 




"
84,sp_helpdiagramdefinition,"
	CREATE PROCEDURE dbo.sp_helpdiagramdefinition
	(
		@diagramname 	sysname,
		@owner_id	int	= null 		
	)
	WITH EXECUTE AS N'dbo'
	AS
	BEGIN
		set nocount on

		declare @theId 		int
		declare @IsDbo 		int
		declare @DiagId		int
		declare @UIDFound	int
	
		if(@diagramname is null)
		begin
			RAISERROR (N'E_INVALIDARG', 16, 1);
			return -1
		end
	
		execute as caller;
		select @theId = DATABASE_PRINCIPAL_ID();
		select @IsDbo = IS_MEMBER(N'db_owner');
		if(@owner_id is null)
			select @owner_id = @theId;
		revert; 
	
		select @DiagId = diagram_id, @UIDFound = principal_id from dbo.sysdiagrams where principal_id = @owner_id and name = @diagramname;
		if(@DiagId IS NULL or (@IsDbo = 0 and @UIDFound <> @theId ))
		begin
			RAISERROR ('Diagram does not exist or you do not have permission.', 16, 1);
			return -3
		end

		select version, definition FROM dbo.sysdiagrams where diagram_id = @DiagId ; 
		return 0
	END
	"
85,sp_helpdiagrams,"
	CREATE PROCEDURE dbo.sp_helpdiagrams
	(
		@diagramname sysname = NULL,
		@owner_id int = NULL
	)
	WITH EXECUTE AS N'dbo'
	AS
	BEGIN
		DECLARE @user sysname
		DECLARE @dboLogin bit
		EXECUTE AS CALLER;
			SET @user = USER_NAME();
			SET @dboLogin = CONVERT(bit,IS_MEMBER('db_owner'));
		REVERT;
		SELECT
			[Database] = DB_NAME(),
			[Name] = name,
			[ID] = diagram_id,
			[Owner] = USER_NAME(principal_id),
			[OwnerID] = principal_id
		FROM
			sysdiagrams
		WHERE
			(@dboLogin = 1 OR USER_NAME(principal_id) = @user) AND
			(@diagramname IS NULL OR name = @diagramname) AND
			(@owner_id IS NULL OR principal_id = @owner_id)
		ORDER BY
			4, 5, 1
	END
	"
86,sp_insert_casa_balances,"CREATE PROCEDURE [dbo].[sp_insert_casa_balances]  -- [sp_insert_casa_balances] '2023-06-23'
(
  @P_RUNDATE  DATE 
) AS 
BEGIN



MERGE bsgaccounting..account_balance AS target   
USING (
SELECT 
    distinct 
		ab.account_id, ab.day_open_balance, 
		ab.maker_clear_balance, ab.maker_unclear_balance, ab.checker_unclear_balance, ab.checker_clear_balance, ab.day_close_balance, ab.available_balance, 
		ab.interest_accrual, ab.sprinkle, ab.is_active, ab.created_by, ab.created_date, ab.last_modified_by, ab.last_modified_date, 
		@P_RUNDATE txn_date, ab.last_accrual_date, ab.lien_amount, 
		ab.encrypted_balance, ab.branch_code, ab.product_id, ab.tds_amount,  ab.lcy_amount
	--am.account_id,
 --   ISNULL(ab.day_open_balance, 0) day_open_balance,
 --   ISNULL(ab.maker_clear_balance, 0) maker_clear_balance,
 --   ISNULL(ab.maker_unclear_balance, 0) maker_unclear_balance,
 --   ISNULL(ab.checker_unclear_balance, 0) checker_unclear_balance,
 --   ISNULL(ab.checker_clear_balance, 0) checker_clear_balance,
 --   ISNULL(ab.day_close_balance, 0) day_close_balance,
 --   ISNULL(ab.available_balance, 0) available_balance,
 --   ISNULL(ab.interest_accrual,0) interest_accrual,
 --   ISNULL(ab.sprinkle, 'N/A') sprinkle,
 --   ISNULL(ab.is_active, 1) is_active,
 --   ISNULL(ab.created_by, -999) created_by,
 --   CURRENT_TIMESTAMP created_date,
 --   ISNULL(ab.last_modified_by, -1) last_modified_by,
 --   CURRENT_TIMESTAMP modified_by,
 --   @P_RUNDATE txn_date,
 --   ISNULL(ab.last_accrual_date, @P_RUNDATE) last_accrual_date,
 --   ISNULL(ab.encrypted_balance, 'N/A') encrypted_balance,
 --   ISNULL(ab.lien_amount, 0) lien_amount,
	--ab.branch_code, 
	--ab.product_id, 
	--ab.tds_amount, 
	--ab.fcy_currency, 
	--ab.lcy_amount, 
	--ab.fcy_exchange_rate,
	--ISNULL(ab.value_dated_interest_accrual, 0) value_dated_interest_accrual
FROM
     bsgcore..account_master am
        INNER JOIN bsgaccounting..account_balance ab  with (nolock)
            ON am.account_id = ab.account_id
        INNER JOIN
        (
            SELECT 
                account_id, MAX(txn_date) txn_date
            FROM
                bsgaccounting..account_balance with (nolock)
            WHERE
                txn_date <= @P_RUNDATE
            GROUP BY account_id
        ) a 
            ON ab.account_id = a.account_id AND ab.txn_date = a.txn_date
        LEFT OUTER JOIN bsgaccounting..account_balance abcurrent with (nolock)
            ON ab.account_id = abcurrent.account_id AND abcurrent.txn_date = @P_RUNDATE
WHERE
        am.account_status_id <> 4
        AND abcurrent.account_id IS NULL
        --and ab.interest_accrual > 0
		AND am.is_Active = 1
	)
	AS Source (account_id, day_open_balance, maker_clear_balance, maker_unclear_balance, checker_unclear_balance, checker_clear_balance, day_close_balance, available_balance, 
		interest_accrual, sprinkle, is_active, created_by, created_date, last_modified_by, last_modified_date, txn_date, last_accrual_date, lien_amount, 
		encrypted_balance, branch_code, product_id, tds_amount, lcy_amount)
 ON (target.account_id = source.account_id and target.txn_date=source.txn_Date) 
WHEN NOT MATCHED THEN  
  INSERT
	(	account_id, day_open_balance, maker_clear_balance, maker_unclear_balance, checker_unclear_balance, checker_clear_balance, day_close_balance, available_balance, 
		interest_accrual, sprinkle, is_active, created_by, created_date, last_modified_by, last_modified_date, txn_date, last_accrual_date, lien_amount, 
		encrypted_balance, branch_code, product_id, tds_amount, lcy_amount
	)
	VALUES(source.account_id, source.day_open_balance, source.maker_clear_balance, source.maker_unclear_balance, source.checker_unclear_balance, source.checker_clear_balance, source.day_close_balance, 
	source.available_balance,source.interest_accrual, source.sprinkle, source.is_active, source.created_by, source.created_date, source.last_modified_by, source.last_modified_date, source.txn_date, source.last_accrual_date, source.lien_amount,source.encrypted_balance, 
	source.branch_code, source.product_id, source.tds_amount, source.lcy_amount
	);


IF(
SELECT 
	COUNT(1)
FROM
	BSGCORE..account_master am
	 LEFT OUTER JOIN bsgaccounting..account_balance abcurrent with (nolock) ON am.account_id = abcurrent.account_id
        AND abcurrent.txn_date = @p_rundate
where
	 am.account_status_id <> 4
        AND abcurrent.account_id IS NULL
        --and ab.interest_accrual > 0
		AND am.is_Active = 1) <100
BEGIN

		
INSERT INTO BSGACCOUNTING..account_balance (
account_id,day_open_balance,maker_clear_balance,maker_unclear_balance,checker_clear_balance,checker_unclear_balance,day_close_balance,available_balance,
interest_accrual,sprinkle,is_active,created_by,created_date,last_modified_by,last_modified_date,txn_date,last_accrual_date,encrypted_balance,lien_amount, 
		 branch_code, product_id, tds_amount, lcy_amount
		 
)
SELECT 
	am.account_id,0 day_open_balance,0 
	maker_clear_balance,
	0 maker_unclear_balance,0 checker_clear_balance,
	0 checker_unclear_balance,0 day_close_balance,0 available_balance,
	0 interest_accrual,'N/A' sprinkle,1 
	is_active,
	-777 created_by,GETDATE() created_date,
	-1 last_modified_by,GETDATE() last_modified_date,@p_rundate txn_date,
	@p_rundate last_accrual_date,'N/A'encrypted_balance, 
	ISNULL(abcurrent.lien_amount, 0) lien_amount,
	ISNULL(abcurrent.branch_code,am.branch_code) branch_code,
	ISNULL(abcurrent.product_id,am.product_id) product_id,
	ISNULL(abcurrent.tds_amount,0) tds_amount,
	abcurrent.lcy_amount
	
FROM
	BSGCORE..account_master am
	 LEFT OUTER JOIN bsgaccounting..account_balance abcurrent with (nolock) ON am.account_id = abcurrent.account_id
        AND abcurrent.txn_date = @p_rundate
where
	 am.account_status_id <> 4
        AND abcurrent.account_id IS NULL
        --and ab.interest_accrual > 0
		AND am.is_Active = 1;
	
END


/*
DECLARE @v_noOfInsert bigint; 
DECLARE @v_maxNoOfLoop bigint; 
DECLARE @v_currentNoOfLoop bigint; 
DECLARE @v_batchSize bigint;
set @v_batchSize = 100000;


SET @v_noOfInsert = (

SELECT 
    count(1)  
FROM
    bsgcore..account_master am
        INNER JOIN bsgaccounting..account_balance ab  with (nolock)
            ON am.account_id = ab.account_id
        INNER JOIN
        (
            SELECT 
                account_id, MAX(txn_date) txn_date
            FROM
                bsgaccounting..account_balance with (nolock)
            WHERE
                txn_date <= @P_RUNDATE
            GROUP BY account_id
        ) a 
            ON ab.account_id = a.account_id AND ab.txn_date = a.txn_date
        LEFT OUTER JOIN bsgaccounting..account_balance abcurrent  with (nolock)
            ON ab.account_id = abcurrent.account_id AND abcurrent.txn_date = @P_RUNDATE
WHERE
        am.account_status_id <> 4
        AND abcurrent.account_id IS NULL
        --and ab.interest_accrual > 0
		AND am.is_Active = 1
		);

	
SET @v_maxNoOfLoop =  ceiling(@v_noOfInsert/@v_batchSize);
SET @v_currentNoOfLoop = 0;

--Dbms_Output.Put_Line(@v_maxNoOfLoop);
--Dbms_Output.Put_Line(@v_noOfInsert);


WHILE @v_currentNoOfLoop < @v_maxNoOfLoop
BEGIN
 
	  
    
   -- Dbms_Output.Put_Line(@v_currentNoOfLoop);
	 INSERT INTO account_balance 
	(	account_id, day_open_balance, maker_clear_balance, maker_unclear_balance, checker_unclear_balance, checker_clear_balance, day_close_balance, available_balance, 
		interest_accrual, sprinkle, is_active, created_by, created_date, last_modified_by, last_modified_date, txn_date, last_accrual_date, lien_amount, 
		encrypted_balance, branch_code, product_id, tds_amount, fcy_currency, lcy_amount, fcy_exchange_rate,value_dated_interest_accrual
	)

	select 
	 distinct 
		account_id, day_open_balance, maker_clear_balance, maker_unclear_balance, checker_unclear_balance, checker_clear_balance, day_close_balance, available_balance, 
		interest_accrual, sprinkle, is_active, created_by, created_date, last_modified_by, last_modified_date, txn_date, last_accrual_date, lien_amount, 
		encrypted_balance, branch_code, product_id, tds_amount, fcy_currency, lcy_amount, fcy_exchange_rate,value_dated_interest_accrual
	from
	
	(
	SELECT 
		ROW_NUMBER() over(order by am.account_id) rownum,
		am.account_id,
		ISNULL(ab.day_open_balance, 0)day_open_balance,
		ISNULL(ab.maker_clear_balance, 0)maker_clear_balance,
		ISNULL(ab.maker_unclear_balance, 0)maker_unclear_balance,
		ISNULL(ab.checker_unclear_balance, 0)checker_unclear_balance,
		ISNULL(ab.checker_clear_balance, 0)checker_clear_balance,
		ISNULL(ab.day_close_balance, 0)day_close_balance,
		ISNULL(ab.available_balance, 0)available_balance,
		ISNULL(ab.interest_accrual,0)interest_accrual,
		ISNULL(ab.sprinkle, 'N/A')sprinkle,
		ISNULL(ab.is_active, 1) is_active,
		ISNULL(ab.created_by, -888) created_by,
		CURRENT_TIMESTAMP created_date,
		ISNULL(ab.last_modified_by, -1) last_modified_by,
		CURRENT_TIMESTAMP last_modified_date,
		@P_RUNDATE txn_date,
		ISNULL(ab.last_accrual_date, @P_RUNDATE) last_accrual_date,
		ISNULL(ab.encrypted_balance, 'N/A') encrypted_balance,
		ISNULL(ab.lien_amount, 0) lien_amount,
		ISNULL(ab.branch_code,am.branch_code) branch_code,
		ISNULL(ab.product_id,am.product_id) product_id,
		ISNULL(ab.tds_amount,0) tds_amount,
		ab.fcy_currency,
		ab.lcy_amount,ab.fcy_exchange_rate,
		ISNULL(ab.value_dated_interest_accrual,0) value_dated_interest_accrual
	FROM
		bsgcore..account_master am
			INNER JOIN bsgaccounting..account_balance ab  with (nolock)
				ON am.account_id = ab.account_id
			INNER JOIN
			(
				SELECT 
					account_id, MAX(txn_date) txn_date
				FROM
					bsgaccounting..account_balance with (nolock)
				WHERE
					txn_date <= @P_RUNDATE
				GROUP BY account_id
			) a 
				ON ab.account_id = a.account_id AND ab.txn_date = a.txn_date
			LEFT OUTER JOIN bsgaccounting..account_balance abcurrent with (nolock)
				ON ab.account_id = abcurrent.account_id AND abcurrent.txn_date = @P_RUNDATE
	WHERE
			am.account_status_id <> 4
			AND abcurrent.account_id IS NULL
			--and ab.interest_accrual > 0
			AND am.is_Active = 1 
		)A
	Where	
			A.rownum <= @v_batchSize;


	SET  @v_currentNoOfLoop = @v_currentNoOfLoop + 1;

	 
   
 END ;

INSERT INTO account_balance 
(	account_id,
    day_open_balance,
    maker_clear_balance,
    maker_unclear_balance,
    checker_unclear_balance,
    checker_clear_balance,
    day_close_balance,
    available_balance,
    interest_accrual,
    sprinkle,
    is_active,
    created_by,
    created_date,
    last_modified_by,
    last_modified_date,
    txn_date,
    last_accrual_date,
    encrypted_balance,
    lien_amount,branch_code, product_id, tds_amount, fcy_currency, lcy_amount, fcy_exchange_rate,value_dated_interest_accrual
)
SELECT 
    distinct am.account_id,
    ISNULL(ab.day_open_balance, 0),
    ISNULL(ab.maker_clear_balance, 0),
    ISNULL(ab.maker_unclear_balance, 0),
    ISNULL(ab.checker_unclear_balance, 0),
    ISNULL(ab.checker_clear_balance, 0),
    ISNULL(ab.day_close_balance, 0),
    ISNULL(ab.available_balance, 0),
    ISNULL(ab.interest_accrual,0),
    ISNULL(ab.sprinkle, 'N/A'),
    ISNULL(ab.is_active, 1),
    ISNULL(ab.created_by, -999),
    CURRENT_TIMESTAMP,
    ISNULL(ab.last_modified_by, -1),
    CURRENT_TIMESTAMP,
    @P_RUNDATE txn_date,
    ISNULL(ab.last_accrual_date, @P_RUNDATE),
    ISNULL(ab.encrypted_balance, 'N/A'),
    ISNULL(ab.lien_amount, 0) lien_amount,
	ISNULL(ab.branch_code,am.branch_code) branch_code,
	ISNULL(ab.product_id,am.product_id) product_id,
	ISNULL(ab.tds_amount,0) tds_amount,
	ab.fcy_currency,
	ab.lcy_amount,ab.fcy_exchange_rate,
	ISNULL(ab.value_dated_interest_accrual,0) value_dated_interest_accrual
FROM
     bsgcore..account_master am
        INNER JOIN bsgaccounting..account_balance ab  with (nolock)
            ON am.account_id = ab.account_id
        INNER JOIN
        (
            SELECT 
                account_id, MAX(txn_date) txn_date
            FROM
                bsgaccounting..account_balance with (nolock)
            WHERE
                txn_date <= @P_RUNDATE
            GROUP BY account_id
        ) a 
            ON ab.account_id = a.account_id AND ab.txn_date = a.txn_date
        LEFT OUTER JOIN bsgaccounting..account_balance abcurrent with (nolock)
            ON ab.account_id = abcurrent.account_id AND abcurrent.txn_date = @P_RUNDATE
WHERE
        am.account_status_id <> 4
        AND abcurrent.account_id IS NULL
        --and ab.interest_accrual > 0
		AND am.is_Active = 1;

		
INSERT INTO BSGACCOUNTING..account_balance (
account_id,day_open_balance,maker_clear_balance,maker_unclear_balance,checker_clear_balance,checker_unclear_balance,day_close_balance,available_balance,
interest_accrual,sprinkle,is_active,created_by,created_date,last_modified_by,last_modified_date,txn_date,last_accrual_date,encrypted_balance,lien_amount, 
		 branch_code, product_id, tds_amount, fcy_currency, lcy_amount, fcy_exchange_rate,
		 value_dated_interest_accrual
)
SELECT 
	am.account_id,0 day_open_balance,0 
	maker_clear_balance,
	0 maker_unclear_balance,0 checker_clear_balance,
	0 checker_unclear_balance,0 day_close_balance,0 available_balance,
	0 interest_accrual,'N/A' sprinkle,1 
	is_active,
	-777 created_by,GETDATE() created_date,
	-1 last_modified_by,GETDATE() last_modified_date,@p_rundate txn_date,
	@p_rundate last_accrual_date,'N/A'encrypted_balance, 
	ISNULL(abcurrent.lien_amount, 0) lien_amount,
	ISNULL(abcurrent.branch_code,am.branch_code) branch_code,
	ISNULL(abcurrent.product_id,am.product_id) product_id,
	ISNULL(abcurrent.tds_amount,0) tds_amount,
	abcurrent.fcy_currency,
	abcurrent.lcy_amount,abcurrent.fcy_exchange_rate,
	ISNULL(abcurrent.value_dated_interest_accrual,0) value_dated_interest_accrual
FROM
	BSGCORE..account_master am
	 LEFT OUTER JOIN bsgaccounting..account_balance abcurrent with (nolock) ON am.account_id = abcurrent.account_id
        AND abcurrent.txn_date = @p_rundate
where
	 am.account_status_id <> 4
        AND abcurrent.account_id IS NULL
        --and ab.interest_accrual > 0
		AND am.is_Active = 1;
*/

END ;"
87,sp_insert_casa_balances_policy_renew_accounts,"




----------------------------------- Balance Insert Procedure ---------------------------------------------

create   PROCEDURE [dbo].[sp_insert_casa_balances_policy_renew_accounts] -- sp_insert_casa_balances_policy_renew_accounts '2021-03-18',764
@p_rundate date,
@fileId Int
as
BEGIN


 INSERT INTO account_balance 
	(	account_id, day_open_balance, maker_clear_balance, maker_unclear_balance, checker_unclear_balance, checker_clear_balance, day_close_balance, available_balance, 
		interest_accrual, sprinkle, is_active, created_by, created_date, last_modified_by, last_modified_date, txn_date, last_accrual_date, lien_amount, 
		encrypted_balance, branch_code, product_id, tds_amount, lcy_amount
	)
SELECT 
    ab.account_id,
    ab.day_open_balance,
    ab.maker_clear_balance,
    ab.maker_unclear_balance,
    ab.checker_unclear_balance,
    ab.checker_clear_balance,
    ab.day_close_balance,
    ab.available_balance,
    ISNULL(ab.interest_accrual,0),
    ab.sprinkle,
    ab.is_active,
    ab.created_by,
    GETDATE(),
    ab.last_modified_by,
    GETDATE(),
    @p_rundate txn_date,
    ab.last_accrual_date,
    ab.lien_amount,ab.encrypted_balance,ab.branch_code, ab.product_id, ab.tds_amount, ab.lcy_amount
FROM
    bsgcore..account_master am 
        INNER JOIN
    bsgaccounting..account_balance ab ON am.account_id = ab.account_id 
	 INNER JOIN
    (SELECT 
        account_id, MAX(txn_date) txn_date
    FROM
        bsgaccounting..account_balance
    WHERE
        txn_date <= @p_rundate
    GROUP BY account_id) a ON ab.account_id = a.account_id
        AND ab.txn_date = a.txn_date
        LEFT OUTER JOIN
    bsgaccounting..account_balance abcurrent ON ab.account_id = abcurrent.account_id
        AND abcurrent.txn_date = @p_rundate
WHERE
        am.account_status_id <> 4
        AND abcurrent.account_id IS NULL
        --and ab.interest_accrual > 0
		AND am.is_Active = 1
		AND 
		am.account_id IN( SELECT account_id from bsgaccounting..policy_renewal_details prd WHERE prd.file_id = @fileId) 
END



"
88,sp_insert_loan_balances,"-------------------------

CREATE   PROCEDURE [dbo].[sp_insert_loan_balances] -- sp_insert_loan_balances '2018-03-14'
@p_rundate date
as
BEGIN
insert into bsgaccounting..account_balance_loan
(
loan_account_id
,statement_opening_balance
,day_opening_balance
,maker_unclear_balance
,maker_clear_balance
,checker_unclear_balance
,checker_clear_balance
,day_end_balance
,interest_accrual
,interest_applied
,interest_paid
,charges_applied
,charges_paid
,penal_interest_accrual
,penal_interest_applied
,penal_interest_paid
,principal_outstanding
,legal_fee
,lawyer_fee
,npa_interest
,overdue_amount
,debit_summation
,credit_summation
,disbursement_count
,disbursement_amount
,sanction_limit
,available_dp
,available_balance
,overdue_days_count
,npa_amount
,npa_marked_date
,earmarked_amount
,created_by
,created_date
,last_modified_by
,last_modified_date
,txn_date
,is_active
,adhoc_amount
,installment_amount
,is_final_installment_amount
,received_amount
,security_amount_overdue_days
,npa_interest_amount
,npa_penal_interest_amount
,npa_charges_amount,
bddr_interest_outstanding,
principal_waived_off,
interest_waived_off,
penal_interest_waived_off,
margin_amount,
subsidy_realised,
subsidy_received,
excess_interest,
margin_realised_amount,
backdated_checker_clear_balance,
backdated_principal_outstanding,
backdated_npa_interest_amount,	
backdated_npa_penal_interest_amount,
backdated_npa_charges_amount,
principal_overdue,
interest_overdue,
principal_overdue_days,
interest_overdue_days,
branch_code
)
SELECT 
ab.loan_account_id
,ab.statement_opening_balance
,ab.day_opening_balance
,ab.checker_unclear_balance
,ab.checker_clear_balance
,ab.checker_unclear_balance
,ab.checker_clear_balance
,ab.day_end_balance
,ab.interest_accrual
,ab.interest_applied
,ab.interest_paid
,ab.charges_applied
,ab.charges_paid
,ab.penal_interest_accrual
,ab.penal_interest_applied
,ab.penal_interest_paid
,ab.principal_outstanding
,ab.legal_fee
,ab.lawyer_fee
,ab.npa_interest
,ab.overdue_amount
,ab.debit_summation
,ab.credit_summation
,ab.disbursement_count
,ab.disbursement_amount
,ab.sanction_limit
,ab.available_dp
,ab.available_balance
,ab.overdue_days_count
,ab.npa_amount
,ab.npa_marked_date
,ab.earmarked_amount
,ab.created_by
,ab.created_date
,ab.last_modified_by
,ab.last_modified_date
,@p_rundate
,ab.is_active
,ab.adhoc_amount
,ab.installment_amount
,ab.is_final_installment_amount
,ab.received_amount
,ab.security_amount_overdue_days
,ab.npa_interest_amount
,ab.npa_penal_interest_amount
,ab.npa_charges_amount
,ab.bddr_interest_outstanding
,ab.principal_waived_off
,ab.interest_waived_off
,ab.penal_interest_waived_off
,ab.margin_amount
,ab.subsidy_realised
,ab.subsidy_received
,ab.excess_interest
,ab.margin_realised_amount
,ab.backdated_checker_clear_balance
,ab.backdated_principal_outstanding
,ab.backdated_npa_interest_amount
,ab.backdated_npa_penal_interest_amount
,ab.backdated_npa_charges_amount
,ab.principal_overdue
,ab.interest_overdue
,ab.principal_overdue_days
,ab.interest_overdue_days
,ab.branch_code
FROM
    bsgloan..loan_account_master lam
        INNER JOIN
    bsgaccounting..account_balance_loan ab ON lam.loan_account_id = ab.loan_account_id
        INNER JOIN
    (SELECT 
        loan_account_id, MAX(txn_date) txn_date
		FROM
        bsgaccounting..account_balance_loan WHERE    txn_date <= @p_rundate
		GROUP BY loan_account_id) a 
    ON ab.loan_account_id = a.loan_account_id
        AND ab.txn_date = a.txn_date
        LEFT OUTER JOIN
    bsgaccounting..account_balance_loan abcurrent ON ab.loan_account_id = abcurrent.loan_account_id AND abcurrent.txn_date = @p_rundate
WHERE
        abcurrent.loan_account_id IS NULL
		AND lam.loan_account_status != 2
		and lam.is_active=1
		and ab.is_active=1

exec UPDATES_IN_DAY_END @p_rundate



update abl
set abl.npa_marked_date = '1900-01-01 00:00:00.000'
from    
    BSGLOAN..loan_account_master lam with(nolock)
        inner join (
        select loan_account_id , MAX(txn_date) txn_date from BSGACCOUNTING..account_balance_loan with(nolock) group by loan_account_id
        ) a
            on a.loan_account_id = lam.loan_account_id
        inner join BSGACCOUNTING..account_balance_loan abl with(nolock)
            on abl.loan_account_id = lam.loan_account_id
                and a.txn_date = abl.txn_date
where
    lam.is_active = 1
    and lam.loan_account_status <> 2
    and lam.asset_classification = 1
    and cast(abl.npa_marked_date as date) <> '1900-01-01'

END


"
89,sp_insert_td_balances,"

CREATE   PROCEDURE [dbo].[sp_insert_td_balances] -- sp_insert_td_balances '2018-10-31'
@p_rundate date
as
BEGIN

INSERT INTO [dbo].[account_balance_td]
           ([td_account_id]
           ,[maker_unclear_balance]
           ,[maker_clear_balance]
           ,[checker_unclear_balance]
           ,[checker_clear_balance]
           ,[principal_sweep_out]
           ,[interest_accrual]
           ,[interest_provided]
           ,[interest_paid]
           ,[tds_from_interest]
           ,[tds_receivable]
           ,[tds_on_accrued_interest]
           ,[interest_payable]
           ,[previous_td_interest_payable]
           ,[premature_closure_interest]
           ,[available_balance]
           ,[tds_receivable_date]
           ,[created_by]
           ,[created_date]
           ,[last_modified_by]
           ,[last_modified_date]
           ,[txn_date]
           ,[is_active]
		   ,branch_code)    

SELECT 
	   ab.[td_account_id]
      ,ab.[maker_unclear_balance]
      ,ab.[maker_clear_balance]
      ,ab.[checker_unclear_balance]
      ,ab.[checker_clear_balance]
      ,ab.[principal_sweep_out]
      ,ab.[interest_accrual]
      ,ab.[interest_provided]
      ,ab.[interest_paid]
      ,ab.[tds_from_interest]
      ,ab.[tds_receivable]
      ,ab.[tds_on_accrued_interest]
      ,ab.[interest_payable]
      ,ab.[previous_td_interest_payable]
      ,ab.[premature_closure_interest]
      ,ab.[available_balance]
      ,ab.[tds_receivable_date]
      ,ab.[created_by]
      ,GETDATE() as created_date
      ,ab.[last_modified_by]
      ,GETDATE() as last_modified_date
      ,@p_rundate as txn_date
      ,ab.[is_active]
	  ,ab.branch_code
FROM
    BSGACCOUNTING..td_interest_application tia
        INNER JOIN
    bsgaccounting..account_balance_td ab ON 
	tia.td_account_id = ab.td_account_id
        INNER JOIN
    (SELECT 
        td_account_id, MAX(id) max_id
    FROM
        bsgaccounting..account_balance_td
    WHERE
        txn_date <= @p_rundate
    GROUP BY td_account_id) a ON ab.td_account_id = a.td_account_id
        AND ab.id = a.max_id
		   LEFT OUTER JOIN
    bsgaccounting..account_balance_td abcurrent ON ab.td_account_id = abcurrent.td_account_id
        AND abcurrent.txn_date = @p_rundate
	WHERE
       tia.current_interest > 0
	     AND abcurrent.td_account_id IS NULL;


insert into bsgaccounting..account_balance 
(	account_id,
    day_open_balance,
    maker_clear_balance,
    maker_unclear_balance,
    checker_unclear_balance,
    checker_clear_balance,
    day_close_balance,
    available_balance,
    interest_accrual,
    sprinkle,
    is_active,
    created_by,
    created_date,
    last_modified_by,
    last_modified_date,
	  txn_date,
    last_accrual_date,
    encrypted_balance,
    lien_amount,
	branch_code)
	
SELECT 
    ab.account_id,
    ab.day_open_balance,
    ab.maker_clear_balance,
    ab.maker_unclear_balance,
    ab.checker_unclear_balance,
    ab.checker_clear_balance,
    ab.day_close_balance,
    ab.available_balance,
    ISNULL(ab.interest_accrual,0),
    ab.sprinkle,
    ab.is_active,
    ab.created_by,
    GETDATE(),
    ab.last_modified_by,
    GETDATE(),
    @p_rundate txn_date,
    ab.last_accrual_date,
    ab.encrypted_balance,
    ab.lien_amount,
	ab.branch_code
FROM
    bsgcore..account_master am
        INNER JOIN
    bsgaccounting..account_balance ab ON am.account_id = ab.account_id
        INNER JOIN
    (SELECT 
        account_id, MAX(txn_date) txn_date
    FROM
        bsgaccounting..account_balance
    WHERE
        txn_date <= @p_rundate
    GROUP BY account_id) a ON ab.account_id = a.account_id
        AND ab.txn_date = a.txn_date
        LEFT OUTER JOIN
    bsgaccounting..account_balance abcurrent ON ab.account_id = abcurrent.account_id
        AND abcurrent.txn_date = @p_rundate
WHERE
        am.account_status_id NOT IN (2,4,5)
        AND abcurrent.account_id IS NULL
        -- and ab.interest_accrual > 0
		AND am.is_Active = 1
		AND EXISTS (
		SELECT * FROM BSGACCOUNTING..td_interest_application WHERE current_interest>0 AND transfer_account_id=am.account_id AND transfer_activity_type=1002
		AND (current_interest-current_tds-interest_on_tds_receivable-tds_receivable)>0);

END


"
90,sp_insert_td_customer_interest_tds,"-- =============================================
-- Author:		<ASHISH L.>
-- Create date: <2023-09-08 19:18:05.283>SELECT GETDATE()
-- Description:	<INSERT td_customer_interest_tds in TD from ACCOUNTING>
-- EXEC : sp_insert_td_customer_interest_tds
-- =============================================
CREATE   PROCEDURE [dbo].[sp_insert_td_customer_interest_tds] --[sp_insert_td_customer_interest_tds] 2169,18804325116713
@createdBy varchar(100) = -137,
@txnRefNo varchar(100) = -1
AS
BEGIN
return 1;
PRINT SUBSTRING(CAST(CAST(GETDATE() AS time) AS varchar(MAX)),4,2)

IF(SUBSTRING(CAST(CAST(GETDATE() AS time) AS varchar(MAX)),4,2) IN (0))
BEGIN

IF EXISTS(SELECT 1 FROM BSGACCOUNTING..td_customer_interest_tds NOLOCK WHERE is_active=1)
BEGIN

INSERT INTO BSGTD..td_customer_interest_tds
SELECT td_account_id, customer_id, interest,tds, interest_reversal, tds_reversal, txn_date, 1 is_active, cast(@createdBy as bigint) created_by, GETDATE() created_date
FROM BSGACCOUNTING..td_customer_interest_tds NOLOCK
WHERE is_active=1

UPDATE BSGACCOUNTING..td_customer_interest_tds SET is_active=0 WHERE is_active=1

END

END

END
"
91,sp_interest_accrual_pnr_pl_posting_pre_processing,"-- =============================================
-- Author:		<Author,,Name>
-- Create date: <Create Date,,>
-- Description:	<Description,,>
-- =============================================
CREATE   PROCEDURE [dbo].[sp_interest_accrual_pnr_pl_posting_pre_processing]  -- sp_interest_accrual_pnr_pl_posting_pre_processing @cbsApplicationDate='2023-04-26' ,@modifiedby=1
@cbsApplicationDate datetime,
@modifiedby nvarchar(10)
AS
BEGIN

IF OBJECT_ID('tempdb..#tempCasa') IS NOT NULL DROP TABLE #tempCasa
IF OBJECT_ID('tempdb..#tempTd') IS NOT NULL DROP TABLE #tempTd
IF OBJECT_ID('tempdb..#temploanCcRegularInt') IS NOT NULL DROP TABLE #temploanCcRegularInt
IF OBJECT_ID('tempdb..#temploanCcPenalInt') IS NOT NULL DROP TABLE #temploanCcPenalInt

------- branch code ,product_id null update block-----
update a
set a.branch_code=tam.branch_code,a.product_id=tam.product_id
from 
(
select ab.* from 	
	BSGACCOUNTING.dbo.account_balance_td ab with (nolock)
inner join 
	(select td_account_id,max(txn_date) txn_date from BSGACCOUNTING.dbo.account_balance_td  with (nolock) where cast(txn_date as date)<=cast(@cbsApplicationDate as date) group by td_account_id) maxDate
on 
	ab.td_account_id = maxDate.td_account_id
and 
	ab.txn_date =maxDate.txn_date
) a 
inner join BSGTD..td_account_master tam on a.td_account_id=tam.td_account_id and tam.is_active=1
and (a.branch_code is null or a.product_id is null)



update a
set a.branch_code=tam.branch_code,a.product_id=tam.product_id
from 
(
select ab.* from 	
	BSGACCOUNTING.dbo.account_balance ab with (nolock)
inner join 
	(select account_id,max(txn_date) txn_date from BSGACCOUNTING.dbo.account_balance with (nolock) where cast(txn_date as date)<=cast(@cbsApplicationDate as date) group by account_id) maxDate
on 
	ab.account_id = maxDate.account_id
and 
	ab.txn_date =maxDate.txn_date
) a 
inner join BSGCORE..account_master tam on a.account_id=tam.account_id and tam.is_active=1
and (a.branch_code is null or a.product_id is null or a.product_id=0 or a.branch_code=0)


update a
set a.branch_code=tam.branch_code,a.product_id=tam.loan_product_id
from 
(
select ab.* from 	
	BSGACCOUNTING.dbo.account_balance_loan ab with (nolock)
inner join 
	(select loan_account_id,max(txn_date) txn_date from BSGACCOUNTING.dbo.account_balance_loan with (nolock) where cast(txn_date as date)<=cast(@cbsApplicationDate as date) group by loan_account_id) maxDate
on 
	ab.loan_account_id = maxDate.loan_account_id
and 
	ab.txn_date =maxDate.txn_date
) a 
inner join BSGLOAN..loan_account_master tam on a.loan_account_id=tam.loan_account_id and tam.is_active=1
and (a.branch_code is null or a.product_id is null)

--------- end block-----
--------casa block-----
select accountBalance.branch_code,accountBalance.interest_accrual,plAccountId.* into #tempCasa
from
(
select  branch_code,product_id,sum(interest_accrual) interest_accrual

from
	BSGACCOUNTING.dbo.account_balance ab with (nolock)
inner join 
	(select account_id,max(txn_date) txn_date from BSGACCOUNTING.dbo.account_balance with (nolock) where cast(txn_date as date)<=cast(@cbsApplicationDate as date) group by account_id) maxDate
on 
	ab.account_id = maxDate.account_id
and 
	ab.txn_date =maxDate.txn_date
group by 
	branch_code,product_id
) accountBalance
inner join
	(
	select 
		a.product_id,pl_account_id payable_account_id
	from 
		BSGCORE..product_interest a with (nolock)
	inner join
		(select product_id,max(effective_date) effective_date from BSGCORE..product_interest b with (nolock) 
				where b.is_active=1 group by product_id) maxEffectiveDate
	on
		a.product_id=maxEffectiveDate.product_id
	and
		a.effective_date=maxEffectiveDate.effective_date
	where
		a.is_active=1
	) plAccountId
on
	accountBalance.product_id=plAccountId.product_id


	insert into interest_accrual_pnr_pl_posting
	select 
	casaData.branch_code,
	pnrPLMapping.classification_id,
	casaData.product_id, 
	'IA' source_principal_type,
	pnrPLMapping.pl_account_id,
	'',
	case 
		when casaData.interest_accrual>Isnull(payableBalance.checker_clear_balance,0)
		then 'D' else 'C' 
	end source_txn_nature,
	casaData.interest_accrual source_balance,
	'IA' destination_principal_type,
	pnrPLMapping.pnr_account_id,
	'',
	case 
		when casaData.interest_accrual>Isnull(payableBalance.checker_clear_balance,0)
		then 'C' else 'D'
	end destination_txn_nature,
	Isnull(payableBalance.checker_clear_balance,0) destination_balance,
	case 
		when casaData.interest_accrual>Isnull(payableBalance.checker_clear_balance,0)
		then
			casaData.interest_accrual -Isnull(payableBalance.checker_clear_balance,0)
		else
			Isnull(payableBalance.checker_clear_balance,0) - casaData.interest_accrual
	end txn_amount,
	'Consolidated Int. Posting Date: '+format(@cbsApplicationDate,'dd-MMM-yyyy')
	+ ' BrCd: '+ cast(casaData.branch_code as nvarchar(4))
	+' PrCd: '+ cast(pm.product_code as nvarchar(4)) 
	narration,
		@cbsApplicationDate,
		0,
		1,
		@modifiedby,
		getdate(),
		@modifiedby,
		getdate()

	from #tempCasa casaData
	inner join 
	BSGACCOUNTING..interest_pnr_pl_mapping pnrPLMapping
on 
	casaData.payable_account_id=pnrPLMapping.pnr_account_id
and 
	pnrPLMapping.is_active=1
Left join
(
select  abi.account_id,abi.checker_clear_balance

from
	BSGACCOUNTING.dbo.account_balance_internal abi with (nolock)
inner join 
	(select account_id,max(txn_date) txn_date from BSGACCOUNTING.dbo.account_balance_internal with (nolock) where cast(txn_date as date)<=cast(@cbsApplicationDate as date) and is_active=1 group by account_id) maxDate
on 
	abi.account_id = maxDate.account_id
and 
	abi.txn_date =maxDate.txn_date
where
	abi.is_active=1
) payableBalance
on
	pnrPLMapping.pnr_account_id=payableBalance.account_id
inner join BSGCORE..product_master pm 
on casaData.product_id=pm.product_id and pm.is_active=1
where
pm.classification_id=2 and pnrPLMapping.classification_id=2 and
casaData.interest_accrual -Isnull(payableBalance.checker_clear_balance,0)<>0

---------


---------Loan/cc block-----

---- regular int --
select ISNULL(accountBalance.interest_accrual,0) interest_accrual,plAccountId.* 
into #temploanCcRegularInt
from
(
	select 
		a.loan_product_id product_id,interest_income_pl_code payable_account_id,loan_product_code,pm.branch_code
	from 
		BSGLOAN..loan_product_master a
		inner join BSGCORE..product_master pm	
			on a.loan_product_id = pm.product_id
				and pm.is_active = 1
	where
		a.is_active=1
	) plAccountId
	left outer join 
(
select  branch_code,product_id product_id,sum(interest_accrual) interest_accrual

from
	BSGACCOUNTING.dbo.account_balance_loan ab with (nolock)
inner join 
	(select loan_account_id,max(txn_date) txn_date from BSGACCOUNTING.dbo.account_balance_loan with (nolock) where cast(txn_date as date)<=cast(@cbsApplicationDate as date) group by loan_account_id) maxDate
on 
	ab.loan_account_id = maxDate.loan_account_id
and 
	ab.txn_date =maxDate.txn_date
inner join(
select 
	distinct 
	loan_account_id,
	loan_product_id 
from
	BSGLOAN..loan_account_master lam 
where 
	lam.asset_classification=1 
	and lam.is_active=1 
	and lam.loan_account_status<>2
)nonNpa on ab.loan_account_id = nonNpa.loan_account_id
group by 
	branch_code,product_id
) accountBalance
on
	accountBalance.product_id=plAccountId.product_id

--inner join(select distinct loan_product_id from
--BSGLOAN..loan_account_master lam 
--where lam.asset_classification=1 and lam.is_active=1 and lam.loan_account_status=1
--) lam on accountBalance.product_id=lam.loan_product_id


	insert into interest_accrual_pnr_pl_posting
	select 
	loanCcData.branch_code,
	pnrPLMapping.classification_id,
	loanCcData.product_id, 
	'IA' source_principal_type,
	pnrPLMapping.pl_account_id,
	'',
	case 
		when loanCcData.interest_accrual>(-1*Isnull(payableBalance.checker_clear_balance,0))
		then 'C' else 'D' 
	end source_txn_nature,
	loanCcData.interest_accrual source_balance,
	'IA' destination_principal_type,
	pnrPLMapping.pnr_account_id,
	'',
	case 
		when loanCcData.interest_accrual>(-1*Isnull(payableBalance.checker_clear_balance,0))
		then 'D' else 'C'
	end destination_txn_nature,
	Isnull(payableBalance.checker_clear_balance,0) destination_balance,
	case 
		when loanCcData.interest_accrual>(-1*Isnull(payableBalance.checker_clear_balance,0))
		then
			loanCcData.interest_accrual -(-1*Isnull(payableBalance.checker_clear_balance,0))
		else
			(-1*Isnull(payableBalance.checker_clear_balance,0)) - loanCcData.interest_accrual
	end txn_amount,
	'Consolidated Int. Posting Date: '+format(@cbsApplicationDate,'dd-MMM-yyyy')
	+ ' BrCd: '+ cast(loanCcData.branch_code as nvarchar(4))
	+' PrCd: '+ cast(loanCcData.loan_product_code as nvarchar(4)) 
	narration,
		@cbsApplicationDate,
		0,
		1,
		@modifiedby,
		getdate(),
		@modifiedby,
		getdate()

	from #temploanCcRegularInt loanCcData
	inner join 
	BSGACCOUNTING..interest_pnr_pl_mapping pnrPLMapping
on 
	loanCcData.payable_account_id=pnrPLMapping.pnr_account_id
and 
	pnrPLMapping.is_active=1
Left join
(
select  abi.account_id,abi.checker_clear_balance

from
	BSGACCOUNTING.dbo.account_balance_internal abi with (nolock)
inner join 
	(select account_id,max(txn_date) txn_date from BSGACCOUNTING.dbo.account_balance_internal with (nolock) where cast(txn_date as date)<=cast(@cbsApplicationDate as date) and is_active=1 group by account_id) maxDate
on 
	abi.account_id = maxDate.account_id
and 
	abi.txn_date =maxDate.txn_date
where
	abi.is_active=1
) payableBalance
on
	pnrPLMapping.pnr_account_id=payableBalance.account_id
where loanCcData.interest_accrual -(-1*Isnull(payableBalance.checker_clear_balance,0))<>0

----

------ penal int --

select ISNULL(accountBalance.interest_accrual,0) interest_accrual,plAccountId.* 
into #temploanCcPenalInt
from
(
	select 
		a.loan_product_id product_id,penal_interest_pl_account_id payable_account_id,loan_product_code,pm.branch_code
	from 
		BSGLOAN..loan_product_master a
		inner join BSGCORE..product_master pm	
			on a.loan_product_id = pm.product_id
				and pm.is_active = 1
	where
		a.is_active=1
	) plAccountId
	left outer join 
(
select  branch_code,product_id product_id,sum(penal_interest_accrual) interest_accrual

from
	BSGACCOUNTING.dbo.account_balance_loan ab with (nolock)
inner join 
	(select loan_account_id,max(txn_date) txn_date from BSGACCOUNTING.dbo.account_balance_loan with (nolock) where cast(txn_date as date)<=cast(@cbsApplicationDate as date) group by loan_account_id) maxDate
on 
	ab.loan_account_id = maxDate.loan_account_id
and 
	ab.txn_date =maxDate.txn_date
inner join(
select 
	distinct 
	loan_account_id,
	loan_product_id 
from
	BSGLOAN..loan_account_master lam 
where 
	lam.asset_classification=1 
	and lam.is_active=1 
	and lam.loan_account_status<>2
)nonNpa on ab.loan_account_id = nonNpa.loan_account_id
group by 
	branch_code,product_id
) accountBalance
on
	accountBalance.product_id=plAccountId.product_id

--inner join(
--select 
--	distinct 
--	loan_account_id,
--	loan_product_id 
--from
--	BSGLOAN..loan_account_master lam 
--where 
--	lam.asset_classification=1 
--	and lam.is_active=1 
--	and lam.loan_account_status<>1
--) lam on accountBalance.product_id=lam.loan_product_id

	insert into interest_accrual_pnr_pl_posting
	select 
	loanCcData.branch_code,
	pnrPLMapping.classification_id,
	loanCcData.product_id, 
	'IA' source_principal_type,
	pnrPLMapping.pl_account_id,
	'',
	case 
		when loanCcData.interest_accrual>(-1*Isnull(payableBalance.checker_clear_balance,0))
		then 'C' else 'D' 
	end source_txn_nature,
	loanCcData.interest_accrual source_balance,
	'IA' destination_principal_type,
	pnrPLMapping.pnr_account_id,
	'',
	case 
		when loanCcData.interest_accrual>(-1*Isnull(payableBalance.checker_clear_balance,0))
		then 'D' else 'C'
	end destination_txn_nature,
	Isnull(payableBalance.checker_clear_balance,0) destination_balance,
	case 
		when loanCcData.interest_accrual>(-1*Isnull(payableBalance.checker_clear_balance,0))
		then
			loanCcData.interest_accrual -(-1*Isnull(payableBalance.checker_clear_balance,0))
		else
			(-1*Isnull(payableBalance.checker_clear_balance,0)) - loanCcData.interest_accrual
	end txn_amount,
	'Consolidated Penal Int. Posting Date: '+format(@cbsApplicationDate,'dd-MMM-yyyy')
	+ ' BrCd: '+ cast(loanCcData.branch_code as nvarchar(4))
	+' PrCd: '+ cast(loanCcData.loan_product_code as nvarchar(4)) 
	narration,
		@cbsApplicationDate,
		0,
		1,
		@modifiedby,
		getdate(),
		@modifiedby,
		getdate()

	from #temploanCcPenalInt loanCcData
	inner join 
	BSGACCOUNTING..interest_pnr_pl_mapping pnrPLMapping
on 
	loanCcData.payable_account_id=pnrPLMapping.pnr_account_id
and 
	pnrPLMapping.is_active=1
Left join
(
select  abi.account_id,abi.checker_clear_balance

from
	BSGACCOUNTING.dbo.account_balance_internal abi with (nolock)
inner join 
	(select account_id,max(txn_date) txn_date from BSGACCOUNTING.dbo.account_balance_internal with (nolock) where cast(txn_date as date)<=cast(@cbsApplicationDate as date) and is_active=1 group by account_id) maxDate
on 
	abi.account_id = maxDate.account_id
and 
	abi.txn_date =maxDate.txn_date
where
	abi.is_active=1
) payableBalance
on
	pnrPLMapping.pnr_account_id=payableBalance.account_id
where loanCcData.interest_accrual -(-1*Isnull(payableBalance.checker_clear_balance,0))<>0

---------
------- TD Block -----
select accountBalance.branch_code,accountBalance.interest_accrual,plAccountId.* into #tempTd
from
(
select  branch_code,product_id,sum(interest_accrual) interest_accrual

from
	BSGACCOUNTING.dbo.account_balance_td ab with (nolock)
inner join 
	(select td_account_id,max(txn_date) txn_date from BSGACCOUNTING.dbo.account_balance_td with (nolock) where cast(txn_date as date)<=cast(@cbsApplicationDate as date) group by td_account_id) maxDate
on 
	ab.td_account_id = maxDate.td_account_id
and 
	ab.txn_date =maxDate.txn_date
where
	is_active=1
group by 
	branch_code,product_id
) accountBalance
inner join
	(
	select 
		a.product_id product_id,pl_account_id payable_account_id,product_code
	from 
		BSGTD..td_product_master a
	where
		a.is_active=1
	) plAccountId
on
	accountBalance.product_id=plAccountId.product_id


	insert into interest_accrual_pnr_pl_posting
	select 
	tdData.branch_code,
	pnrPLMapping.classification_id,
	tdData.product_id, 
	'IA' source_principal_type,
	pnrPLMapping.pl_account_id,
	'',
	case 
		when tdData.interest_accrual>Isnull(payableBalance.checker_clear_balance,0)
		then 'D' else 'C' 
	end source_txn_nature,
	tdData.interest_accrual source_balance,
	'IA' destination_principal_type,
	pnrPLMapping.pnr_account_id,
	'',
	case 
		when tdData.interest_accrual>Isnull(payableBalance.checker_clear_balance,0)
		then 'C' else 'D'
	end destination_txn_nature,
	Isnull(payableBalance.checker_clear_balance,0) destination_balance,
	case 
		when tdData.interest_accrual>Isnull(payableBalance.checker_clear_balance,0)
		then
			tdData.interest_accrual -Isnull(payableBalance.checker_clear_balance,0)
		else
			Isnull(payableBalance.checker_clear_balance,0) - tdData.interest_accrual
	end txn_amount,
	'Consolidated Int. Posting Date: '+format(@cbsApplicationDate,'dd-MMM-yyyy')
	+ ' BrCd: '+ cast(tdData.branch_code as nvarchar(4))
	+' PrCd: '+ cast(tdData.product_code as nvarchar(4)) 
	narration,
		@cbsApplicationDate,
		0,
		1,
		@modifiedby,
		getdate(),
		@modifiedby,
		getdate()

	from #tempTd tdData
	inner join 
	BSGACCOUNTING..interest_pnr_pl_mapping pnrPLMapping
on 
	tdData.payable_account_id=pnrPLMapping.pnr_account_id
and 
	pnrPLMapping.is_active=1
Left join
(
select  abi.account_id,abi.checker_clear_balance

from
	BSGACCOUNTING.dbo.account_balance_internal abi with (nolock)
inner join 
	(select account_id,max(txn_date) txn_date from BSGACCOUNTING.dbo.account_balance_internal with (nolock) where cast(txn_date as date)<=cast(@cbsApplicationDate as date) and is_active=1 group by account_id) maxDate
on 
	abi.account_id = maxDate.account_id
and 
	abi.txn_date =maxDate.txn_date
where
	abi.is_active=1
) payableBalance
on
	pnrPLMapping.pnr_account_id=payableBalance.account_id
where tdData.interest_accrual -Isnull(payableBalance.checker_clear_balance,0)<>0


---------

---------internal product id update block-----

update a
set a.source_principal_product_id=b.internal_product_id
from BSGACCOUNTING..interest_accrual_pnr_pl_posting a 
inner join bsgcore..account_master_internal b on a.source_principal_id=b.internal_account_id
where b.is_active=1


update a
set a.destination_principal_product_id=b.internal_product_id
from BSGACCOUNTING..interest_accrual_pnr_pl_posting a 
inner join bsgcore..account_master_internal b on a.destination_principal_id=b.internal_account_id
where b.is_active=1

---------

--select 1

END
























"
92,sp_interest_application_cc,"-- =============================================
-- AUTHOR:		<AUTHOR,,NAME>
-- CREATE DATE: <CREATE DATE,,>
-- DESCRIPTION:	<DESCRIPTION,,>
-- =============================================
CREATE   PROCEDURE [dbo].[sp_interest_application_cc] --[SP_INTEREST_APPLICATION_cc] '2017-08-03',1 ,@successCount=null,@failureCount=null
@INTERESTRUNNINGDATE DATETIME,
@RUNBY NVARCHAR(20),
@successCount int OUTPut,
@failureCount int OUTPut

AS
BEGIN
declare @maxid bigint = 0
select @maxid = max(id) from BSGTURING.DBO.TURING_TASK_RESULT
	SELECT ROW_NUMBER() OVER (ORDER BY LAM.ID) SRNO,
		ABL.TXN_DATE,ABL.PENAL_INTEREST_ACCRUAL,ABL.INTEREST_ACCRUAL,LAM.BRANCH_CODE,LAM.CUSTOMER_NO,LAM.LOAN_ACCOUNT_ID,LAM.ASSET_CLASSIFICATION,LAM.LOAN_PRODUCT_ID  INTO #TEMP_ACCOUNT
	FROM 
		BSGLOAN.DBO.LOAN_ACCOUNT_MASTER LAM 
	
	left JOIN 
		(SELECT 
			LOAN_ACCOUNT_ID,
			MAX(TXN_DATE) TXN_DATE 
		FROM 
			BSGACCOUNTING.DBO.ACCOUNT_BALANCE_LOAN 
		WHERE 
			TXN_DATE <= @INTERESTRUNNINGDATE 
		AND 
			IS_ACTIVE=1 
		GROUP BY 
			LOAN_ACCOUNT_ID) TXN
	ON 
		LAM.LOAN_ACCOUNT_ID = TXN.LOAN_ACCOUNT_ID
	left JOIN 
		 BSGACCOUNTING.DBO.ACCOUNT_BALANCE_LOAN ABL
	ON 
		LAM.LOAN_ACCOUNT_ID = ABL.LOAN_ACCOUNT_ID
	AND 
		ABL.IS_ACTIVE =1
	AND 
		ABL.TXN_DATE =  TXN.TXN_DATE 
	WHERE 
		--LAM.ASSET_CLASSIFICATION IN (1,2) 
	--AND 
		LAM.loan_type=2
	AND 
		LAM.IS_ACTIVE=1 
	AND 
		LAM.LOAN_ACCOUNT_STATUS=1
	--AND 
		--LAM.LOAN_ACCOUNT_ID in ( 741,1003)
		-- SELECT * FROM #TEMP_ACCOUNT

DECLARE @CBSAPPDATE DATETIME
DECLARE @ACCOUNT_ID BIGINT,@BRANCHCODE INT,@SCROLLNO BIGINT,
@BATCHCODE INT = (SELECT CONFIG_VALUE FROM BSGADMIN..CBS_CONFIG WHERE CONFIG_KEY = 'SYSTEM_AUTO_BATCH' AND IS_ACTIVE=1)
,@CNT NUMERIC(18,0) = (SELECT COUNT(1) FROM #TEMP_ACCOUNT)
,@TXNREFNO NVARCHAR(30),@TXN_TYPE INT = 2
,@PRODUCTID INT
,@PLACCOUNTID BIGINT
,@PLPRODUCTID BIGINT
,@PENALACCOUNTID BIGINT
,@PENALPRODUCTID BIGINT
,@PNLAMOUNT numeric(18,0)
,@INTERESTAMOUNT numeric(18,0)
,@assestClassification int

		SELECT @CBSAPPDATE = @INTERESTRUNNINGDATE --APP_DATE FROM BSGACCOUNTING..CBS_APPLICATION_DATE WHERE IS_ACTIVE=1

		--BEGIN TRANSACTION INTERESTAPPLIED WITH MARK N'INTEREST APPLIED';
		select @CNT 
		WHILE  @CNT > 0
		BEGIN
		print 'ACCOUNT_ID' + cast(@ACCOUNT_ID as nvarchar)
			SELECT @assestClassification = ASSET_CLASSIFICATION, @ACCOUNT_ID = LOAN_ACCOUNT_ID,
			@PRODUCTID = LOAN_PRODUCT_ID,			
			@BRANCHCODE=BRANCH_CODE,@PNLAMOUNT=PENAL_INTEREST_ACCRUAL,@INTERESTAMOUNT=INTEREST_ACCRUAL FROM #TEMP_ACCOUNT WHERE SRNO = @CNT
		
			SELECT @PENALACCOUNTID = PENAL_INTEREST_PL_ACCOUNT_ID,@PLACCOUNTID = INTEREST_INCOME_PL_CODE FROM  BSGLOAN.DBO.LOAN_PRODUCT_MASTER  WHERE LOAN_PRODUCT_ID = @PRODUCTID AND  IS_ACTIVE=1
		
		if( @assestClassification in (1,2))
		begin
			IF(@INTERESTAMOUNT <> 0)
			BEGIN
			SELECT @PLPRODUCTID = INTERNAL_PRODUCT_ID  FROM  BSGCORE.DBO.ACCOUNT_MASTER_INTERNAL  WHERE INTERNAL_ACCOUNT_ID = @PLACCOUNTID  AND IS_ACTIVE=1
				IF(@PLPRODUCTID IS NOT NULL)
				BEGIN
			-- GETTING MAX SCROLL NO
					SELECT @SCROLLNO = MAX(SCROLL_NO) FROM BSGACCOUNTING.DBO.TRANSACTION_SCROLLNO WHERE TXN_DATE=CAST(@CBSAPPDATE AS DATE) AND BRANCH_CODE = @BRANCHCODE AND BATCH_CODE = @BATCHCODE
					SET @SCROLLNO = ISNULL(@SCROLLNO+1,1) 
			-- CREATING NE REF NO 
					SET @TXNREFNO = CAST(@BRANCHCODE AS NVARCHAR)+ CAST(@BATCHCODE AS NVARCHAR)+ CAST(YEAR(GETDATE()) % 10 AS NVARCHAR)+ CAST(@SCROLLNO AS NVARCHAR) + '2'			
			-- INSERT NEW REF NO 
					INSERT INTO BSGACCOUNTING..TRANSACTION_SCROLLNO(TXN_DATE,BRANCH_CODE,BATCH_CODE,TXN_REF_NO,TXN_TYPE,SCROLL_NO,CREATED_BY,CREATED_DATE)
					VALUES(@CBSAPPDATE,@BRANCHCODE,@BATCHCODE,@TXNREFNO,@TXN_TYPE,@SCROLLNO,@RUNBY,GETDATE())
			-- VOUCHER ENTRY
			PRINT '@ACCOUNT_ID ' + CAST(@ACCOUNT_ID  AS NVARCHAR)+ '@PRODUCTID ' + CAST(@PRODUCTID AS NVARCHAR) + '@PLACCOUNTID '
			 + CAST(@PLACCOUNTID  AS NVARCHAR)
					+'@PLPRODUCTID'+CAST(@PLPRODUCTID AS NVARCHAR)+ '@TXNREFNO ' + CAST(@TXNREFNO AS NVARCHAR)+'@TXN_TYPE '+CAST(@TXN_TYPE AS NVARCHAR) 
					EXEC SP_VOUCHER_ENTRY_CC @ACCOUNT_ID,@PRODUCTID,@PLACCOUNTID,@PLPRODUCTID,@TXNREFNO,1,@TXN_TYPE,@BATCHCODE,@SCROLLNO,@INTERESTAMOUNT,'D','000000',6003,'INTEREST APPLIED',@RUNBY,@CBSAPPDATE,0,3
				END
			END
			IF(@PNLAMOUNT <> 0)
			BEGIN
			SELECT @PENALPRODUCTID = INTERNAL_PRODUCT_ID  FROM  BSGCORE.DBO.ACCOUNT_MASTER_INTERNAL  WHERE INTERNAL_ACCOUNT_ID = @PENALACCOUNTID  AND IS_ACTIVE=1
			IF(@PENALPRODUCTID IS NOT NULL)
			BEGIN
			-- GETTING MAX SCROLL NO
					SELECT @SCROLLNO = MAX(SCROLL_NO) FROM BSGACCOUNTING.DBO.TRANSACTION_SCROLLNO WHERE TXN_DATE=CAST(@CBSAPPDATE AS DATE) AND BRANCH_CODE = @BRANCHCODE AND BATCH_CODE = @BATCHCODE
					SET @SCROLLNO = ISNULL(@SCROLLNO+1,1) 
			-- CREATING NE REF NO 
					SET @TXNREFNO = CAST(@BRANCHCODE AS NVARCHAR)+ CAST(@BATCHCODE AS NVARCHAR)+ CAST(YEAR(GETDATE()) % 10 AS NVARCHAR)+ CAST(@SCROLLNO AS NVARCHAR) + '2'			
			-- INSERT NEW REF NO 
					INSERT INTO BSGACCOUNTING..TRANSACTION_SCROLLNO(TXN_DATE,BRANCH_CODE,BATCH_CODE,TXN_REF_NO,TXN_TYPE,SCROLL_NO,CREATED_BY,CREATED_DATE)
					VALUES(@CBSAPPDATE,@BRANCHCODE,@BATCHCODE,@TXNREFNO,@TXN_TYPE,@SCROLLNO,@RUNBY,GETDATE())
			-- VOUCHER ENTRY
					EXEC SP_VOUCHER_ENTRY_CC @ACCOUNT_ID,@PRODUCTID,@PLACCOUNTID,@PLPRODUCTID,@TXNREFNO,1,@TXN_TYPE,@BATCHCODE,@SCROLLNO,@PNLAMOUNT,'D','000000',6005,'PENAL APPLIED',@RUNBY,@CBSAPPDATE,1,3
			END
			END
			end
			else 
			begin
			IF(@INTERESTAMOUNT <> 0)
			BEGIN
			SELECT @PLPRODUCTID = INTERNAL_PRODUCT_ID  FROM  BSGCORE.DBO.ACCOUNT_MASTER_INTERNAL  WHERE INTERNAL_ACCOUNT_ID = @PLACCOUNTID  AND IS_ACTIVE=1
				IF(@PLPRODUCTID IS NOT NULL)
				BEGIN
			-- GETTING MAX SCROLL NO
					SELECT @SCROLLNO = MAX(SCROLL_NO) FROM BSGACCOUNTING.DBO.TRANSACTION_SCROLLNO WHERE TXN_DATE=CAST(@CBSAPPDATE AS DATE) AND BRANCH_CODE = @BRANCHCODE AND BATCH_CODE = @BATCHCODE
					SET @SCROLLNO = ISNULL(@SCROLLNO+1,1) 
			-- CREATING NE REF NO 
					SET @TXNREFNO = CAST(@BRANCHCODE AS NVARCHAR)+ CAST(@BATCHCODE AS NVARCHAR)+ CAST(YEAR(GETDATE()) % 10 AS NVARCHAR)+ CAST(@SCROLLNO AS NVARCHAR) + '2'			
			-- INSERT NEW REF NO 
					INSERT INTO BSGACCOUNTING..TRANSACTION_SCROLLNO(TXN_DATE,BRANCH_CODE,BATCH_CODE,TXN_REF_NO,TXN_TYPE,SCROLL_NO,CREATED_BY,CREATED_DATE)
					VALUES(@CBSAPPDATE,@BRANCHCODE,@BATCHCODE,@TXNREFNO,@TXN_TYPE,@SCROLLNO,@RUNBY,GETDATE())
			-- VOUCHER ENTRY
			PRINT '@ACCOUNT_ID ' + CAST(@ACCOUNT_ID  AS NVARCHAR)+ '@PRODUCTID ' + CAST(@PRODUCTID AS NVARCHAR) + '@PLACCOUNTID '
			 + CAST(@PLACCOUNTID  AS NVARCHAR)
					+'@PLPRODUCTID'+CAST(@PLPRODUCTID AS NVARCHAR)+ '@TXNREFNO ' + CAST(@TXNREFNO AS NVARCHAR)+'@TXN_TYPE '+CAST(@TXN_TYPE AS NVARCHAR) 
					EXEC [sp_loan_interest_application_npa_cc] @ACCOUNT_ID,@PRODUCTID,@PLACCOUNTID,@PLPRODUCTID,@TXNREFNO,1,@TXN_TYPE,@BATCHCODE,@SCROLLNO,@INTERESTAMOUNT,'D','000000',6003,'NPA INTEREST APPLIED',@RUNBY,@CBSAPPDATE,0,3
				END
			END
			IF(@PNLAMOUNT <> 0)
			BEGIN
			SELECT @PENALPRODUCTID = INTERNAL_PRODUCT_ID  FROM  BSGCORE.DBO.ACCOUNT_MASTER_INTERNAL  WHERE INTERNAL_ACCOUNT_ID = @PENALACCOUNTID  AND IS_ACTIVE=1
			IF(@PENALPRODUCTID IS NOT NULL)
			BEGIN
			-- GETTING MAX SCROLL NO
					SELECT @SCROLLNO = MAX(SCROLL_NO) FROM BSGACCOUNTING.DBO.TRANSACTION_SCROLLNO WHERE TXN_DATE=CAST(@CBSAPPDATE AS DATE) AND BRANCH_CODE = @BRANCHCODE AND BATCH_CODE = @BATCHCODE
					SET @SCROLLNO = ISNULL(@SCROLLNO+1,1) 
			-- CREATING NE REF NO 
					SET @TXNREFNO = CAST(@BRANCHCODE AS NVARCHAR)+ CAST(@BATCHCODE AS NVARCHAR)+ CAST(YEAR(GETDATE()) % 10 AS NVARCHAR)+ CAST(@SCROLLNO AS NVARCHAR) + '2'			
			-- INSERT NEW REF NO 
					INSERT INTO BSGACCOUNTING..TRANSACTION_SCROLLNO(TXN_DATE,BRANCH_CODE,BATCH_CODE,TXN_REF_NO,TXN_TYPE,SCROLL_NO,CREATED_BY,CREATED_DATE)
					VALUES(@CBSAPPDATE,@BRANCHCODE,@BATCHCODE,@TXNREFNO,@TXN_TYPE,@SCROLLNO,@RUNBY,GETDATE())
			-- VOUCHER ENTRY
					EXEC [sp_loan_interest_application_npa_cc] @ACCOUNT_ID,@PRODUCTID,@PLACCOUNTID,@PLPRODUCTID,@TXNREFNO,1,@TXN_TYPE,@BATCHCODE,@SCROLLNO,@PNLAMOUNT,'D','000000',6005,'NPA INTEREST APPLIED',@RUNBY,@CBSAPPDATE,1,3
			END
			END
			end
			SET @CNT -= 1
		END
		--COMMIT TRANSACTION  M2

		select @successCount = count(case when response_code = 1 then 1 else null end), 
		@failureCount =  count(case when response_code <> 1 then 1 else null end)
		  from   BSGTURING.DBO.TURING_TASK_RESULT where task_id=38 and id > @maxid
		 
END

/*
SELECT * FROM BSGACCOUNTING..TRANSACTION_SCROLLNO ORDER BY ID DESC
*/


"
93,sp_interest_application_loan,"-- =============================================
-- AUTHOR:		<AUTHOR,,NAME>
-- CREATE DATE: <CREATE DATE,,>
-- DESCRIPTION:	<DESCRIPTION,,>
-- =============================================
CREATE   PROCEDURE [dbo].[sp_interest_application_loan] --[SP_INTEREST_APPLICATION_LOAN] '2017-08-03',1 ,@successCount=null,@failureCount=null
@INTERESTRUNNINGDATE DATETIME,
@RUNBY NVARCHAR(20),
@successCount int OUTPut,
@failureCount int OUTPut

AS
BEGIN
declare @maxid bigint = 0
select @maxid = max(id) from BSGTURING.DBO.TURING_TASK_RESULT
	SELECT ROW_NUMBER() OVER (ORDER BY LAM.ID) SRNO,
		ABL.TXN_DATE,ABL.PENAL_INTEREST_ACCRUAL,ABL.INTEREST_ACCRUAL,LAM.BRANCH_CODE,LAM.CUSTOMER_NO,LAM.LOAN_ACCOUNT_ID,LAM.ASSET_CLASSIFICATION,LAM.LOAN_PRODUCT_ID  INTO #TEMP_ACCOUNT
	FROM 
		BSGLOAN.DBO.LOAN_ACCOUNT_MASTER LAM 
	
	left JOIN 
		(SELECT 
			LOAN_ACCOUNT_ID,
			MAX(TXN_DATE) TXN_DATE 
		FROM 
			BSGACCOUNTING.DBO.ACCOUNT_BALANCE_LOAN 
		WHERE 
			TXN_DATE <= @INTERESTRUNNINGDATE 
		AND 
			IS_ACTIVE=1 
		GROUP BY 
			LOAN_ACCOUNT_ID) TXN
	ON 
		LAM.LOAN_ACCOUNT_ID = TXN.LOAN_ACCOUNT_ID
	left JOIN 
		 BSGACCOUNTING.DBO.ACCOUNT_BALANCE_LOAN ABL
	ON 
		LAM.LOAN_ACCOUNT_ID = ABL.LOAN_ACCOUNT_ID
	AND 
		ABL.IS_ACTIVE =1
	AND 
		ABL.TXN_DATE =  TXN.TXN_DATE 
	WHERE 
		--LAM.ASSET_CLASSIFICATION IN (1,2) 
	--AND 
		LAM.loan_type=1 
	AND 
		LAM.IS_ACTIVE=1 
	AND 
		LAM.LOAN_ACCOUNT_STATUS=1
	--AND 
		--LAM.LOAN_ACCOUNT_ID in ( 741,1003)
		-- SELECT * FROM #TEMP_ACCOUNT

DECLARE @CBSAPPDATE DATETIME
DECLARE @ACCOUNT_ID BIGINT,@BRANCHCODE INT,@SCROLLNO BIGINT,
@BATCHCODE INT = (SELECT CONFIG_VALUE FROM BSGADMIN..CBS_CONFIG WHERE CONFIG_KEY = 'SYSTEM_AUTO_BATCH' AND IS_ACTIVE=1)
,@CNT NUMERIC(18,0) = (SELECT COUNT(1) FROM #TEMP_ACCOUNT)
,@TXNREFNO NVARCHAR(30),@TXN_TYPE INT = 2
,@PRODUCTID INT
,@PLACCOUNTID BIGINT
,@PLPRODUCTID BIGINT
,@PENALACCOUNTID BIGINT
,@PENALPRODUCTID BIGINT
,@PNLAMOUNT numeric(18,0)
,@INTERESTAMOUNT numeric(18,0)
,@assestClassification int

		SELECT @CBSAPPDATE = @INTERESTRUNNINGDATE --APP_DATE FROM BSGACCOUNTING..CBS_APPLICATION_DATE WHERE IS_ACTIVE=1

		--BEGIN TRANSACTION INTERESTAPPLIED WITH MARK N'INTEREST APPLIED';
		select @CNT 
		WHILE  @CNT > 0
		BEGIN
		print 'ACCOUNT_ID' + cast(@ACCOUNT_ID as nvarchar)
			SELECT @assestClassification = ASSET_CLASSIFICATION, @ACCOUNT_ID = LOAN_ACCOUNT_ID,
			@PRODUCTID = LOAN_PRODUCT_ID,			
			@BRANCHCODE=BRANCH_CODE,@PNLAMOUNT=PENAL_INTEREST_ACCRUAL,@INTERESTAMOUNT=INTEREST_ACCRUAL FROM #TEMP_ACCOUNT WHERE SRNO = @CNT
		
			SELECT @PENALACCOUNTID = PENAL_INTEREST_PL_ACCOUNT_ID,@PLACCOUNTID = INTEREST_INCOME_PL_CODE FROM  BSGLOAN.DBO.LOAN_PRODUCT_MASTER  WHERE LOAN_PRODUCT_ID = @PRODUCTID AND  IS_ACTIVE=1
		
		if( @assestClassification in (1,2))
		begin
			IF(@INTERESTAMOUNT <> 0)
			BEGIN
			SELECT @PLPRODUCTID = INTERNAL_PRODUCT_ID  FROM  BSGCORE.DBO.ACCOUNT_MASTER_INTERNAL  WHERE INTERNAL_ACCOUNT_ID = @PLACCOUNTID  AND IS_ACTIVE=1
				IF(@PLPRODUCTID IS NOT NULL)
				BEGIN
			-- GETTING MAX SCROLL NO
					SELECT @SCROLLNO = MAX(SCROLL_NO) FROM BSGACCOUNTING.DBO.TRANSACTION_SCROLLNO WHERE TXN_DATE=CAST(@CBSAPPDATE AS DATE) AND BRANCH_CODE = @BRANCHCODE AND BATCH_CODE = @BATCHCODE
					SET @SCROLLNO = ISNULL(@SCROLLNO+1,1) 
			-- CREATING NE REF NO 
					SET @TXNREFNO = CAST(@BRANCHCODE AS NVARCHAR)+ CAST(@BATCHCODE AS NVARCHAR)+ CAST(YEAR(GETDATE()) % 10 AS NVARCHAR)+ CAST(@SCROLLNO AS NVARCHAR) + '2'			
			-- INSERT NEW REF NO 
					INSERT INTO BSGACCOUNTING..TRANSACTION_SCROLLNO(TXN_DATE,BRANCH_CODE,BATCH_CODE,TXN_REF_NO,TXN_TYPE,SCROLL_NO,CREATED_BY,CREATED_DATE)
					VALUES(@CBSAPPDATE,@BRANCHCODE,@BATCHCODE,@TXNREFNO,@TXN_TYPE,@SCROLLNO,@RUNBY,GETDATE())
			-- VOUCHER ENTRY
			PRINT '@ACCOUNT_ID ' + CAST(@ACCOUNT_ID  AS NVARCHAR)+ '@PRODUCTID ' + CAST(@PRODUCTID AS NVARCHAR) + '@PLACCOUNTID '
			 + CAST(@PLACCOUNTID  AS NVARCHAR)
					+'@PLPRODUCTID'+CAST(@PLPRODUCTID AS NVARCHAR)+ '@TXNREFNO ' + CAST(@TXNREFNO AS NVARCHAR)+'@TXN_TYPE '+CAST(@TXN_TYPE AS NVARCHAR) 
					EXEC SP_VOUCHER_ENTRY @ACCOUNT_ID,@PRODUCTID,@PLACCOUNTID,@PLPRODUCTID,@TXNREFNO,1,@TXN_TYPE,@BATCHCODE,@SCROLLNO,@INTERESTAMOUNT,'D','000000',3004,'INTEREST APPLIED',@RUNBY,@CBSAPPDATE,0,3
				END
			END
			IF(@PNLAMOUNT <> 0)
			BEGIN
			SELECT @PENALPRODUCTID = INTERNAL_PRODUCT_ID  FROM  BSGCORE.DBO.ACCOUNT_MASTER_INTERNAL  WHERE INTERNAL_ACCOUNT_ID = @PENALACCOUNTID  AND IS_ACTIVE=1
			IF(@PENALPRODUCTID IS NOT NULL)
			BEGIN
			-- GETTING MAX SCROLL NO
					SELECT @SCROLLNO = MAX(SCROLL_NO) FROM BSGACCOUNTING.DBO.TRANSACTION_SCROLLNO WHERE TXN_DATE=CAST(@CBSAPPDATE AS DATE) AND BRANCH_CODE = @BRANCHCODE AND BATCH_CODE = @BATCHCODE
					SET @SCROLLNO = ISNULL(@SCROLLNO+1,1) 
			-- CREATING NE REF NO 
					SET @TXNREFNO = CAST(@BRANCHCODE AS NVARCHAR)+ CAST(@BATCHCODE AS NVARCHAR)+ CAST(YEAR(GETDATE()) % 10 AS NVARCHAR)+ CAST(@SCROLLNO AS NVARCHAR) + '2'			
			-- INSERT NEW REF NO 
					INSERT INTO BSGACCOUNTING..TRANSACTION_SCROLLNO(TXN_DATE,BRANCH_CODE,BATCH_CODE,TXN_REF_NO,TXN_TYPE,SCROLL_NO,CREATED_BY,CREATED_DATE)
					VALUES(@CBSAPPDATE,@BRANCHCODE,@BATCHCODE,@TXNREFNO,@TXN_TYPE,@SCROLLNO,@RUNBY,GETDATE())
			-- VOUCHER ENTRY
					EXEC SP_VOUCHER_ENTRY @ACCOUNT_ID,@PRODUCTID,@PLACCOUNTID,@PLPRODUCTID,@TXNREFNO,1,@TXN_TYPE,@BATCHCODE,@SCROLLNO,@PNLAMOUNT,'D','000000',3006,'PENAL APPLIED',@RUNBY,@CBSAPPDATE,1,3
			END
			END
			end
			else 
			begin
			IF(@INTERESTAMOUNT <> 0)
			BEGIN
			SELECT @PLPRODUCTID = INTERNAL_PRODUCT_ID  FROM  BSGCORE.DBO.ACCOUNT_MASTER_INTERNAL  WHERE INTERNAL_ACCOUNT_ID = @PLACCOUNTID  AND IS_ACTIVE=1
				IF(@PLPRODUCTID IS NOT NULL)
				BEGIN
			-- GETTING MAX SCROLL NO
					SELECT @SCROLLNO = MAX(SCROLL_NO) FROM BSGACCOUNTING.DBO.TRANSACTION_SCROLLNO WHERE TXN_DATE=CAST(@CBSAPPDATE AS DATE) AND BRANCH_CODE = @BRANCHCODE AND BATCH_CODE = @BATCHCODE
					SET @SCROLLNO = ISNULL(@SCROLLNO+1,1) 
			-- CREATING NE REF NO 
					SET @TXNREFNO = CAST(@BRANCHCODE AS NVARCHAR)+ CAST(@BATCHCODE AS NVARCHAR)+ CAST(YEAR(GETDATE()) % 10 AS NVARCHAR)+ CAST(@SCROLLNO AS NVARCHAR) + '2'			
			-- INSERT NEW REF NO 
					INSERT INTO BSGACCOUNTING..TRANSACTION_SCROLLNO(TXN_DATE,BRANCH_CODE,BATCH_CODE,TXN_REF_NO,TXN_TYPE,SCROLL_NO,CREATED_BY,CREATED_DATE)
					VALUES(@CBSAPPDATE,@BRANCHCODE,@BATCHCODE,@TXNREFNO,@TXN_TYPE,@SCROLLNO,@RUNBY,GETDATE())
			-- VOUCHER ENTRY
			PRINT '@ACCOUNT_ID ' + CAST(@ACCOUNT_ID  AS NVARCHAR)+ '@PRODUCTID ' + CAST(@PRODUCTID AS NVARCHAR) + '@PLACCOUNTID '
			 + CAST(@PLACCOUNTID  AS NVARCHAR)
					+'@PLPRODUCTID'+CAST(@PLPRODUCTID AS NVARCHAR)+ '@TXNREFNO ' + CAST(@TXNREFNO AS NVARCHAR)+'@TXN_TYPE '+CAST(@TXN_TYPE AS NVARCHAR) 
					EXEC [sp_loan_interest_application_npa] @ACCOUNT_ID,@PRODUCTID,@PLACCOUNTID,@PLPRODUCTID,@TXNREFNO,1,@TXN_TYPE,@BATCHCODE,@SCROLLNO,@INTERESTAMOUNT,'D','000000',3004,'NPA INTEREST APPLIED',@RUNBY,@CBSAPPDATE,0,3
				END
			END
			IF(@PNLAMOUNT <> 0)
			BEGIN
			SELECT @PENALPRODUCTID = INTERNAL_PRODUCT_ID  FROM  BSGCORE.DBO.ACCOUNT_MASTER_INTERNAL  WHERE INTERNAL_ACCOUNT_ID = @PENALACCOUNTID  AND IS_ACTIVE=1
			IF(@PENALPRODUCTID IS NOT NULL)
			BEGIN
			-- GETTING MAX SCROLL NO
					SELECT @SCROLLNO = MAX(SCROLL_NO) FROM BSGACCOUNTING.DBO.TRANSACTION_SCROLLNO WHERE TXN_DATE=CAST(@CBSAPPDATE AS DATE) AND BRANCH_CODE = @BRANCHCODE AND BATCH_CODE = @BATCHCODE
					SET @SCROLLNO = ISNULL(@SCROLLNO+1,1) 
			-- CREATING NE REF NO 
					SET @TXNREFNO = CAST(@BRANCHCODE AS NVARCHAR)+ CAST(@BATCHCODE AS NVARCHAR)+ CAST(YEAR(GETDATE()) % 10 AS NVARCHAR)+ CAST(@SCROLLNO AS NVARCHAR) + '2'			
			-- INSERT NEW REF NO 
					INSERT INTO BSGACCOUNTING..TRANSACTION_SCROLLNO(TXN_DATE,BRANCH_CODE,BATCH_CODE,TXN_REF_NO,TXN_TYPE,SCROLL_NO,CREATED_BY,CREATED_DATE)
					VALUES(@CBSAPPDATE,@BRANCHCODE,@BATCHCODE,@TXNREFNO,@TXN_TYPE,@SCROLLNO,@RUNBY,GETDATE())
			-- VOUCHER ENTRY
					EXEC [sp_loan_interest_application_npa] @ACCOUNT_ID,@PRODUCTID,@PLACCOUNTID,@PLPRODUCTID,@TXNREFNO,1,@TXN_TYPE,@BATCHCODE,@SCROLLNO,@PNLAMOUNT,'D','000000',3006,'NPA INTEREST APPLIED',@RUNBY,@CBSAPPDATE,1,3
			END
			END
			end
			SET @CNT -= 1
		END
		--COMMIT TRANSACTION  M2

		select @successCount = count(case when response_code = 1 then 1 else null end), 
		@failureCount =  count(case when response_code <> 1 then 1 else null end)
		  from   BSGTURING.DBO.TURING_TASK_RESULT where task_id=37 and id > @maxid
		 
END

/*
SELECT * FROM BSGACCOUNTING..TRANSACTION_SCROLLNO ORDER BY ID DESC
*/


"
94,sp_kiosk_receipt_printing,"CREATE   procedure [dbo].[sp_kiosk_receipt_printing]	-- sp_kiosk_receipt_printing '10000802268',21018039172
@token_id varchar(50),
@txn_ref_no bigint
AS 
BEGIN

	SELECT 
		token_no,
		total_amount,
		txn_date,
		txn_nature
	FROM 
		BSGACCOUNTING..token_status 
	WHERE 
		token_id = @token_id and 
		is_active=1
--------------------------------------------------------------- 
	SELECT 
		CASE WHEN batch_code = 102 THEN cast((SELECT machine_id FROM kiosk_master) AS VARCHAR(10)) ELSE 'N/A' END AS machine_id
	FROM 
		BSGACCOUNTING..transaction_pending 
	WHERE 
		txn_ref_no = @txn_ref_no
---------------------------------------------------------------  
	SELECT 
		name 
	FROM 
		BSGADMIN..employee_master 
	WHERE 
		employee_id in (select teller_id from BSGACCOUNTING..kiosk_master) and 
		is_active=1
 --------------------------------------------------------------- 
	SELECT 
		dname,
		qty,
		dval,
		CASE WHEN LOWER(dtype) = 'c' THEN 'Coins' WHEN LOWER(dtype) = 'p' THEN 'Paper' ELSE 'N/A' END AS dtype 
	FROM 
		BSGACCOUNTING..transaction_denomination 
	WHERE 
		token_id = @token_id and 
		is_active=1
--------------------------------------------------------------- 
END


"
95,sp_last_transaction,"-- =============================================
-- Author:        <Author,,Shubham Bhalerao>
-- Create date: <Create Date,, 04/10/2022>
-- Description:    <Description,, Save Max Transaction Posting Date in account_last_transaction_date>
-- =============================================
CREATE PROCEDURE [dbo].[sp_last_transaction] --[sp_last_transaction]
    -- Add the parameters for the stored procedure here
AS
BEGIN
    declare @totalCount int = 0;
    IF OBJECT_ID('tempdb..#temp') IS NOT NULL
        drop table #temp;
    
    declare @cbsAppDate date;
    SELECT  @cbsAppDate = app_date  FROM BSGACCOUNTING..cbs_application_date WITH(NOLOCK) WHERE is_active = 1;
	SET @cbsAppDate = DATEADD(DAY,-1,@cbsAppDate)



SELECT DISTINCT activity_id,txn_nature,'U' user_type
INTO #activity_master
FROM BSGACCOUNTING..activity_type WITH(NOLOCK) WHERE classification_id IN(1,2,3,4,6)

SELECT  id, account_id, txn_nature, activity_id, txn_amount, txn_posting_date, narration
INTO #transaction_master
FROM BSGACCOUNTING..transaction_master WITH(NOLOCK)

--FROM (SELECT  id, account_id, txn_nature, activity_id, txn_amount, txn_posting_date, narration 
--		FROM BSGACCOUNTING..transaction_master WITH(NOLOCK)
--	UNION ALL
--		SELECT  id, account_id, txn_nature, activity_id, txn_amount, txn_posting_date, narration 
--		FROM BSGDEEPFREEZE..transaction_master_df WITH(NOLOCK)
--		) a
--WHERE
--	txn_posting_date>='2023-06-02'

	
--UPDATE temp_df
--SET activity_id = 11141
--FROM #transaction_master temp_df
--WHERE LEN(activity_id) = 4 
--AND (narration like '%Charges%' OR narration like '%Interest%')



SELECT 
	id,
	account_id,
	CASE WHEN txn_nature='C' AND activity_id IN(SELECT activity_id FROM #activity_master WITH(NOLOCK) WHERE txn_nature='C' and user_type='U')
	AND (narration NOT LIKE 'INT%') THEN txn_amount ELSE 0 END user_init_credit,
	CASE WHEN txn_nature='D' AND activity_id IN(SELECT activity_id FROM #activity_master WITH(NOLOCK) WHERE txn_nature='D' and user_type='U')
	AND (narration NOT LIKE 'INT%') THEN txn_amount ELSE 0 END user_init_debit,
	CASE WHEN txn_nature='C' AND activity_id NOT IN(SELECT activity_id FROM #activity_master WITH(NOLOCK) WHERE txn_nature='C' and user_type='U') THEN txn_amount ELSE 0 END sys_init_credit,
	CASE WHEN txn_nature='D' AND activity_id NOT IN(SELECT activity_id FROM #activity_master WITH(NOLOCK) WHERE txn_nature='D' and user_type='U') THEN txn_amount ELSE 0 END sys_init_debit,
	txn_posting_date 
INTO #transaction_master_temp_df
FROM #transaction_master

;WITH 
all_Accounts AS
(
	SELECT DISTINCT t.account_id,ca.account_no,ca.branch_code from  
	#transaction_master_temp_df t WITH(NOLOCK)
	INNER JOIN BSGCORE..customer_accounts ca WITH(NOLOCK)
	ON t.account_id=ca.account_id
	and ca.is_active=1

)
,user_credit as (
	SELECT * FROM (
	SELECT 
		ROW_NUMBER() OVER(partition by account_id ORDER BY a.id desc) srNo,
		user_init_credit,account_id,txn_posting_date
	FROM 
		#transaction_master_temp_df a WITH(NOLOCK)
	WHERE
		a.user_init_credit<>0
		) a WHERE a.srNo=1
),
user_debit as (
	SELECT * FROM (
	SELECT 
		ROW_NUMBER() OVER(partition by account_id ORDER BY a.id desc) srNo,
		user_init_debit,account_id,txn_posting_date
	FROM 
		#transaction_master_temp_df a WITH(NOLOCK)
	WHERE
		a.user_init_debit<>0
		) a WHERE a.srNo=1
),
sys_credit as (
	SELECT * FROM (
	SELECT 
		ROW_NUMBER() OVER(partition by account_id ORDER BY a.id desc) srNo,
		sys_init_credit,account_id,txn_posting_date
	FROM 
		#transaction_master_temp_df a WITH(NOLOCK)
	WHERE
		a.sys_init_credit<>0
		) a WHERE a.srNo=1
),
sys_debit as (
	SELECT * FROM (
	SELECT 
		ROW_NUMBER() OVER(partition by account_id ORDER BY a.id desc) srNo,
		sys_init_debit,account_id,txn_posting_date
	FROM 
		#transaction_master_temp_df a WITH(NOLOCK)
	WHERE
		a.sys_init_debit<>0
		) a WHERE a.srNo=1
)
SELECT 
	a.account_id
	,uc.user_init_credit,uc.txn_posting_date  user_init_credit_dt
	,ud.user_init_debit,ud.txn_posting_date  user_init_debit_dt
	,sc.sys_init_credit,sc.txn_posting_date sys_init_credit_dt
	,sd.sys_init_debit,sd.txn_posting_date sys_init_debit_dt,
	account_no,branch_code
INTO #last_transactions_df
FROM 
all_Accounts a WITH(NOLOCK)
LEFT OUTER JOIN user_credit uc WITH(NOLOCK)
	ON a.account_id=uc.account_id
LEFT OUTER JOIN user_debit ud WITH(NOLOCK)
	ON a.account_id=ud.account_id
LEFT OUTER JOIN sys_credit sc WITH(NOLOCK)
	ON a.account_id=sc.account_id
LEFT OUTER JOIN sys_debit sd WITH(NOLOCK)
	ON a.account_id=sd.account_id


 
MERGE BSGACCOUNTING.dbo.account_last_transaction_date  AS target  
USING (
	SELECT account_id, user_init_debit_dt, user_init_credit_dt, 
     	sys_init_debit_dt,sys_init_credit_dt,user_init_debit,user_init_credit,account_no,branch_code FROM #last_transactions_df
	)
         AS source (account_id, user_init_debit_dt, user_init_credit_dt,sys_init_debit_dt,sys_init_credit_dt,user_init_debit,user_init_credit,account_no,branch_code)  
         ON (target.account_id = source.account_id and target.is_active=1)  
         WHEN MATCHED THEN
             UPDATE SET 
				target.user_debit_txn_date = ISNULL(source.user_init_debit_dt,target.user_debit_txn_date) ,
     			target.user_credit_txn_date = ISNULL(source.user_init_credit_dt,target.user_credit_txn_date),
     			target.system_debit_txn_date = ISNULL(source.sys_init_debit_dt,target.system_debit_txn_date),
     			target.system_credit_txn_date = ISNULL(source.sys_init_credit_dt,target.system_credit_txn_date),
     			target.user_debit_txn_amount = ISNULL(source.user_init_debit,target.user_debit_txn_amount),
     			target.user_credit_txn_amount = ISNULL(source.user_init_credit,target.user_credit_txn_amount),
     			target.last_modified_date = GETDATE()
         WHEN NOT MATCHED THEN  
         INSERT (account_id, account_no,branch_code,user_debit_txn_date,user_credit_txn_date,system_debit_txn_date,system_credit_txn_date,
     	  user_debit_txn_amount,user_credit_txn_amount,created_by,created_date,last_modified_by,last_modified_date,is_active)  
         VALUES (source.account_id,
         account_no,
		 branch_code,
         source.user_init_debit_dt,source.user_init_credit_dt,source.sys_init_debit_dt, source.sys_init_credit_dt,
     	source.user_init_debit, source.user_init_credit, -11,
         getdate(),
     	-11,
         getdate(),
         1);


   set @totalCount = @@ROWCOUNT;
    Select @totalCount
END"
96,sp_last_transaction_backup,"-- =============================================
-- Author:        <Author,,Shubham Bhalerao>
-- Create date: <Create Date,, 04/10/2022>
-- Description:    <Description,, Save Max Transaction Posting Date in account_last_transaction_date>
-- =============================================
CREATE   PROCEDURE [dbo].[sp_last_transaction_backup] --[sp_last_transaction]
    -- Add the parameters for the stored procedure here
AS
BEGIN
    declare @totalCount int = 0;
    IF OBJECT_ID('tempdb..#temp') IS NOT NULL
    drop table #temp;
    
    declare @cbsAppDate date;
    SELECT  @cbsAppDate = app_date  FROM BSGACCOUNTING..cbs_application_date WHERE is_active = 1;
	SET @cbsAppDate = DATEADD(DAY,-1,@cbsAppDate)


   CREATE TABLE #temp(
        account_id bigint,
        txn_posting_date date
    )
    
    CREATE UNIQUE INDEX temp_index
    ON #temp (account_id);



    insert into #temp
    SELECT account_id, MAX(txn_posting_date) as txn_posting_date
    FROM transaction_master tm with(nolock)
    WHERE activity_id in (1001,1002,3001,3003,6001,6002,1005,1006)
    AND txn_posting_date = @cbsAppDate
	and is_active=1
    GROUP BY account_id
    



   MERGE BSGACCOUNTING.dbo.account_last_transaction_date  AS target  
    USING (SELECT account_id, txn_posting_date FROM #temp)
    AS source (account_id, txn_posting_date)  
    ON (target.account_id = source.account_id and target.is_active=1)  
    WHEN MATCHED THEN
        UPDATE SET target.last_transaction_date = source.txn_posting_date ,target.last_modified_date = getDate()
    WHEN NOT MATCHED THEN  
    INSERT (account_id, account_no,branch_code,last_transaction_date,created_date,last_modified_date,is_active)  
    VALUES (source.account_id,
    (isnull((SELECT DISTINCT account_no from BSGCORE..customer_accounts WITH(NOLOCK) WHERE account_id = source.account_id and is_active=1),'-1')),
    (isnull((SELECT branch_code FROM BSGCORE..customer_accounts WITH(NOLOCK)  WHERE account_id = source.account_id  and is_active=1), -1)),
    source.txn_posting_date,
    getdate(),
    getdate(),
    1);



   set @totalCount = @@ROWCOUNT;
    Select @totalCount
END
"
97,sp_LoadAccountsForCharge,"create    PROCEDURE [dbo].[sp_LoadAccountsForCharge]  --  sp_LoadAccountsForCharge 'sp_test',1
    @sp_name VARCHAR(100),
    @charge_id INT
AS
BEGIN
    DECLARE @SQL VARCHAR(MAX) = 'EXEC ' + @sp_name + ';'
    EXEC(@SQL)
END
"
98,sp_loan_interest_accrual,"-- =============================================
-- Author:		<Author,,Name>
-- Create date: <Create Date,,>
-- Description:	<Description,,>
-- =============================================
CREATE   PROCEDURE [dbo].[sp_loan_interest_accrual] 
-- [sp_loan_interest_accural] @cbsApplicationDate='2017-08-04' ,@modifiedby=1,@successCount=null,@failureCount=null
@cbsApplicationDate datetime =  null,
@modifiedby nvarchar(10) = null
AS
BEGIN
--return 1;

	select *,case when prime_security_type = 2 and principal_amount  < 0 then 
 -1*dbo.fn_calcInterestForLoanAgainstDeposit(loan_account_id,intDate,principal_amount,offset)
when principal_amount  < 0 then   (principal_amount*(rate_of_interest+offset))/36500 /*CASE WHEN dbo.IsLeapYear(intRate.intDate) = 1 THEN 36600 ELSE  36500 END*/ else 0 end intAcc into #temp
 from (select *,(select --top 1 
            case ab.interest_calculation_on 
                when 1 then abl.checker_clear_balance +(-1) *(npa_interest_amount + npa_penal_interest_amount +
				npa_charges_amount)+(subsidy_received-subsidy_realised)
                when 2 then abl.principal_outstanding + (subsidy_received-subsidy_realised)
                else 0
                end
            from bsgaccounting.dbo.account_balance_loan abl 
            where 
                abl.loan_account_id = ab.loan_account_id 
                and abl.txn_date = (select max(txn_date) from bsgaccounting.dbo.account_balance_loan ablinner 
                                    where txn_date<=ab.intDate and is_active=1
                                    and ablinner.loan_account_id = abl.loan_account_id)
				and is_active=1
        )
        as principal_amount,
        case ab.interest_rate_type
            when 1 then ab.labIntrate -- doubt : or effective_rate_of_interest
            when 2 then ab.produatRateOfInt
            else 0
        end as rate_of_interest from (select * from (select 
	lam.* ,isnull(alla.accrual_date,dateadd(day,-1,lab.disbursement_date))accrual_date,
	lpm.interest_rate_type,lpm.interest_calculation_on,lpm.prime_security_type,
	dateadd(day,sv.number+1,isnull(alla.accrual_date,dateadd(day,-1,lab.disbursement_date))) intDate
	,lab.rate_of_interest labIntrate,
--	lpm.rate_of_interest produatRateOfInt,
	isnull((select 
				top 1 rate_of_interest 
			from 
				bsgloan..loan_interest_slab_master 
			where 
				is_active=1 
				and effective_date = (select 
										MAX(i.effective_date) 
									 from 
										bsgloan..loan_interest_slab_master i  
									 where 
										i.effective_date <= dateadd(day,sv.number+1,isnull(alla.accrual_date,dateadd(day,-1,lab.disbursement_date))) 
										and i.loan_product_id=lpm.loan_product_id 
									 ) 
				and loan_product_id=lpm.loan_product_id 
				and lab.loan_amount>=from_amount 
				and lab.loan_amount<=to_amount
				AND from_months <= ((lab.loan_tenure_year * 12) + lab.loan_tenure_month + (lab.loan_tunure_days / 30)) 
				AND to_months >= ((lab.loan_tenure_year * 12) + lab.loan_tenure_month + (lab.loan_tunure_days / 30))
			order by 
				effective_date desc, from_months, to_months), lab.rate_of_interest) produatRateOfInt,
	lab.offset
from 
	BSGLOAN..loan_account_master lam
left outer join 
	BSGACCOUNTING..account_loan_last_accrual alla
on 
	lam.loan_account_id = alla.loan_account_id
and 
	alla.is_active=1
left outer join
	BSGLOAN..loan_account_basic lab
on 
	lam.loan_account_id = lab.loan_account_id
and 
	lab.is_active=1 
left outer join 
	BSGLOAN.dbo.loan_product_master lpm
on 
	lam.loan_product_id = lpm.loan_product_id
and
	lpm.is_active =1
left outer join 
	master..spt_values sv
 on 
	dateadd(day,sv.number+1,isnull(alla.accrual_date,dateadd(day,-1,lab.disbursement_date))) <= @cbsApplicationDate
 and 
    sv.type = 'P'
where 
	lam.is_active=1 
and 
	lam.loan_account_status=1 
and 
	lam.loan_type=1)a
)ab )intRate

	--select * from #temp where loan_account_id=1130
	select pnl.*,txnDate.txn_date into #temp1 from  (select loan_account_id,sum(intAcc) inteAmount from #temp  group by loan_account_id) pnl
				left outer join 
				(select loan_account_id,max(txn_date) txn_date from BSGACCOUNTING.dbo.account_balance_loan abl  where is_active = 1 group by loan_account_id) txnDate
			on 
				pnl.loan_account_id = txnDate.loan_account_id

update BSGACCOUNTING.dbo.account_balance_loan
set interest_accrual = ab.interest_accrual+(-1*(inteAmount))
--,last_accrual_date = intrestdate
,last_modified_by = @modifiedby
,last_modified_date = getdate()
from 
(select loan_account_id,txn_date,sum(inteAmount) inteAmount from #temp1   group by loan_account_id,txn_date)
 ints
inner join 
	BSGACCOUNTING.dbo.account_balance_loan ab
on 
	ints.loan_account_id = ab.loan_account_id
and 
	ints.txn_date  = ab.txn_date 

	--select * from #temp1
 MERGE BSGACCOUNTING.dbo.account_loan_last_accrual  AS target  
    USING (SELECT loan_account_id,@cbsApplicationDate from #temp1   ) 
	AS source (loan_account_id, interestDate)  
    ON (target.loan_account_id = source.loan_account_id)  
    WHEN MATCHED THEN  
        UPDATE SET accrual_date = source.interestDate ,last_modified_by = @modifiedby,last_modified_date=getdate()
WHEN NOT MATCHED THEN  
    INSERT (loan_account_id, accrual_date,created_by,created_date,last_modified_by,last_modified_date,is_active)  
    VALUES (source.loan_account_id, source.interestDate,@modifiedby,getdate(),@modifiedby,getdate(),1);
	-- OUTPUT deleted.*, $action, inserted.* INTO #MyTempTable;      
 
 --select * from BSGACCOUNTING.dbo.account_loan_last_accrual 

insert into bsgturing.dbo.turing_task_result(task_id,task_ref_id,task_ref_table,response_code,message,created_date,created_by)	
	select 24,loan_account_id,'account_balance_loan', case when abs(interest) > 0.00 then 1 when interest = 0.00 then 3 when interest is null then 2 else 0 end,
	  case when abs(interest) > 0.00 then 'Success' when interest = 0.00 then 'Day diff or interest calculation may be 0' when interest is null then 'Account balance not found' else 'Failed' end,
	  getdate(),@modifiedby from 
	  (select loan_account_id,txn_date,sum(inteAmount) interest from #temp1  group by loan_account_id,txn_date)a
	DECLARE @successCount int, @failureCount int;
	select  @successCount =  (select count(1) from (select distinct loan_account_id from #temp1 )a) 
	, @failureCount = (select count(1) from (select distinct loan_account_id from #temp1 where (inteAmount > 0.00 or inteAmount is null))b) 
	drop table #temp
	--drop table #account_balance
	select @successCount successCount ,@failureCount failureCount;
	print @successCount
	print @failureCount

	exec BSGACCOUNTING..SMA_IDENTIFICATION @cbsApplicationDate
END
"
99,sp_loan_interest_exception,"-- =============================================
-- Author:		Vatsal Sura
-- Create date: 2020-02-07
-- Description:	<Description,,>
-- =============================================
CREATE     PROCEDURE [dbo].[sp_loan_interest_exception] 
--[sp_loan_interest_exception] '2020-08-31',1
	@cbsAppDate DATE, 
	@fetchAllAccounts INT
AS
BEGIN
	DECLARE @txnDate DATE = (SELECT app_date FROM BSGACCOUNTING..cbs_application_date WHERE is_active = 1);
	SET NOCOUNT ON;

	SELECT lam.loan_account_no, lam.loan_account_id, lam.date_of_account_opening, lam.asset_classification 
	, lab.loan_amount, lab.rate_of_interest, lab.offset, lab.disbursement_date, lab.limit_expiry_date, abl.checker_clear_balance, abl.interest_accrual
	, lpm.interest_frequency, lpm.interest_calculation_on, lpm.interest_rate_type, lpm.prime_security_type, @cbsAppDate interest_date 
	, iem.account_id exception_account_id, iem.remarks 
	, (SELECT CONCAT(employee_code, '-', name) FROM BSGADMIN..employee_master WHERE employee_id = iem.created_by AND is_active = 1) exception_created_by 
	, iem.created_date exception_created_date 
	, ium.account_id update_account_id, ium.old_value old_value, ium.new_value new_value 
	, (SELECT CONCAT(employee_code, '-', name) FROM BSGADMIN..employee_master WHERE employee_id = ium.created_by AND is_active = 1) update_created_by 
	, ium.created_date update_created_date 
	FROM BSGLOAN..loan_account_master lam 
	INNER JOIN BSGLOAN..loan_account_basic lab 
	ON lab.loan_account_id = lam.loan_account_id AND lab.is_active = 1 
	INNER JOIN (SELECT loan_account_id, MAX(txn_date) txn_date 
	FROM BSGACCOUNTING..account_balance_loan 
	-- WHERE is_active = 1 
	GROUP BY loan_account_id) maxabl 
	ON maxabl.loan_account_id = lam.loan_account_id 
	INNER JOIN BSGACCOUNTING..account_balance_loan abl 
	ON abl.loan_account_id = lam.loan_account_id 
	AND abl.txn_date = maxabl.txn_date 
	AND abl.is_active = 1 
	INNER JOIN BSGLOAN..loan_product_master lpm 
	ON lpm.loan_product_id = lam.loan_product_id 
	AND lpm.loan_product_code NOT IN (0) 
	AND lpm.interest_frequency <= CASE MONTH(@txnDate) WHEN 3 THEN 4 WHEN 9 THEN 3 WHEN 6 THEN 2 WHEN 12 THEN 2 ELSE 1 END 
	AND lpm.is_active = 1 
	LEFT JOIN BSGACCOUNTING..interest_exception_master iem 
	ON iem.account_id = lam.loan_account_id 
	AND iem.txn_date = (SELECT MAX(txn_date) FROM BSGACCOUNTING..interest_exception_master WHERE account_id = lam.loan_account_id AND is_active = 1) 
	AND iem.is_active = 1 
	LEFT JOIN BSGACCOUNTING..interest_update_master ium 
	ON ium.account_id = lam.loan_account_id AND ium.txn_date = @txnDate AND ium.is_active = 1 
	WHERE lam.date_of_account_opening < @txnDate AND lam.loan_account_status <> 2 AND lam.is_active = 1 
	AND ((lpm.interest_calculation_on = 1 AND (abl.checker_clear_balance + ((-1) * (abl.npa_interest_amount + abl.npa_penal_interest_amount + abl.npa_charges_amount)) + (abl.subsidy_received - abl.subsidy_realised)) < 0) 
	OR (lpm.interest_calculation_on = 2 AND (abl.principal_outstanding + (abl.subsidy_received - abl.subsidy_realised)) < 0)) 
	AND ((@fetchAllAccounts = 0 AND abl.interest_accrual <= 0 AND (iem.account_id IS NULL OR iem.txn_date <> @txnDate)) 
	OR (@fetchAllAccounts = 1 AND (ium.account_id IS NOT NULL OR (iem.account_id IS NOT NULL AND iem.txn_date = @txnDate))));
END


"
100,sp_loan_penal_interest_accrual,"-- =============================================
-- Author:		<Author,,Name>
-- Create date: <Create Date,,>
-- Description:	<Description,,>
-- =============================================
CREATE    PROCEDURE [dbo].[sp_loan_penal_interest_accrual] -- [sp_loan_penal_interest_accrual] @toDate='2017-08-16',@modifiedby=null,@successCount=null,@failureCount=null
@toDate date = null,
@modifiedby nvarchar(10) = null
AS
BEGIN
	
	select 
		od.*,case when od.overdue_amount is null then null  when od.penal_int_mode_for_overdue =1 then od.penal_interest_for_overdue else  (penal_interest_for_overdue * od.overdue_amount)/36500 /*CASE WHEN dbo.IsLeapYear(od.intrdate) = 1 THEN 36600 ELSE  36500 END*/ end  pnlAmount into #temp
	from 
		(select ac.*,
				(select 
					overdue_amount /*+ npa_interest_amount + npa_penal_interest_amount + npa_charges_amount*/
				from 
					BSGACCOUNTING.dbo.account_balance_loan 
				where 
					txn_date =( 
								select 
									max(txn_date) 
								from 
									BSGACCOUNTING.dbo.account_balance_loan 
				 				where 
									loan_account_id = ac.loan_account_id 
								and 
									txn_date <= Dateadd(day,sv.number+1,ac.accrual_date )
								and is_active=1 )
				and 
					loan_account_id = ac.loan_account_id
				and 
					is_active=1 ) overdue_amount,
				Dateadd(day,sv.number+1,ac.accrual_date ) intrdate from (select 
			lam.*,
			isnull(lastAccuralDate.accrual_date ,dateadd(day,-1,lab.disbursement_date)) accrual_date
			,lpm.penal_int_mode_for_overdue
			,lpm.penal_interest_for_overdue				
		from  
			BSGLOAN.dbo.loan_account_master lam  
		left outer join 
			(select 
				loan_account_id,
				max(penal_accrual_date) accrual_date  
			from 
				BSGACCOUNTING.dbo.account_loan_last_accrual 
			where 
				is_active=1 
			group by 
				loan_account_id)lastAccuralDate
			on 
				lam.loan_account_id = lastAccuralDate.loan_account_id
			left join 
				BSGLOAN.dbo.loan_account_basic lab
			on 
				lam.loan_account_id = lab.loan_account_id
			and 
				lab.is_active=1
			left join 
				BSGLOAN.dbo.loan_product_master lpm
			on 
				lam.loan_product_id = lpm.loan_product_id
			and 
				lpm.is_active =1
			where lam.is_active=1 and lam.loan_account_status  in (1) and lam.loan_type=1
				)ac
			left outer join 
				master..spt_values sv
			on Dateadd(day,sv.number+1,ac.accrual_date ) <= @toDate
			and type='P')od
			--select * from #temp

			select pnl.*,txnDate.txn_date into #temp1 from  (select loan_account_id,sum(pnlAmount) pnlAmount from #temp  group by loan_account_id) pnl
				left outer join 
				(select loan_account_id,max(txn_date) txn_date from BSGACCOUNTING.dbo.account_balance_loan abl where is_active = 1 group by loan_account_id) txnDate
			on 
				pnl.loan_account_id = txnDate.loan_account_id




update BSGACCOUNTING.dbo.account_balance_loan
set penal_interest_accrual = penal_interest_accrual+interest
--,last_accrual_date = intrestdate
,last_modified_by = @modifiedby
,last_modified_date = getdate()
from 
(select loan_account_id,txn_date,sum(pnlAmount) interest from #temp1 where pnlAmount > 0.00   group by loan_account_id,txn_date)
 ints
inner join 
	BSGACCOUNTING.dbo.account_balance_loan ab
on 
	ints.loan_account_id = ab.loan_account_id
and 
	ints.txn_date  = ab.txn_date 

 MERGE BSGACCOUNTING.dbo.account_loan_last_accrual  AS target  
    USING (SELECT loan_account_id,@toDate from #temp1 group by loan_account_id having sum(pnlAmount) >= 0.00  ) AS source (loan_account_id, penal_accrual_date)  
    ON (target.loan_account_id = source.loan_account_id)  
    WHEN MATCHED THEN  
        UPDATE SET penal_accrual_date = source.penal_accrual_date ,last_modified_by = @modifiedby,last_modified_date=getdate()
WHEN NOT MATCHED THEN  
    INSERT (loan_account_id, penal_accrual_date,created_by,created_date)  
    VALUES (source.loan_account_id, source.penal_accrual_date,@modifiedby,getdate());
	-- OUTPUT deleted.*, $action, inserted.* INTO #MyTempTable;      
 
 --select * from BSGACCOUNTING.dbo.account_loan_last_accrual 

insert into bsgturing.dbo.turing_task_result(task_id,task_ref_id,task_ref_table,response_code,message,created_date,created_by)	
	select 26,loan_account_id,'account_balance_loan', case when interest >= 0.00 then 1 when interest = 0.00 then 3 when interest is null then 2 else 0 end,
	  case when interest >= 0.00 then 'Success' when interest = 0.00 then 'Day diff or interest calculation may be 0' when interest is null then 'Account balance not found' else 'Failed' end,
	  getdate(),@modifiedby from 
	  (select loan_account_id,txn_date,sum(pnlAmount) interest from #temp1  group by loan_account_id,txn_date)a
	DECLARE @successCount int, @failureCount int;
	select  @successCount =  (select count(1) from (select distinct loan_account_id from #temp1 where pnlAmount > 0.00 or pnlAmount = 0.00)a) 
	, @failureCount = (select count(1) from (select distinct loan_account_id from #temp1 where (pnlAmount is null ))b) 
	drop table #temp
	--drop table #account_balance
	select @successCount successCount ,@failureCount failureCount;
	print @successCount
	print @failureCount
	--select * from BSGLOAN.dbo.loan_product_master
	--select * from BSGLOAN.dbo.loan_account_master
	

	
END



"
101,sp_mf_co_based_demand,"-- =============================================
-- Author:		<Author,Akhil Chandran>
-- Create date: <Create Date,2022-12-12>
-- Description:	<Description,MF-CO-BASED-DEMAND-DETAILS>
-- =============================================
CREATE   PROCEDURE [dbo].[sp_mf_co_based_demand]  -- sp_mf_co_based_demand 
@branchCode int = 0 ,
@summaryOrDetail int = 0, -- 0 = summary , 1 - detailed , -1 -- insertinDemandtable
@page int = 1,
@size int = 50
AS
BEGIN
	SET NOCOUNT ON;
declare @demandDate date =  (select dateadd(day,-1,cast(app_date as date)) from BSGACCOUNTING..cbs_application_date where is_active = 1)

	declare @fromrnum int = case when @page = 1 then 1 else (@page-1)*@size end
	declare @tornum int = case when @page = 1 then @size else @size * @page end
		
		if(@summaryOrDetail = 0) -- summary
		begin
			DROP TABLE if exists #finalMFAccountData;
			select account_id loan_account_id,0 installmentno,sum(collection_amt) collection_amt,ROW_NUMBER()over(order by account_id) rnum
			into #finalMFAccountData
			from BSGLOAN..co_based_demand_details
			where status = 1 and is_active = 1 and cast(app_date as date) = cast(@demandDate as date)
			group by account_id

			select a.*,b.ref_id,c.co_id,d.co_name,c.village_id,e.village_name,c.center_id,f.center_name,c.group_id,g.group_name,
			collection_day,collection_week
			from #finalMFAccountData a
			inner join bsgloan..loan_account_master lam
			on
				a.loan_account_id = lam.loan_account_id
			inner join bsgloan..loan_micro_finance_master b
			on	
				a.loan_account_id = b.loan_account_id
			inner join bsgloan..co_group_mapping c
			on
				b.ref_id = c.ref_id
			left outer join bsgloan..collection_officer_master d
			on	
				c.co_id = d.co_id
			and
				d.is_active = 1
			left outer join bsgloan..village_master e
			on
				c.village_id = e.village_id
			and
				e.is_active = 1
			left outer join bsgloan..center_master f
			on
				c.center_id = f.center_id
			and
				f.is_active = 1
			left outer join bsgloan..loan_group_master g
			on
				c.group_id = g.group_id
			and
				g.is_active = 1	
			where 
				b.is_active = 1 and c.is_active = 1  and c.status = 1 and lam.is_active = 1
				and rnum > @fromrnum and rnum <= @tornum
		end
		else if(@summaryOrDetail = 1) -- @summaryOrDetail = 1 -- detailed
		begin
		
			select account_id loan_account_id,0 installmentno
			from BSGLOAN..co_based_demand_details cbdd
			inner join bsgloan..loan_account_master lam
			on
				cbdd.account_id = lam.loan_account_id
			inner join bsgaccounting..loan_repayment_chart lrc
			on
				cbdd.account_id = lrc.loan_account_id
			and
				cbdd.installment_no = lrc.installment_no 		
			and
				lrc.id = (select max(id) from BSGACCOUNTING..loan_repayment_chart a where a.loan_account_id = cbdd.account_id and
				a.installment_no = lrc.installment_no ) 
			where 
				cbdd.status = 1 
			and 
				cbdd.is_active = 1 
			and 
				cast(cbdd.app_date as date) = cast(@demandDate as date)
			and
				lam.is_active = 1
			and
				lrc.is_active = 1

		end
		else if(@summaryOrDetail = -1) -- @summaryOrDetail = 1 -- insert activity
		begin
		
			declare @hoBranchCode varchar(10) = (select config_value from BSGADMIN..cbs_config where config_key = 'HO_BRANCH_ID');

			set @branchCode = case 
				when cast(@hoBranchCode as int) = @branchCode then null 
				else @branchCode end;
			
			set @demandDate = case 
				when  @demandDate is null then (select app_date from BSGACCOUNTING..cbs_application_date where is_active = 1) 
				else @demandDate end;

			declare @microFinanceProduct varchar(20) = null;
			set @microFinanceProduct = (select config_value from BSGADMIN..cbs_config where config_key = 'MICROFINANCE_PRODUCT');
		
			IF OBJECT_ID(N'tempdb..#tempMFProduct') IS NOT NULL
				DROP TABLE #tempMFProduct; 
		
			create table #tempMFProduct(
			productCode int,
			productDescription varchar(100)
			)
			insert into #tempMFProduct
			select productcode,product_description
			from (
			SELECT t.c.value('.', 'VARCHAR(100)') productcode
			                    FROM (
			                            SELECT x = CAST('<t>' + 
			                                REPLACE(@microFinanceProduct , ',', '</t><t>') + '</t>' AS XML)
			                         ) a
			                    CROSS APPLY x.nodes('/t') t(c) 
			) a
			inner join bsgcore..product_master pam
			on
				a.productcode = pam.product_code
			and
				pam.classification_id in (3)
			and
				pam.is_active = 1
			and
				pam.branch_code  = @hoBranchCode
			
			--select * from #tempMFProduct
			
			IF OBJECT_ID('tempdb..#tempMFAccounts') IS NOT NULL
			  DROP TABLE #tempMFAccounts; 
			
			select a.loan_account_no,lrc.loan_account_id,account_name,lrc.installment_no,lrc.installment_amount,
				isnull(lrc.principal_amount,0) principal_amount,isnull(lrc.principal_received,0) principal_rec,
				isnull(lrc.interest_amount,0) interest_amount,isnull(lrc.interest_received,0) interest_received,
				isnull(lrc.od_int_accrual,0) od_int_accrual,isnull(lrc.penal_int_accrual,0) penal_int_accrual,isnull(lrc.overdue_amount,0) overdue_amount,
				isnull(lrc.overdue_days_count,0) overdue_days_count
			into #tempMFAccounts 
			from BSGACCOUNTING..loan_repayment_chart lrc
			inner join (select a.loan_account_id , a.installment_no , max(a.id) id from BSGACCOUNTING..loan_repayment_chart a where a.is_active = 1 and
				a.due_date <= @demandDate group by a.loan_account_id,a.installment_no) lrc1
			on	
				lrc.loan_account_id = lrc1.loan_account_id
			and
				lrc.installment_no = lrc1.installment_no
			inner join bsgloan..loan_account_master a
			on
				lrc.loan_account_id = a.loan_account_id
			inner join #tempMFProduct tmp
			on
				a.loan_product_code = tmp.productCode
			
			where
				lrc.is_active = 1 
			and
				lrc.full_installment_received = 0
			and
				(@branchCode is null or a.branch_code = @branchCode)
			and
				a.loan_account_status <> 2
			
			end
		
END
"
102,sp_Npa_Borrower,"-- =============================================
-- Author:		<Abhishek,>
-- Create date: <23-01-2020, 23-01-2020>
-- Description:	<NPA BORROWER, GIVE LIST WHICH GET ACCOUNT ID SHOULD BE MARK AS NPA>
-- =============================================

create    PROCEDURE [dbo].[sp_Npa_Borrower] -- sp_Npa_Borrower '2020-01-03',-99
(
	@cbsDate Date,
	@employeeId bigint
)
AS
BEGIN

-- Final Return Table
CREATE TABLE #Npa_Borrower
(
	loanAccountId bigint,
	npaReason varchar(500)
)

-- Take Those Account Which Are Already NPA
Select 
	distinct ca.customer_id
INTO 
	#distinctCustomerId
FROM
	BSGLOAN..loan_account_master LAM WITH(NOLOCK)
	INNER JOIN (
				select	
					ABL.loan_account_id ,
					MAX(txn_date) txn_date
				FROM
					BSGACCOUNTING..account_balance_loan ABL WITH(NOLOCK)
				Where	
					ABL.is_active = 1
					and txn_date <= @cbsDate
				Group by 
					ABL.loan_account_id
				)AB
			ON AB.loan_account_id = LAM.loan_account_id
	INNER JOIN BSGACCOUNTING..account_balance_loan ABL WITH(NOLOCK)
		ON ABL.loan_account_id = AB.loan_account_id	
			and ABL.txn_date = AB.txn_date
				and ABL.is_active = 1
	INNER JOIN BSGCORE..customer_accounts CA WITH(NOLOCK)
		ON CA.account_id = LAM.loan_account_id
			and CA.is_active = 1 
	INNER JOIN BSGLOAN..loan_product_master LPM  WITH(NOLOCK)
		ON LAM.loan_product_id = LPM.loan_product_id
			and LPM.is_active = 1
Where
	LAM.is_active = 1
	and LAM.loan_account_status <> 2
	and LAM.asset_classification in (3,4,5,6,7) 
	AND ABL.checker_clear_balance  < 0
	and LPM.npa_applicable = 1

-- Take Those Account Which Are Should Be NPA
/*INSERT INTO #distinctCustomerId
Select 
	distinct ca.customer_id
FROM
	BSGACCOUNTING..loan_npa_details LNP WITH(NOLOCK)
	INNER JOIN BSGCORE..customer_accounts CA WITH(NOLOCK)
		ON CA.account_id = LNP.loan_account_id
			and CA.is_active = 1
Where
	CA.customer_id not in (select customer_id from #distinctCustomerId)
*/
Select 
	distinct 
		CM.customer_group_id
INTO 
	#distinctCustomerGroupId
FROM
	BSGCRM..customer_master CM WITH(NOLOCK)
	INNER JOIN #distinctCustomerId dci
		on CM.customer_id = dci.customer_id		
Where
	CM.is_active = 1
	
Select 
	distinct 
		CM.customer_id
INTO 
	#distinctCustomerIdForLoanCCAccounts
FROM
	BSGCRM..customer_master CM WITH(NOLOCK)
	INNER JOIN #distinctCustomerGroupId dci
		on CM.customer_group_id = dci.customer_group_id
Where
	CM.is_active = 1

INSERT INTO #Npa_Borrower
Select 
	LAM.loan_account_id ,
	'BORROWER WISE NPA' 
FROM
	BSGLOAN..loan_account_master LAM WITH(NOLOCK)
	INNER JOIN (
				select	
					ABL.loan_account_id ,
					MAX(txn_date) txn_date
				FROM
					BSGACCOUNTING..account_balance_loan ABL WITH(NOLOCK)
				Where	
					ABL.is_active = 1
					and txn_date <= @cbsDate
				Group by 
					ABL.loan_account_id
				)AB
			ON AB.loan_account_id = LAM.loan_account_id
	INNER JOIN BSGACCOUNTING..account_balance_loan ABL WITH(NOLOCK)
		ON ABL.loan_account_id = AB.loan_account_id	
			and ABL.txn_date = AB.txn_date
				and ABL.is_active = 1
	INNER JOIN BSGCORE..customer_accounts CA WITH(NOLOCK)
		ON CA.account_id = LAM.loan_account_id
			and CA.is_active = 1
	INNER JOIN BSGLOAN..loan_product_master LPM  WITH(NOLOCK)
		ON LAM.loan_product_id = LPM.loan_product_id
			and LPM.is_active = 1
	INNER JOIN  #distinctCustomerIdForLoanCCAccounts DC
		ON DC.customer_id =  CA.customer_id
Where
	LAM.is_active = 1
	and LAM.loan_account_status <> 2
	and LAM.asset_classification not in (3,4,5,6,7) 
	AND ABL.checker_clear_balance  < 0
	and LPM.npa_applicable = 1

-- final Selection 
Select 
	loanAccountId,
	npaReason
FROM
	#Npa_Borrower

END
"
103,sp_pending_charges,"-- =============================================
-- Author:		<Author,,Name>
-- Create date: <Create Date,,>
-- Description:	<Description,,>
-- =============================================
CREATE   PROCEDURE [dbo].[sp_pending_charges]
AS
BEGIN
	select 
		ac.*
	from 
		account_charges ac
	inner join
		account_balance ab
	on 
		ac.account_id = ab.account_id
	inner join  (select account_id,max(txn_date) txn_date from  account_balance ab
	where account_id in (select account_id from account_charges where status = 0  and  is_active=1)
	 group by account_id )a
	on 
		ac.account_id = a.account_id
	and	
		ab.txn_date = a.txn_date		
	where 
		status = 0 
	and 
		ac.is_active=1
	and 
		ac.charges_amount + cgst_amount+ sgst_amount<= available_balance
	and ac.charges_amount  >0
union all
select 
		ac.*
	from 
		account_charges ac
	inner join
		account_balance_loan ab
	on 
		ac.account_id = ab.loan_account_id
	inner join  (select loan_account_id,max(txn_date) txn_date from  account_balance_loan ab
	where loan_account_id in (select account_id from account_charges where status = 0  and  is_active=1)
	 group by loan_account_id )a
	on 
		ac.account_id = a.loan_account_id
	and	
		ab.txn_date = a.txn_date		
	where 
		status = 0 
	and 
		ac.is_active=1
	and 
		ac.charges_amount + cgst_amount+ sgst_amount <= available_balance
	
	and ac.charges_amount  >0
END
"
104,sp_product_info_balances,"
CREATE   PROCEDURE [dbo].[sp_product_info_balances]  --  sp_product_info_balances '9999','03-SEP-2018','07-FEB-2019',7034,'ALL','Internal',30,'N/A',-1,-1,'advance'
	@PRODUCTCODE VARCHAR(10),
	@FROMDATE DATETIME,
	@TODATE DATETIME,
	@BRCODE INT,
	@TYPE VARCHAR(20),
	@PRODTYPE VARCHAR(20),
	@SIZE INT,
	@INSTRNO VARCHAR(20) = 'N/A',
	@FROMAMOUNT DECIMAL(18,2) = -1,
	@TOAMOUNT DECIMAL(18,2) = -1,
	@NARRATION VARCHAR(50) = 'N/A'
AS BEGIN

DECLARE @PRODUCTTYPE CHAR(1)
IF(@PRODTYPE = 'EXTERNAL')
BEGIN
	SET @PRODUCTTYPE='E'
END
ELSE
BEGIN
	SET @PRODUCTTYPE='I'
END


DECLARE @OPENINGBALANCE DECIMAL(18,2)
IF(@PRODUCTTYPE = 'E')
BEGIN
SET @OPENINGBALANCE=(select checker_clear_balance from BSGACCOUNTING.dbo.product_balance WITH(NOLOCK) where is_active=1
and product_id in (select product_id from BSGCORE.dbo.product_master  WITH(NOLOCK) where is_active=1 and product_code=@productCode and branch_code=@brcode)
and txn_date=(select MAX(txn_date) from BSGACCOUNTING.dbo.product_balance  WITH(NOLOCK) where product_id in (select product_id from BSGCORE.dbo.product_master  WITH(NOLOCK) where is_active=1 and product_code=@productCode and branch_code=@brcode)
and txn_date<=@fromdate-1 ))
END
ELSE
BEGIN
SET @OPENINGBALANCE=(select checker_clear_balance from BSGACCOUNTING.dbo.product_balance_internal  WITH(NOLOCK) where is_active=1
and internal_product_id in (select internal_product_id from BSGCORE.dbo.product_master_internal  WITH(NOLOCK) where is_active=1 and product_code=@productCode and branch_code=@brcode)
and txn_date=(select MAX(txn_date) from BSGACCOUNTING.dbo.product_balance_internal WITH(NOLOCK) where internal_product_id in (select internal_product_id from BSGCORE.dbo.product_master_internal  WITH(NOLOCK)
where is_active=1 and product_code=@productCode and branch_code=@brcode)
and txn_date<=@fromdate-1 ))
END


DECLARE @CLOSINGBALANCE DECIMAL(18,2)
IF(@PRODUCTTYPE = 'E')
BEGIN
SET @CLOSINGBALANCE=(select checker_clear_balance from BSGACCOUNTING.dbo.product_balance WITH(NOLOCK) where is_active=1
and product_id in (select product_id from BSGCORE.dbo.product_master  WITH(NOLOCK) where is_active=1 and product_code=@productCode and branch_code=@brcode)
and txn_date=(select MAX(txn_date) from BSGACCOUNTING.dbo.product_balance  WITH(NOLOCK) where product_id in (select product_id from BSGCORE.dbo.product_master  WITH(NOLOCK) where is_active=1 and product_code=@productCode and branch_code=@brcode)
and txn_date<=@TODATE))
END
ELSE
BEGIN
SET @CLOSINGBALANCE=(select checker_clear_balance from BSGACCOUNTING.dbo.product_balance_internal  WITH(NOLOCK) where is_active=1
and internal_product_id in (select internal_product_id from BSGCORE.dbo.product_master_internal  WITH(NOLOCK) where is_active=1 and product_code=@productCode and branch_code=@brcode)
and txn_date=(select MAX(txn_date) from BSGACCOUNTING.dbo.product_balance_internal WITH(NOLOCK) where internal_product_id in (select internal_product_id from BSGCORE.dbo.product_master_internal  WITH(NOLOCK)
where is_active=1 and product_code=@productCode and branch_code=@brcode)
and txn_date<=@TODATE ))
END


declare @transactions table 
(
	Id bigint identity,txnrefno varchar(20),Dated datetime,description_tran varchar(200),
	Instrno varchar(15),debitamt decimal(18,2),credit decimal(18,2),closingbal decimal(18,2),
	FLG char(5),txntype varchar(20),txnBranch INT,homeBranch INT
)

if(@producttype = 'E')
BEGIN

insert into @transactions
SELECT 
	txn_ref_no,txn_value_date,narration,instr_no,DEBIT,
	CREDIT,A,B,txntype ,txn_branch,home_branch
FROM
(/*
select 
	txn_ref_no,txn_value_date,narration,instr_no,case when txn_nature='D' then txn_amount else 0 end DEBIT,
	case when txn_nature='C' then txn_amount else 0 end CREDIT,0 A,null B ,case when txn_type=1 then 'CASH' when txn_type=2
	then 'TRANSFER' when txn_type=3 then 'CLEARING' END as txntype,txn_posting_date,id,txn_branch,home_branch
from 
	BSGDEEPFREEZE.dbo.transaction_master_internal_df WITH(NOLOCK) where is_active=1
	and principal_id in
	(select product_id from BSGCORE.dbo.product_master WITH(NOLOCK) where product_code=@productCode and is_active=1 and branch_code=@brcode)
	and principal_type='EP' 
	and txn_posting_date >= @fromdate and txn_posting_date<=@todate 
UNION ALL*/
select 
	txn_ref_no,txn_value_date,narration,instr_no,case when txn_nature='D' then txn_amount else 0 end DEBIT,
	case when txn_nature='C' then txn_amount else 0 end CREDIT,0 A,null B ,case when txn_type=1 then 'CASH' when txn_type=2
	then 'TRANSFER' when txn_type=3 then 'CLEARING' END as txntype,txn_posting_date,id,txn_branch,home_branch
from 
	BSGACCOUNTING.dbo.transaction_master_internal WITH(NOLOCK) where is_active=1
	and principal_id in
	(select product_id from BSGCORE.dbo.product_master WITH(NOLOCK) where product_code=@productCode and is_active=1 and branch_code=@brcode)
	and principal_type='EP' 
	and txn_posting_date >= @fromdate and txn_posting_date<=@todate
) K
ORDER by cast(txn_posting_date as date),id

end
else
BEGIN

if(@type = 'ALL' or @type is null)
BEGIN

insert into @transactions
SELECT 
	txn_ref_no,txn_value_date,narration,instr_no,DEBIT,
	CREDIT,A,B,
	txntype,txn_branch,home_branch
FROM(/*
select 
	txn_ref_no,txn_value_date,narration,instr_no,case when txn_nature='D' then txn_amount else 0 end DEBIT,
	case when txn_nature='C' then txn_amount else 0 end CREDIT,0 A,null B,
	case when txn_type=1 then 'CASH' when txn_type=2
	then 'TRANSFER' when txn_type=3 then 'CLEARING' END as txntype,txn_posting_date,id,txn_branch,home_branch
from 
	BSGDEEPFREEZE.dbo.transaction_master_internal_df WITH(NOLOCK) where is_active=1
	and principal_id in
	(select internal_product_id from BSGCORE.dbo.product_master_internal WITH(NOLOCK) where product_code=@productCode and is_active=1 and branch_code=@brcode)
	and principal_type='IP' 
	and txn_posting_date >= @fromdate and txn_posting_date<=@todate 
UNION ALl*/
select 
	txn_ref_no,txn_value_date,narration,instr_no,case when txn_nature='D' then txn_amount else 0 end DEBIT,
	case when txn_nature='C' then txn_amount else 0 end CREDIT,0 A,null B,
	case when txn_type=1 then 'CASH' when txn_type=2
	then 'TRANSFER' when txn_type=3 then 'CLEARING' END as txntype,txn_posting_date,id,txn_branch,home_branch
from 
	BSGACCOUNTING.dbo.transaction_master_internal WITH(NOLOCK) where is_active=1
and principal_id in
(select internal_product_id from BSGCORE.dbo.product_master_internal WITH(NOLOCK) where product_code=@productCode and is_active=1 and branch_code=@brcode)
and principal_type='IP' 
and txn_posting_date >= @fromdate and txn_posting_date<=@todate 
) K
ORDER by cast(txn_posting_date as date),id

END
ELSE
BEGIN




declare @temptrans table (txnrefno varchar(20),txn_type int,txn_value_date datetime,Parti varchar(max),instr_no varchar(max),DEBIT decimal(18,2),	
CREDIT decimal(18,2),Balance decimal(18,2),Test decimal(18,2),activity_id varchar(max),txntype varchar(max)
,txn_branch INT,home_branch INT)

insert into @temptrans

SELECT 
	txn_ref_no,txn_type,txn_value_date,Parti,instr_no,DEBIT,
	CREDIT,Balance,Test,A,txntype,txn_branch,home_branch
FROM
	(
	select 
		tmi.txn_ref_no,tmi.txn_type,tmi.txn_value_date,tmi.narration Parti,instr_no,case when tmi.txn_nature='D' then tmi.txn_amount else 0 end DEBIT,
		case when tmi.txn_nature='C' then tmi.txn_amount else 0 end CREDIT,0 Balance,null as Test,null A,
		case when txn_type=1 then 'CASH' when txn_type=2
		then 'TRANSFER' when txn_type=3 then 'CLEARING' END as txntype,txn_branch,home_branch
	from 
		BSGACCOUNTING.dbo.transaction_master_internal tmi WITH(NOLOCK) 
	where 
		tmi.is_active=1
		and tmi.principal_id in
		(select internal_product_id from BSGCORE.dbo.product_master_internal WITH(NOLOCK) where product_code=@productCode and is_active=1 and branch_code=@brcode)
		and tmi.principal_type='IP' 
		and tmi.txn_posting_date >= @fromdate and tmi.txn_posting_date<=@todate
	/*UNION ALL
	select 
		tmi.txn_ref_no,tmi.txn_type,tmi.txn_value_date,tmi.narration Parti,instr_no,case when tmi.txn_nature='D' then tmi.txn_amount else 0 end DEBIT,
		case when tmi.txn_nature='C' then tmi.txn_amount else 0 end CREDIT,0 Balance,null as Test,null A,
		case when txn_type=1 then 'CASH' when txn_type=2
		then 'TRANSFER' when txn_type=3 then 'CLEARING' END as txntype,txn_branch,home_branch
	from 
		BSGDEEPFREEZE.dbo.transaction_master_internal_df tmi WITH(NOLOCK) 
	where 
		tmi.is_active=1
		and tmi.principal_id in
		(select internal_product_id from BSGCORE.dbo.product_master_internal WITH(NOLOCK) where product_code=@productCode and is_active=1 and branch_code=@brcode)
		and tmi.principal_type='IP' 
		and tmi.txn_posting_date >= @fromdate and tmi.txn_posting_date<=@todate*/
)K
		ORDER by  cast(txn_value_date as date)


update tt
set tt.Parti='OW CLG'
from @temptrans tt
left outer join
BSGACCOUNTING.dbo.clearing_outward_transaction cotr
on
tt.txnrefno=cotr.txn_ref_no and cotr.is_active=1
left outer join 
BSGACCOUNTING.dbo.transaction_status TS
on
cotr.txn_ref_no=TS.txn_ref_no and TS.txn_state<>'OR' and TS.is_active=1
where cotr.is_active=1 
and TS.txn_state<>'OR' and TS.is_active=1

/*
update tt
set tt.Parti='OW CLG'
from @temptrans tt
left outer join
BSGDEEPFREEZE.dbo.clearing_outward_transaction_df cotr
on
tt.txnrefno=cotr.txn_ref_no and cotr.is_active=1
left outer join 
BSGDEEPFREEZE.dbo.transaction_status_df TS
on
cotr.txn_ref_no=TS.txn_ref_no and TS.txn_state<>'OR' and TS.is_active=1
where cotr.is_active=1 
and TS.txn_state<>'OR' and TS.is_active=1
*/

update tt
set tt.Parti='INW RT'
from @temptrans tt
left outer join
BSGACCOUNTING.dbo.clearing_inward_transaction cotr
on
tt.txnrefno=cotr.txn_ref_no and cotr.is_active=1
left outer join 
BSGACCOUNTING.dbo.transaction_status TS
on
cotr.txn_ref_no=TS.txn_ref_no and TS.txn_state in (select status_code from BSGTURINGREPORTS..statusmaster where status_type = 'INWARD'
and Active=1 and status_name  like '%return%') and TS.is_active=1
where cotr.is_active=1 --and tt.DEBIT<>0 and tt.CREDIT=0
and TS.txn_state in (select status_code from BSGTURINGREPORTS..statusmaster where status_type = 'INWARD'
and Active=1 and status_name  like '%return%') and TS.is_active=1


/*
update tt
set tt.Parti='INW RT'
from @temptrans tt
inner join
BSGDEEPFREEZE.dbo.clearing_inward_transaction_df cotr
on
tt.txnrefno=cotr.txn_ref_no and cotr.is_active=1
inner join
BSGDEEPFREEZE.dbo.transaction_status_df TS
on
cotr.txn_ref_no=TS.txn_ref_no and TS.txn_state in (select status_code from statusmaster where status_type = 'INWARD'
and Active=1 and status_name  like '%return%') and TS.is_active=1
where cotr.is_active=1 --and tt.DEBIT<>0 and tt.CREDIT=0
and TS.txn_state in (select status_code from statusmaster where status_type = 'INWARD'
and Active=1 and status_name  like '%return%') and TS.is_active=1
*/

update tt
set tt.Parti='OW RTN'
from @temptrans tt
left outer join
BSGACCOUNTING.dbo.clearing_outward_transaction cotr
on
tt.txnrefno=cotr.txn_ref_no and cotr.is_active=1
left outer join 
BSGACCOUNTING.dbo.transaction_status TS
on
cotr.txn_ref_no=TS.txn_ref_no and TS.txn_state='OR' and TS.is_active=1
where cotr.is_active=1 --and tt.DEBIT=0 and tt.CREDIT<>0
and TS.txn_state='OR' and TS.is_active=1


/*
update tt
set tt.Parti='OW RTN'
from @temptrans tt
iNneR join
BSGDEEPFREEZE.dbo.clearing_outward_transaction_df cotr
on
tt.txnrefno=cotr.txn_ref_no and cotr.is_active=1
iNneR join
BSGDEEPFREEZE.dbo.transaction_status_df TS
on
cotr.txn_ref_no=TS.txn_ref_no and TS.txn_state='OR' and TS.is_active=1
where cotr.is_active=1 --and tt.DEBIT=0 and tt.CREDIT<>0
and TS.txn_state='OR' and TS.is_active=1
*/


update tt
set tt.Parti='INW CLG'
from @temptrans tt
left outer join
BSGACCOUNTING.dbo.clearing_inward_transaction cotr
on
tt.txnrefno=cotr.txn_ref_no and cotr.is_active=1
left outer join 
BSGACCOUNTING.dbo.transaction_status TS
on
cotr.txn_ref_no=TS.txn_ref_no and TS.txn_state not in (select status_code from BSGTURINGREPORTS..statusmaster where status_type = 'INWARD'
and Active=1 and status_name not like '%return%') and TS.is_active=1
where cotr.is_active=1 --and tt.DEBIT=0 and tt.CREDIT<>0
and TS.txn_state not in (select status_code from BSGTURINGREPORTS..statusmaster where status_type = 'INWARD'
and Active=1 and status_name not like '%return%') and TS.is_active=1

/*
update tt
set tt.Parti='INW CLG'
from @temptrans tt
iNneR join
BSGDEEPFREEZE.dbo.clearing_inward_transaction_df cotr
on
tt.txnrefno=cotr.txn_ref_no and cotr.is_active=1
iNneR join
BSGDEEPFREEZE.dbo.transaction_status_df TS
on
cotr.txn_ref_no=TS.txn_ref_no and TS.txn_state not in (select status_code from statusmaster where status_type = 'INWARD'
and Active=1 and status_name not like '%return%') and TS.is_active=1
where cotr.is_active=1 --and tt.DEBIT=0 and tt.CREDIT<>0
and TS.txn_state not in (select status_code from statusmaster where status_type = 'INWARD'
and Active=1 and status_name not like '%return%') and TS.is_active=1
*/


insert into @transactions
select NULL,txn_value_date,Parti,instr_no,DEBIT,CREDIT,0,NULL ,txntype,txn_branch,home_branch from @temptrans
where Parti not in ('INW CLG','OW RTN','INW RT','OW CLG') 
order by txn_value_date


insert into @transactions
select NULL,txn_value_date,Parti,null,sum(DEBIT),sum(CREDIT),0,NULL,txntype,txn_branch,home_branch from @temptrans
where Parti  in ('INW CLG','OW RTN','INW RT','OW CLG') 
group by txn_value_date,Parti,txntype,txn_branch,home_branch
order by txn_value_date,Parti

end
end

DECLARE @TOTALCOUNT decimal(18,2) = (select count(*) from @transactions
where (@instrNo = 'N/A' OR ISNULL(instrno,0) = @instrNo)
		AND (@fromAmount = -1 OR Credit >= @fromAmount or debitamt >= @fromAmount)
		AND (@toAmount = -1 OR Credit <= @toAmount OR debitamt <= @toAmount)
		AND (@narration = 'N/A' or ISNULL(description_tran,'N\A') like '%' + @narration + '%'));

		select  * from  
    (
SELECT
	@OPENINGBALANCE OPENINGBALANCE,
	@CLOSINGBALANCE CLOSINGBLANACE,
	CASE @PRODUCTTYPE WHEN 'I' THEN
		(SELECT DESCRIPTION FROM BSGCORE..PRODUCT_MASTER_INTERNAL WITH(NOLOCK) where is_active=1 and product_code=@PRODUCTCODE and branch_code=@BRCODE)
	WHEN 'E' THEN
		(SELECT PRODUCT_DESCRIPTION FROM BSGCORE..PRODUCT_MASTER WITH(NOLOCK) where is_active=1 and product_code=@PRODUCTCODE and branch_code=@BRCODE)
	END PRODUCT_DESCRIPTION,
	cast(@TOTALCOUNT as int) TOTALCOUNT,
	cast(ceiling(@TOTALCOUNT/@SIZE ) as int) TOTALPAGES
	)CUR_OUTPUT
END
"
105,sp_Product_Statement,"
CREATE   PROCEDURE [dbo].[sp_Product_Statement]  -- sp_Product_Statement '9999','01-Mar-2019','02-Apr-2019',7001,'ALL','Internal',50,'N/A','-1.0','10','N/A','2'
@PRODUCTCODE VARCHAR(10),
	@FROMDATE DATETIME,
	@TODATE DATETIME,
	@BRCODE INT,
	@TYPE VARCHAR(20),
	@PRODTYPE VARCHAR(20),
	@P_SIZE INT,
	@INSTRNO VARCHAR(20) = 'N/A',
	@FROMAMOUNT DECIMAL(18,2) = -1,
	@TOAMOUNT DECIMAL(18,2) = -1,
	@NARRATION VARCHAR(50) = 'N/A',
	@PAGE INT
as
begin

DECLARE @min int; 
DECLARE @max int;

declare @producttype char(1)
if(@ProdType = 'External')
BEGIN

set @producttype='E'
end
else
begin

set @producttype='I'

end

declare @openingbalance decimal(18,2)

if(@producttype = 'E')
BEGIN
set @openingbalance=(select checker_clear_balance from BSGACCOUNTING.dbo.product_balance WITH(NOLOCK) where is_active=1
and product_id in (select product_id from BSGCORE.dbo.product_master  WITH(NOLOCK) where is_active=1 and product_code=@productCode and branch_code=@brcode)
and txn_date=(select MAX(txn_date) from BSGACCOUNTING.dbo.product_balance  WITH(NOLOCK) where product_id in (select product_id from BSGCORE.dbo.product_master  WITH(NOLOCK) where is_active=1 and product_code=@productCode and branch_code=@brcode)
and txn_date<=@fromdate-1 ))
end
else
begin

set @openingbalance=(select checker_clear_balance from BSGACCOUNTING.dbo.product_balance_internal  WITH(NOLOCK) where is_active=1
and internal_product_id in (select internal_product_id from BSGCORE.dbo.product_master_internal  WITH(NOLOCK) where is_active=1 and product_code=@productCode and branch_code=@brcode)
and txn_date=(select MAX(txn_date) from BSGACCOUNTING.dbo.product_balance_internal WITH(NOLOCK) where internal_product_id in (select internal_product_id from BSGCORE.dbo.product_master_internal  WITH(NOLOCK)
where is_active=1 and product_code=@productCode and branch_code=@brcode)
and txn_date<=@fromdate-1 ))

end


declare @transactions table 
(
	Id bigint identity,txnrefno varchar(20),Dated datetime,description_tran varchar(200),
	Instrno varchar(15),debitamt decimal(18,2),credit decimal(18,2),closingbal decimal(18,2),
	FLG char(5),txntype varchar(20),txnBranch INT,homeBranch INT,balance decimal(18,2)
)

if(@producttype = 'E')
BEGIN

insert into @transactions
SELECT 
	txn_ref_no,txn_value_date,narration,instr_no,DEBIT,
	CREDIT,A,B,txntype ,txn_branch,home_branch,null
FROM
(
/*
select 
	txn_ref_no,txn_value_date,narration,instr_no,case when txn_nature='D' then txn_amount else 0 end DEBIT,
	case when txn_nature='C' then txn_amount else 0 end CREDIT,0 A,null B ,case when txn_type=1 then 'CASH' when txn_type=2
	then 'TRANSFER' when txn_type=3 then 'CLEARING' END as txntype,txn_posting_date,id,txn_branch,home_branch
from 
	BSGDEEPFREEZE.dbo.transaction_master_internal_df WITH(NOLOCK) where is_active=1
	and principal_id in
	(select product_id from BSGCORE.dbo.product_master WITH(NOLOCK) where product_code=@productCode and is_active=1 and branch_code=@brcode)
	and principal_type='EP' 
	and txn_posting_date >= @fromdate and txn_posting_date<=@todate 
UNION ALL */
select 
	txn_ref_no,txn_value_date,narration,instr_no,case when txn_nature='D' then txn_amount else 0 end DEBIT,
	case when txn_nature='C' then txn_amount else 0 end CREDIT,0 A,null B ,case when txn_type=1 then 'CASH' when txn_type=2
	then 'TRANSFER' when txn_type=3 then 'CLEARING' END as txntype,txn_posting_date,id,txn_branch,home_branch
from 
	BSGACCOUNTING.dbo.transaction_master_internal WITH(NOLOCK) where is_active=1
	and principal_id in
	(select product_id from BSGCORE.dbo.product_master WITH(NOLOCK) where product_code=@productCode and is_active=1 and branch_code=@brcode)
	and principal_type='EP' 
	and txn_posting_date >= @fromdate and txn_posting_date<=@todate
) K
ORDER by cast(txn_posting_date as date),id

end
else
BEGIN

if(@type = 'ALL' or @type is null)
BEGIN

insert into @transactions
SELECT 
	txn_ref_no,txn_value_date,narration,instr_no,DEBIT,
	CREDIT,A,B,
	txntype,txn_branch,home_branch,null
FROM(
/*
select 
	txn_ref_no,txn_value_date,narration,instr_no,case when txn_nature='D' then txn_amount else 0 end DEBIT,
	case when txn_nature='C' then txn_amount else 0 end CREDIT,0 A,null B,
	case when txn_type=1 then 'CASH' when txn_type=2
	then 'TRANSFER' when txn_type=3 then 'CLEARING' END as txntype,txn_posting_date,id,txn_branch,home_branch
from 
	BSGDEEPFREEZE.dbo.transaction_master_internal_df WITH(NOLOCK) where is_active=1
	and principal_id in
	(select internal_product_id from BSGCORE.dbo.product_master_internal WITH(NOLOCK) where product_code=@productCode and is_active=1 and branch_code=@brcode)
	and principal_type='IP' 
	and txn_posting_date >= @fromdate and txn_posting_date<=@todate 
UNION ALl*/
select 
	txn_ref_no,txn_value_date,narration,instr_no,case when txn_nature='D' then txn_amount else 0 end DEBIT,
	case when txn_nature='C' then txn_amount else 0 end CREDIT,0 A,null B,
	case when txn_type=1 then 'CASH' when txn_type=2
	then 'TRANSFER' when txn_type=3 then 'CLEARING' END as txntype,txn_posting_date,id,txn_branch,home_branch
from 
	BSGACCOUNTING.dbo.transaction_master_internal WITH(NOLOCK) where is_active=1
and principal_id in
(select internal_product_id from BSGCORE.dbo.product_master_internal WITH(NOLOCK) where product_code=@productCode and is_active=1 and branch_code=@brcode)
and principal_type='IP' 
and txn_posting_date >= @fromdate and txn_posting_date<=@todate 
) K
ORDER by cast(txn_posting_date as date),id

END
ELSE
BEGIN




declare @temptrans table (txnrefno varchar(20),txn_type int,txn_value_date datetime,Parti varchar(max),instr_no varchar(max),DEBIT decimal(18,2),	
CREDIT decimal(18,2),Balance decimal(18,2),Test decimal(18,2),activity_id varchar(max),txntype varchar(max)
,txn_branch INT,home_branch INT)

insert into @temptrans

SELECT 
	txn_ref_no,txn_type,txn_value_date,Parti,instr_no,DEBIT,
	CREDIT,Balance,Test,A,txntype,txn_branch,home_branch
FROM
	(
	select 
		tmi.txn_ref_no,tmi.txn_type,tmi.txn_value_date,tmi.narration Parti,instr_no,case when tmi.txn_nature='D' then tmi.txn_amount else 0 end DEBIT,
		case when tmi.txn_nature='C' then tmi.txn_amount else 0 end CREDIT,0 Balance,null as Test,null A,
		case when txn_type=1 then 'CASH' when txn_type=2
		then 'TRANSFER' when txn_type=3 then 'CLEARING' END as txntype,txn_branch,home_branch
	from 
		BSGACCOUNTING.dbo.transaction_master_internal tmi WITH(NOLOCK) 
	where 
		tmi.is_active=1
		and tmi.principal_id in
		(select internal_product_id from BSGCORE.dbo.product_master_internal WITH(NOLOCK) where product_code=@productCode and is_active=1 and branch_code=@brcode)
		and tmi.principal_type='IP' 
		and tmi.txn_posting_date >= @fromdate and tmi.txn_posting_date<=@todate
	/*UNION ALL
	select 
		tmi.txn_ref_no,tmi.txn_type,tmi.txn_value_date,tmi.narration Parti,instr_no,case when tmi.txn_nature='D' then tmi.txn_amount else 0 end DEBIT,
		case when tmi.txn_nature='C' then tmi.txn_amount else 0 end CREDIT,0 Balance,null as Test,null A,
		case when txn_type=1 then 'CASH' when txn_type=2
		then 'TRANSFER' when txn_type=3 then 'CLEARING' END as txntype,txn_branch,home_branch
	from 
		BSGDEEPFREEZE.dbo.transaction_master_internal_df tmi WITH(NOLOCK) 
	where 
		tmi.is_active=1
		and tmi.principal_id in
		(select internal_product_id from BSGCORE.dbo.product_master_internal WITH(NOLOCK) where product_code=@productCode and is_active=1 and branch_code=@brcode)
		and tmi.principal_type='IP' 
		and tmi.txn_posting_date >= @fromdate and tmi.txn_posting_date<=@todate
		*/
)K
		ORDER by  cast(txn_value_date as date)


update tt
set tt.Parti='OW CLG'
from @temptrans tt
left outer join
BSGACCOUNTING.dbo.clearing_outward_transaction cotr
on
tt.txnrefno=cotr.txn_ref_no and cotr.is_active=1
left outer join 
BSGACCOUNTING.dbo.transaction_status TS
on
cotr.txn_ref_no=TS.txn_ref_no and TS.txn_state<>'OR' and TS.is_active=1
where cotr.is_active=1 
and TS.txn_state<>'OR' and TS.is_active=1

/*
update tt
set tt.Parti='OW CLG'
from @temptrans tt
left outer join
BSGDEEPFREEZE.dbo.clearing_outward_transaction_df cotr
on
tt.txnrefno=cotr.txn_ref_no and cotr.is_active=1
left outer join 
BSGDEEPFREEZE.dbo.transaction_status_df TS
on
cotr.txn_ref_no=TS.txn_ref_no and TS.txn_state<>'OR' and TS.is_active=1
where cotr.is_active=1 
and TS.txn_state<>'OR' and TS.is_active=1
*/

update tt
set tt.Parti='INW RT'
from @temptrans tt
left outer join
BSGACCOUNTING.dbo.clearing_inward_transaction cotr
on
tt.txnrefno=cotr.txn_ref_no and cotr.is_active=1
left outer join 
BSGACCOUNTING.dbo.transaction_status TS
on
cotr.txn_ref_no=TS.txn_ref_no and TS.txn_state in (select status_code from BSGTURINGREPORTS..statusmaster where status_type = 'INWARD'
and Active=1 and status_name  like '%return%') and TS.is_active=1
where cotr.is_active=1 --and tt.DEBIT<>0 and tt.CREDIT=0
and TS.txn_state in (select status_code from BSGTURINGREPORTS..statusmaster where status_type = 'INWARD'
and Active=1 and status_name  like '%return%') and TS.is_active=1

/*
update tt
set tt.Parti='INW RT'
from @temptrans tt
inner join
BSGDEEPFREEZE.dbo.clearing_inward_transaction_df cotr
on
tt.txnrefno=cotr.txn_ref_no and cotr.is_active=1
inner join
BSGDEEPFREEZE.dbo.transaction_status_df TS
on
cotr.txn_ref_no=TS.txn_ref_no and TS.txn_state in (select status_code from statusmaster where status_type = 'INWARD'
and Active=1 and status_name  like '%return%') and TS.is_active=1
where cotr.is_active=1 --and tt.DEBIT<>0 and tt.CREDIT=0
and TS.txn_state in (select status_code from statusmaster where status_type = 'INWARD'
and Active=1 and status_name  like '%return%') and TS.is_active=1
*/

update tt
set tt.Parti='OW RTN'
from @temptrans tt
left outer join
BSGACCOUNTING.dbo.clearing_outward_transaction cotr
on
tt.txnrefno=cotr.txn_ref_no and cotr.is_active=1
left outer join 
BSGACCOUNTING.dbo.transaction_status TS
on
cotr.txn_ref_no=TS.txn_ref_no and TS.txn_state='OR' and TS.is_active=1
where cotr.is_active=1 --and tt.DEBIT=0 and tt.CREDIT<>0
and TS.txn_state='OR' and TS.is_active=1


/*
update tt
set tt.Parti='OW RTN'
from @temptrans tt
iNneR join
BSGDEEPFREEZE.dbo.clearing_outward_transaction_df cotr
on
tt.txnrefno=cotr.txn_ref_no and cotr.is_active=1
iNneR join
BSGDEEPFREEZE.dbo.transaction_status_df TS
on
cotr.txn_ref_no=TS.txn_ref_no and TS.txn_state='OR' and TS.is_active=1
where cotr.is_active=1 --and tt.DEBIT=0 and tt.CREDIT<>0
and TS.txn_state='OR' and TS.is_active=1
*/

update tt
set tt.Parti='INW CLG'
from @temptrans tt
left outer join
BSGACCOUNTING.dbo.clearing_inward_transaction cotr
on
tt.txnrefno=cotr.txn_ref_no and cotr.is_active=1
left outer join 
BSGACCOUNTING.dbo.transaction_status TS
on
cotr.txn_ref_no=TS.txn_ref_no and TS.txn_state not in (select status_code from BSGTURINGREPORTS..statusmaster where status_type = 'INWARD'
and Active=1 and status_name not like '%return%') and TS.is_active=1
where cotr.is_active=1 --and tt.DEBIT=0 and tt.CREDIT<>0
and TS.txn_state not in (select status_code from BSGTURINGREPORTS..statusmaster where status_type = 'INWARD'
and Active=1 and status_name not like '%return%') and TS.is_active=1

/*
update tt
set tt.Parti='INW CLG'
from @temptrans tt
iNneR join
BSGDEEPFREEZE.dbo.clearing_inward_transaction_df cotr
on
tt.txnrefno=cotr.txn_ref_no and cotr.is_active=1
iNneR join
BSGDEEPFREEZE.dbo.transaction_status_df TS
on
cotr.txn_ref_no=TS.txn_ref_no and TS.txn_state not in (select status_code from statusmaster where status_type = 'INWARD'
and Active=1 and status_name not like '%return%') and TS.is_active=1
where cotr.is_active=1 --and tt.DEBIT=0 and tt.CREDIT<>0
and TS.txn_state not in (select status_code from statusmaster where status_type = 'INWARD'
and Active=1 and status_name not like '%return%') and TS.is_active=1
*/


insert into @transactions
select NULL,txn_value_date,Parti,instr_no,DEBIT,CREDIT,0,NULL ,txntype,txn_branch,home_branch,null from @temptrans
where Parti not in ('INW CLG','OW RTN','INW RT','OW CLG') 
order by txn_value_date


insert into @transactions
select NULL,txn_value_date,Parti,null,sum(DEBIT),sum(CREDIT),0,NULL,txntype,txn_branch,home_branch,null from @temptrans
where Parti  in ('INW CLG','OW RTN','INW RT','OW CLG') 
group by txn_value_date,Parti,txntype,txn_branch,home_branch
order by txn_value_date,Parti

end


end

--select ISNULL(@openingbalance,0) as OpeningBal

--select
--	A.*,
--	case when A.closingbal >= 0 then 'CR' when A.closingbal <0 then 'debitamt' end FLG
--from
--(
--select 
--	T.Id,
--	T.txnrefno,
--	CONVERT(VARCHAR(10),T.Dated,103) as Dated,
--	T.description_tran,
--	T.Instrno,
--	T.debitamt,
--	T.credit,
--	(SELECT ISNULL(@openingbalance,0) + ISNULL(SUM(credit),0) - ISNULL(SUM(debitamt),0) FROM @transactions TB WHERE TB.Id <= T.Id) closingbal,
--	T.txntype,
--	txnBranch,
--	homeBranch 
--from 
--	@transactions T
--)A
--order by A.Id

----select 
----	NULL AS Dated,null txnrefno ,'TOTAL' description_tran,null Instrno,SUM(ISNULL(debitamt,0)) debitamt,SUM(ISNULL(credit,0)) credit,
----	null as closingbal,null as FLG,null as txntype ,NULL txnBranch, NULL homeBranch 
----from 
----	@transactions

----SELECT  ISNULL((SELECT ISNULL(@openingbalance,0) + ISNULL(SUM(Credit),0) - ISNULL(SUM(debitamt),0) FROM @transactions TB),0) ClosingBalance

SET @min = (select MIN(Id) from @transactions);
SET @max = (select MAX(Id) from @transactions);

while(@min <= @max)
BEGIN
    update @transactions set Balance = (@openingbalance + Credit)-debitamt where Id = @min;
    set @openingbalance = (select Balance from @transactions where Id = @min);
    set @min = @min + 1;
END;


update @transactions set instrno = null where instrno = '0';

IF(@page <> 0 and @p_size <> 0)
BEGIN

if(@page = 1)
BEGIN
    select  * from  
    (
        select 
		ROW_NUMBER() OVER(order by id) as SRNO,id,CONVERT(VARCHAR(10),Dated,103) TranDate,
		ISNULL(description_tran,'N/A') as Particulars,debitamt as AmtWithdraw,Credit as AmtCredited,Balance,txnRefNo,
		CONVERT(VARCHAR(10),Dated,103) as txn_posting_date,
		txnBranch,homeBranch,ISNULL(Instrno,0) instr_no,ISNULL(instrno,0) as InsrNo 
        from 
            @transactions
		where
			(@instrNo = 'N/A' OR ISNULL(instrno,'000000') = @instrNo)
			AND (@fromAmount = -1 OR Credit >= @fromAmount or debitamt >= @fromAmount)
			AND (@toAmount = -1 OR (Credit <= @toAmount AND Credit <> 0) OR (debitamt <= @toAmount AND debitamt <> 0)) 
			AND (@narration = 'N/A' or ISNULL(description_tran,'N\A') like '%' + @narration + '%')
    )CUR_OUTPUT
    where 
	CUR_OUTPUT.SRNO >= 1 
	and CUR_OUTPUT.SRNO <= @p_size
	
	order by id;
END
ELSE
BEGIN
    select  * from  
    (
        select 
		ROW_NUMBER() OVER(order by id) as SRNO,id,CONVERT(VARCHAR(10),Dated,103) TranDate,
		ISNULL(description_tran,'N/A') as Particulars,debitamt as AmtWithdraw,Credit as AmtCredited,Balance,txnRefNo,
		CONVERT(VARCHAR(10),Dated,103) as txn_posting_date ,
		txnBranch,homeBranch,ISNULL(Instrno,0) instr_no,ISNULL(instrno,0) as InsrNo 
        from 
            @transactions
		where
			(@instrNo = 'N/A' OR ISNULL(instrno,0) = @instrNo)
			AND (@fromAmount = -1 OR Credit >= @fromAmount or debitamt >= @fromAmount)
			AND (@toAmount = -1 OR (Credit <= @toAmount AND Credit <> 0) OR (debitamt <= @toAmount AND debitamt <> 0))
			AND (@narration = 'N/A' or ISNULL(description_tran,'N\A') like '%' + @narration + '%')
    )CUR_OUTPUT
    where 
        CUR_OUTPUT.SRNO > ((@page-1)*@p_size) 
	  and CUR_OUTPUT.SRNO <= (@p_size * @page)
	  order by CUR_OUTPUT.SRNO
	  ;
END

END

IF(@page = 0 AND @p_size = 0)

BEGIN

SELECT
	COUNT(1) txn_count
FROM
	@transactions
where
		(@instrNo = 'N/A' OR ISNULL(instrno,0) = @instrNo)
		AND (@fromAmount = -1 OR Credit >= @fromAmount or debitamt >= @fromAmount)
		AND (@toAmount = -1 OR Credit <= @toAmount OR debitamt <= @toAmount)
		AND (@narration = 'N/A' or ISNULL(description_tran,'N\A') like '%' + @narration + '%');

END




end

"
106,sp_qa_td_interest_provided,"
-- =============================================
-- Author:		Satdhruti
-- Create date: 10th Sep 2024
-- Description:	Temporary QA Utility SP for TD Payout
-- =============================================

CREATE PROCEDURE [dbo].[sp_qa_td_interest_provided]
    @tdAccountId INT
AS
BEGIN
    -- Retrieve data from customer_accounts table based on tdAccountId
    SELECT 
        ca.customer_id,
        ca.account_no,
        
        -- Interest Payable Product ID
        (SELECT internal_product_id 
         FROM BSGCORE..product_master_internal 
         WHERE product_code = (
             SELECT config_value 
             FROM BSGADMIN..cbs_config 
             WHERE config_key = 'INTEREST_PAYABLE' 
             AND is_active = 1
         ) 
         AND branch_code = tam.branch_code 
         AND is_active = 1) AS interest_payable_product_id,
         
        -- TDS Product ID
        (SELECT internal_product_id 
         FROM BSGCORE..product_master_internal 
         WHERE product_code = (
             SELECT config_value 
             FROM BSGADMIN..cbs_config 
             WHERE config_key = 'TDS_PRODUCT' 
             AND is_active = 1
         ) 
         AND branch_code = tam.branch_code
         AND is_active = 1) AS tds_product_id,
         
        -- TDS Receivable Product ID
        (SELECT internal_product_id 
         FROM BSGCORE..product_master_internal 
         WHERE product_code = (
             SELECT config_value 
             FROM BSGADMIN..cbs_config 
             WHERE config_key = 'TDS_RECEIVABLE_PRODUCT' 
             AND is_active = 1
         ) 
         AND branch_code = tam.branch_code 
         AND is_active = 1) AS tds_receivable_product_id,
         
        -- PL Product ID
        (SELECT internal_product_id 
         FROM BSGCORE..account_master_internal 
         WHERE internal_account_id = tpm.pl_account_id 
         AND is_active = 1) AS pl_product_id,

        -- Interest Type ID from td_product_master
        tpm.interest_type_id,
        tpm.interest_frequency,
        tpm.pl_account_id,

        -- TDS Receivable, TDS Receivable Date, Interest Payable from account_balance_td
        abt.tds_receivable,
        abt.tds_receivable_date,
        abt.interest_payable,

        -- Next Interest Date and Next Paid Date from td_account_deposit_details
        tadd.next_interest_date,
        tadd.next_paid_date,

        -- Interest on TDS Receivable Calculation
        ROUND(((abt.tds_receivable * tadd.base_rate * DATEDIFF(D, abt.tds_receivable_date, tadd.next_interest_date)) / 36500), 0) AS interest_on_tds_receivable,

        -- Current Interest Calculation
        tdi.interest AS current_interest
         
    FROM BSGCORE..customer_accounts ca
    JOIN BSGTD..td_account_master tam
        ON ca.account_id = tam.td_account_id  
        AND tam.is_active = 1 -- Ensuring active td_account_master records
    JOIN BSGTD..td_product_master tpm
        ON tpm.product_id = tam.product_id
        AND tpm.is_active = 1
    JOIN (
        -- Select the most recent record from account_balance_td
        SELECT TOP 1 abt.td_account_id, abt.tds_receivable, abt.tds_receivable_date, abt.interest_payable, abt.checker_clear_balance, abt.interest_paid
        FROM BSGACCOUNTING..account_balance_td abt
        WHERE abt.td_account_id = @tdAccountId 
        AND abt.is_active = 1 
        ORDER BY abt.txn_date DESC  -- Selecting the most recent record
    ) abt
        ON abt.td_account_id = tam.td_account_id  -- Fetching from account_balance_td
    JOIN BSGTD..td_account_deposit_details tadd
        ON tadd.td_account_id = @tdAccountId  
        AND tadd.is_active = 1  -- Ensuring active td_account_deposit_details records
    JOIN BSGACCOUNTING..td_datewise_interest tdi
         ON tdi.td_account_id = tam.td_account_id 
         AND tdi.interest_date = tadd.next_interest_date 
         AND tdi.is_active = 1
    WHERE ca.account_id = @tdAccountId;
END;"
107,sp_rectify_balance,"
CREATE   PROCEDURE [dbo].[sp_rectify_balance] -- sp_rectify_balance 3567259
(
@accountId int
)
AS  
BEGIN
    DECLARE @cbsAppDate DATE = (SELECT app_date FROM BSGACCOUNTING..cbs_application_date WITH(NOLOCK) WHERE is_active = 1);
    DECLARE @txnCount INT =(SELECT count(1) FROM BSGACCOUNTING..transaction_master WITH(NOLOCK) WHERE account_id = @accountId and txn_posting_date = @cbsAppDate 
                            and is_active = 1);
    DECLARE @classificationId INT = (SELECT classification_id FROM BSGCORE..customer_accounts WITH(NOLOCK) WHERE account_id = @accountId and is_active = 1);
    DECLARE @openingBal DECIMAL(18,2) = 0.00;
    DECLARE @computedBal DECIMAL(18,2) = 0.00;
    DECLARE @currentBal DECIMAL(18,2) = 0.00;
    --PRINT 'txnCount: ' + CAST(@txnCount AS VARCHAR);
    CREATE TABLE #output 
    (
        successCount INT, failureCount INT, description varchar(200)
    );
    IF(@txnCount < 1)
    BEGIN
        INSERT INTO #output
        (
            successCount, failureCount, description
        ) 
        SELECT 1, 0, 'Txn Count: ' + CAST(@txnCount AS VARCHAR);
    END;
    IF(@txnCount > 0)
    BEGIN
        IF(@classificationId IN (1,2))
        BEGIN
            --PRINT 'CASA';
        IF((SELECT count(1) from BSGACCOUNTING..account_balance ab WITH(NOLOCK) WHERE ab.account_id = @accountId and ab.txn_date = @cbsAppDate) = 0)
        BEGIN
            INSERT INTO BSGACCOUNTING..account_balance
                SELECT ab2.account_id, ab2.day_open_balance, ab2.maker_clear_balance, ab2.maker_unclear_balance, ab2.checker_unclear_balance, ab2.checker_clear_balance,
                ab2.day_close_balance, ab2.available_balance, ab2.interest_accrual, ab2.sprinkle, ab2.is_active, -73, GETDATE(), -73, GETDATE(), @cbsAppDate, 
                ab2.last_accrual_date, ab2.encrypted_balance, ab2.lien_amount,ab2.branch_code,ab2.product_id,ab2.tds_amount,lcy_amount
                FROM BSGACCOUNTING..account_balance ab2 WITH(NOLOCK) where ab2.account_id = @accountId and ab2.txn_date = 
                    (SELECT MAX(ab1.txn_date) FROM BSGACCOUNTING..account_balance ab1 WITH(NOLOCK) WHERE ab1.account_id = @accountId and ab1.txn_date < @cbsAppDate);
        END;
            SET @openingBal = (SELECT ab.available_balance from BSGACCOUNTING..account_balance ab WITH(NOLOCK) WHERE ab.account_id = @accountId and ab.txn_date = 
                (SELECT MAX(ab1.txn_date) FROM BSGACCOUNTING..account_balance ab1 WITH(NOLOCK) WHERE ab1.account_id = @accountId and ab1.txn_date < @cbsAppDate));
            SET @openingBal = @openingBal + 
                (SELECT 
                    ISNULL(SUM(cott.txn_amount) ,0) 
                FROM
                    BSGACCOUNTING..clearing_outward_transaction cott
                INNER JOIN
                    BSGACCOUNTING..transaction_status ts
                    ON
                        ts.txn_ref_no = cott.txn_ref_no
                        AND ts.fund_date = @cbsAppDate
                        AND ts.post_date <> ts.fund_date
                        AND ts.txn_state = 'OS'
                        AND ts.is_active = 1
                WHERE
                    cott.account_id = @accountId
                    AND cott.is_active = 1);
            --PRINT 'openingBal: ' + CAST(@openingBal AS VARCHAR);
            SET @currentBal = (SELECT ab.available_balance from BSGACCOUNTING..account_balance ab WITH(NOLOCK) WHERE ab.account_id = @accountId and ab.txn_date = @cbsAppDate);
            SET @computedBal = 
                (SELECT 
                    @openingBal - SUM(A.debitAmt) + SUM(A.creditAmt)
                FROM 
                    (SELECT 
                        ISNULL(CASE WHEN tm.txn_nature = 'D' THEN SUM(tm.txn_amount) END, 0) AS debitAmt,
                        ISNULL(CASE WHEN tm.txn_nature = 'C' THEN SUM(tm.txn_amount) END, 0) AS creditAmt
                    FROM 
                        BSGACCOUNTING..transaction_master tm WITH(NOLOCK)
                    LEFT JOIN
                        BSGACCOUNTING..transaction_status ts WITH(NOLOCK)
                        ON 
                            ts.txn_ref_no = tm.txn_ref_no
                            AND ts.post_date = tm.txn_posting_date
                            AND ts.is_active = 1
                    WHERE 
                        tm.txn_posting_date = @cbsAppDate
                        AND tm.account_id = @accountId
                        AND ISNULL(ts.txn_state,'A') not in ('OT', 'OR', 'ORG')
                        AND tm.is_active = 1
                    GROUP BY 
                        tm.txn_nature
                    UNION ALL
                    SELECT 
                        ISNULL(CASE WHEN tp.txn_nature = 'D' THEN SUM(tp.txn_amount) END, 0) AS debitAmt,
                        ISNULL(CASE WHEN tp.txn_nature = 'C' THEN SUM(tp.txn_amount) END, 0) AS creditAmt
                    FROM 
                        BSGACCOUNTING..transaction_status ts WITH(NOLOCK)
                    INNER JOIN
                        BSGACCOUNTING..transaction_pending tp WITH(NOLOCK)
                        ON 
                            tp.txn_ref_no = ts.txn_ref_no
                            AND tp.account_id = @accountId
                            AND tp.txn_date = ts.post_date
                            AND tp.is_active = 1
                    WHERE 
                        ts.txn_state = 'IP'
                        AND ts.post_date = @cbsAppDate
                        AND ts.is_active = 1
                    GROUP BY 
                        tp.txn_nature)A);
                IF(@computedBal = @currentBal)
                BEGIN
                    --SELECT 'No need for rectification' AS 'OUTPUT';
                    INSERT INTO #output
                    (
                         successCount, failureCount, description
                    ) 
                    SELECT 1, 0, 'CASA: No need for rectification';
                END;
                IF(@computedBal <> @currentBal)
                BEGIN
                    --UPDATE 
                    --  BSGACCOUNTING..account_balance
                    --SET 
                    --  checker_clear_balance = @computedBal,
                    --  available_balance = @computedBal,
                    --  last_modified_date = GETDATE(),
                    --  last_modified_by = -73
                    --WHERE
                    --  account_id = @accountId
                    --AND 
                    --  txn_date = @cbsAppDate;
                    INSERT INTO #output
                    (
                         successCount, failureCount, description
                    ) 
                    SELECT 0, 1, 'CASA: Old Bal: ' + CAST(@currentBal AS VARCHAR)  + ', New Bal: ' + CAST(@computedBal AS VARCHAR);
                END;    
            END;
        IF(@classificationId = 6)
        BEGIN
            --PRINT 'CC';
            SET @openingBal = (SELECT lab.checker_clear_balance from BSGACCOUNTING..account_balance_loan lab WITH(NOLOCK) WHERE lab.loan_account_id = @accountId and lab.txn_date = 
                (SELECT MAX(lab1.txn_date) FROM BSGACCOUNTING..account_balance_loan lab1 WITH(NOLOCK) WHERE lab1.loan_account_id = @accountId and lab1.txn_date < @cbsAppDate));
            SET @openingBal = @openingBal + 
            (SELECT 
                ISNULL(SUM(cott.txn_amount) ,0)
            FROM
                BSGACCOUNTING..clearing_outward_transaction cott
            INNER JOIN
                BSGACCOUNTING..transaction_status ts
                ON
                    ts.txn_ref_no = cott.txn_ref_no
                    AND ts.post_date <> ts.fund_date
                    AND ts.fund_date = @cbsAppDate
                    AND ts.txn_state = 'OS'
                    AND ts.is_active = 1
            WHERE
                cott.account_id = @accountId
                AND cott.is_active = 1);
            --PRINT 'openingBal: ' + CAST(@openingBal AS VARCHAR);
            SET @computedBal = 
                (SELECT 
                    @openingBal - SUM(A.debitAmt) + SUM(A.creditAmt)
                FROM 
                    (SELECT 
                        ISNULL(CASE WHEN tm.txn_nature = 'D' THEN SUM(tm.txn_amount) END, 0) AS debitAmt,
                        ISNULL(CASE WHEN tm.txn_nature = 'C' THEN SUM(tm.txn_amount) END, 0) AS creditAmt
                    FROM 
                        BSGACCOUNTING..transaction_master tm WITH(NOLOCK)
                    LEFT JOIN
                        BSGACCOUNTING..transaction_status ts WITH(NOLOCK)
                        ON 
                            ts.txn_ref_no = tm.txn_ref_no
                            AND ts.post_date = tm.txn_posting_date
                            AND ts.is_active = 1
                    WHERE 
                        tm.txn_posting_date = @cbsAppDate
                        AND tm.account_id = @accountId
                        AND ISNULL(ts.txn_state,'A') not in ('OT', 'OR', 'ORG')
                        AND tm.is_active = 1
                    GROUP BY 
                        tm.txn_nature
                    UNION ALL
                    SELECT 
                        ISNULL(CASE WHEN tp.txn_nature = 'D' THEN SUM(tp.txn_amount) END, 0) AS debitAmt,
                        ISNULL(CASE WHEN tp.txn_nature = 'C' THEN SUM(tp.txn_amount) END, 0) AS creditAmt
                    FROM 
                        BSGACCOUNTING..transaction_status ts WITH(NOLOCK)
                    INNER JOIN
                        BSGACCOUNTING..transaction_pending tp WITH(NOLOCK)
                        ON 
                            tp.txn_ref_no = ts.txn_ref_no
                            AND tp.account_id = @accountId
                            AND tp.txn_date = ts.post_date
                            AND tp.is_active = 1
                    WHERE 
                        ts.txn_state = 'IP'
                        AND ts.post_date = @cbsAppDate
                        AND ts.is_active = 1
                    GROUP BY 
                        tp.txn_nature)A);
                SET @currentBal = (SELECT lab.checker_clear_balance from BSGACCOUNTING..account_balance_loan lab WITH(NOLOCK) WHERE lab.loan_account_id = @accountId 
                and lab.txn_date = @cbsAppDate);
                DECLARE @availableDp decimal(18,2) = (SELECT lab.available_dp from BSGACCOUNTING..account_balance_loan lab WITH(NOLOCK) WHERE lab.loan_account_id = @accountId 
                and lab.txn_date = @cbsAppDate);
                DECLARE @availableBalance decimal(18,2) = (SELECT lab.available_balance from BSGACCOUNTING..account_balance_loan lab WITH(NOLOCK) WHERE lab.loan_account_id =                       @accountId and lab.txn_date = @cbsAppDate);
                IF(@computedBal = @currentBal)
                BEGIN
                    INSERT INTO #output
                    (
                         successCount, failureCount, description
                    ) 
                    SELECT 1, 0, 'CC: Old Checker Clr Bal: ' + CAST(@currentBal AS VARCHAR)  + ', New Checker Clr Bal: ' + CAST(@computedBal AS VARCHAR)
                    + ', Old Bal: ' + CAST(@availableBalance AS VARCHAR) + ', New Bal: ' + CAST((@computedBal + @availableDp) AS VARCHAR);
                    --IF((@computedBal + @availableDp) <> @availableBalance)
                    --BEGIN
                        --UPDATE 
                        --  BSGACCOUNTING..account_balance_loan
                        --SET 
                        --  checker_clear_balance = @computedBal,
                        --  available_balance = @computedBal + available_dp,
                        --  last_modified_by = -73,
                        --  last_modified_date = GETDATE()
                        --WHERE
                        --  loan_account_id = @accountId
                        --AND 
                        --  txn_date = @cbsAppDate;
                    --END;
                END;
                IF(@computedBal <> @currentBal)
                BEGIN
                    INSERT INTO #output
                    (
                         successCount, failureCount, description
                    ) 
                    SELECT 0, 1, 'CC: Old Checker Clr Bal: ' + CAST(@currentBal AS VARCHAR)  + ', New Checker Clr Bal: ' + CAST(@computedBal AS VARCHAR)
                    + ', Old Bal: ' + CAST(@availableBalance AS VARCHAR) + ', New Bal: ' + CAST((@computedBal + @availableDp) AS VARCHAR)
                    --UPDATE 
                    --  BSGACCOUNTING..account_balance_loan
                    --SET 
                    --  checker_clear_balance = @computedBal,
                    --  available_balance = @computedBal + available_dp,
                    --  last_modified_by = -73,
                    --  last_modified_date = GETDATE()
                    --WHERE
                    --  loan_account_id = @accountId
                    --AND 
                    --  txn_date = @cbsAppDate;
                END;
        END;
    END;
    SELECT successCount, failureCount, description from #output;
END;"
108,sp_rectify_consistency,"
CREATE     procedure [dbo].[sp_rectify_consistency] -- [sp_rectify_consistency]
as

begin
declare @v_application_date     datetime = (
 SELECT
        app_date     
    FROM
        bsgaccounting..cbs_application_date
    WHERE
        is_active = 1
)
declare  @action_type            VARCHAR(10) = 'UPDATE'-- 'SELECT' --
declare  @maxnoofrecoredupdate   INT = 25

 --EXECUTE IMMEDIATE 'truncate table #temp_internaltransactionwoorking'
 --EXECUTE IMMEDIATE 'truncate table #tempcasabalcheck'
   

   
create  table #tempcasabalcheck
(rownum int ,account_id numeric(18,0),txn_date date,credit decimal(18,2),debit decimal(18,2),workingbal decimal(18,2), abcurbal decimal(18,2) )

 

    create  table #temp_internaltransactionwoorking
    (
		principle_type VARCHAR(10),
		principal_id numeric(18,0),
		camount numeric(18,2),
		damount numeric(18,2)
	)


  set @v_application_date = @v_application_date-1--to_date('2019-04-21','yyyy-mm-dd')

    INSERT INTO #temp_internaltransactionwoorking
    SELECT
        tmi.principal_type principle_type,
        tmi.principal_id,
        SUM(
            CASE
                WHEN txn_nature = 'C' THEN
                    txn_amount
                ELSE
                    0
            END
        ) camount,
        SUM(
            CASE
                WHEN txn_nature = 'D' THEN
                    txn_amount
                ELSE
                    0
            END
        ) damount 
    FROM
        bsgaccounting..transaction_master_internal tmi
    WHERE
        txn_posting_date = cast(@v_application_date as date)
    and 
        is_active=1
    and 
        tmi.is_reconciled in (1,2)
    GROUP BY
        tmi.principal_type,
        tmi.principal_id


/*EP */
 INSERT INTO #tempcasabalcheck
    SELECT
        * 
    FROM
        (
            SELECT
				row_number() over (order by  tit.principal_id) ROWNUM,
                tit.principal_id account_id,
                @v_application_date txn_date,
                tit.camount,
                tit.damount,
                isnull(pbpr.checker_clear_balance, 0) + tit.camount - tit.damount workingbal,
                pb.checker_clear_balance 
   --  isnull(pbpr.checker_clear_balance, 0),
            FROM
                #temp_internaltransactionwoorking   tit
                INNER JOIN bsgaccounting..product_balance      pb
                ON tit.principal_id = pb.product_id
                AND tit.principle_type = 'EP'
                INNER JOIN (
                    SELECT
                        product_id,
                        MAX(txn_date) txn_date
                    FROM
                        bsgaccounting..product_balance
                    WHERE
                        txn_date <= cast(@v_application_date as date)
                    GROUP BY
                        product_id
                ) a ON pb.product_id = a.product_id
                       AND pb.txn_date = a.txn_date
                LEFT OUTER JOIN bsgaccounting..product_balance      pbpr
                ON tit.principal_id = pbpr.product_id
                INNER JOIN (
                    SELECT
                        product_id,
                        MAX(txn_date) txn_date
                    FROM
                        bsgaccounting..product_balance
                    WHERE
                        txn_date <= cast(@v_application_date -1 as date)
                    GROUP BY
                        product_id
                ) b ON pbpr.product_id = b.product_id
                       AND pbpr.txn_date = b.txn_date
            WHERE
            tit.principle_type = 'EP' and 
                isnull(pbpr.checker_clear_balance, 0) + tit.camount - tit.damount <> pb.checker_clear_balance
        ) a
    WHERE
        ROWNUM <= @maxnoofrecoredupdate

if(@action_type = 'UPDATE')
begin 

     MERGE INTO bsgaccounting..product_balance pb USING #tempcasabalcheck a ON ( pb.product_id = a.account_id
                                                                                  AND pb.txn_date = a.txn_date )
        WHEN MATCHED THEN UPDATE SET pb.checker_clear_balance = workingbal ;

         INSERT INTO bsgturing..turing_task_result (
            task_id,
            task_ref_id,
            task_ref_table,
            response_code,
            message,
            created_date,
            created_by
        )
             SELECT
                80,
                account_id,
                'product_balance',
                1,
                'CBS_DATE'+cast(@v_application_date as nvarchar)+',cur bal :'
                + cast(abcurbal as nvarchar)
                + ',working bal :'
                + cast(workingbal as nvarchar) +', credit sum '+ cast(credit as nvarchar)
                +', debit sum '+cast( debit as nvarchar),

                getdate(),
                - 1
            FROM
                #tempcasabalcheck

              SELECT
                               COUNT(1) successcount,
                               0 failurecount
from
                                 #tempcasabalcheck
end
else 
begin
     INSERT INTO bsgturing..turing_task_result (
            task_id,
            task_ref_id,
            task_ref_table,
            response_code,
            message,
            created_date,
            created_by
        )
            SELECT
                80,
                account_id,
                'product_balance',
                1,
                 'CBS_DATE'+cast(@v_application_date as nvarchar)+',cur bal :'
                + cast(abcurbal as nvarchar)
                + ',working bal :'
                + cast(workingbal as nvarchar) +', credit sum '+ cast(credit as nvarchar)
                +', debit sum '+cast( debit as nvarchar),


                getdate(),
                - 1
            FROM
                #tempcasabalcheck

 SELECT
                               COUNT(1) successcount,
                               0 failurecount
from
                                 #tempcasabalcheck
end


/*IP*/
truncate table #tempcasabalcheck

 INSERT INTO #tempcasabalcheck
    SELECT
        *
    FROM
        (
            SELECT
				ROW_NUMBER() over (order by tit.principal_id) rownum,
                tit.principal_id,
                @v_application_date txn_date,
                tit.camount,
                tit.damount,
                isnull(pbpr.checker_clear_balance, 0) + tit.camount - tit.damount workingbal,
                pb.checker_clear_balance
   --  isnull(pbpr.checker_clear_balance, 0),
            FROM
                #temp_internaltransactionwoorking   tit
                INNER JOIN bsgaccounting..product_balance_internal      pb 
                ON tit.principal_id = pb.internal_product_id
                AND tit.principle_type = 'IP'
                INNER JOIN (
                    SELECT
                        internal_product_id,
                        MAX(txn_date) txn_date
                    FROM
                        bsgaccounting..product_balance_internal
                    WHERE
                        txn_date <= cast(@v_application_date as date)
                    GROUP BY
                        internal_product_id
                ) a ON pb.internal_product_id = a.internal_product_id
                       AND pb.txn_date = a.txn_date
                LEFT OUTER JOIN bsgaccounting..product_balance_internal      pbpr 
                ON tit.principal_id = pbpr.internal_product_id
                INNER JOIN (
                    SELECT
                        internal_product_id,
                        MAX(txn_date) txn_date
                    FROM
                        bsgaccounting..product_balance_internal
                    WHERE
                        txn_date <= cast(@v_application_date -1 as date)
                    GROUP BY
                        internal_product_id
                ) b ON pbpr.internal_product_id = b.internal_product_id
                       AND pbpr.txn_date = b.txn_date
            WHERE
            tit.principle_type = 'IP' and 
                isnull(pbpr.checker_clear_balance, 0) + tit.camount - tit.damount <> pb.checker_clear_balance
        ) a
    WHERE
        ROWNUM <= @maxnoofrecoredupdate

if(@action_type = 'UPDATE')
begin 
     MERGE INTO bsgaccounting..product_balance_internal pb USING #tempcasabalcheck a 
     ON ( pb.internal_product_id = a.account_id
                                                                                  AND pb.txn_date = a.txn_date )
        WHEN MATCHED THEN UPDATE SET pb.checker_clear_balance = workingbal ;

         INSERT INTO bsgturing..turing_task_result (
            task_id,
            task_ref_id,
            task_ref_table,
            response_code,
            message,
            created_date,
            created_by
        )
             SELECT
                80,
                account_id,
                'product_balance_internal',
                1,
                 'CBS_DATE'+cast(@v_application_date as nvarchar)+',cur bal :'
                + cast(abcurbal as nvarchar)
                + ',working bal :'
                + cast(workingbal as nvarchar) +', credit sum '+ cast(credit as nvarchar)
                +', debit sum '+cast( debit as nvarchar),


                getdate(),
                - 1
            FROM
                #tempcasabalcheck
               SELECT
                               COUNT(1) successcount,
                               0 failurecount
                           FROM
                               #tempcasabalcheck
end 
else 
begin
     INSERT INTO bsgturing..turing_task_result (
            task_id,
            task_ref_id,
            task_ref_table,
            response_code,
            message,
            created_date,
            created_by
        )
            SELECT
                80,
                account_id,
                'product_balance_internal',
                1,
                'CBS_DATE'+cast(@v_application_date as nvarchar)+',cur bal :'
                + cast(abcurbal as nvarchar)
                + ',working bal :'
                + cast(workingbal as nvarchar) +', credit sum '+ cast(credit as nvarchar)
                +', debit sum '+cast( debit as nvarchar),


                getdate(),
                - 1
            FROM
                #tempcasabalcheck

        SELECT
                               COUNT(1) successcount,
                               0 failurecount
from
                                 #tempcasabalcheck
end



/*IA*/
truncate table #tempcasabalcheck
INSERT INTO #tempcasabalcheck
    SELECT
        *
    FROM
        (
            SELECT
				ROW_NUMBER() over (order by tit.principal_id) rownum,
                tit.principal_id,
                @v_application_date txn_date,
                tit.camount,
                tit.damount,
                isnull(pbpr.checker_clear_balance, 0) + tit.camount - tit.damount workingbal,
                pb.checker_clear_balance
   --  isnull(pbpr.checker_clear_balance, 0),
            FROM
                #temp_internaltransactionwoorking   tit
                INNER JOIN bsgaccounting..account_balance_internal      pb ON tit.principal_id = pb.ACCOUNT_ID
                                                               AND tit.principle_type = 'IA'
                INNER JOIN (
                    SELECT
                        ACCOUNT_ID,
                        MAX(txn_date) txn_date
                    FROM
                        bsgaccounting..account_balance_internal
                    WHERE
                        txn_date <= cast(@v_application_date as date)
                    GROUP BY
                        ACCOUNT_ID
                ) a ON pb.ACCOUNT_ID = a.ACCOUNT_ID
                       AND pb.txn_date = a.txn_date
                LEFT OUTER JOIN bsgaccounting..account_balance_internal      pbpr ON tit.principal_id = pbpr.ACCOUNT_ID
                INNER JOIN (
                    SELECT
                        ACCOUNT_ID,
                        MAX(txn_date) txn_date
                    FROM
                        bsgaccounting..account_balance_internal
                    WHERE
                        txn_date <= cast(@v_application_date -1 as date)
                    GROUP BY
                        ACCOUNT_ID
                ) b ON pbpr.ACCOUNT_ID = b.ACCOUNT_ID
                       AND pbpr.txn_date = b.txn_date
            WHERE
            tit.principle_type = 'IA' and 
                isnull(pbpr.checker_clear_balance, 0) + tit.camount - tit.damount <> pb.checker_clear_balance
        ) a
    WHERE
        ROWNUM <= @maxnoofrecoredupdate

if(@action_type = 'UPDATE')
begin 

     MERGE INTO bsgaccounting..account_balance_internal pb USING #tempcasabalcheck a ON ( pb.ACCOUNT_ID = a.account_id
                                                                                  AND pb.txn_date = a.txn_date )
        WHEN MATCHED THEN UPDATE SET pb.checker_clear_balance = workingbal ;

         INSERT INTO bsgturing..turing_task_result (
            task_id,
            task_ref_id,
            task_ref_table,
            response_code,
            message,
            created_date,
            created_by
        )
            SELECT
                80,
                account_id,
                'account_balance_internal',
                1,
                  'CBS_DATE'+cast(@v_application_date as nvarchar)+',cur bal :'
                + cast(abcurbal as nvarchar)
                + ',working bal :'
                + cast(workingbal as nvarchar) +', credit sum '+ cast(credit as nvarchar)
                +', debit sum '+cast( debit as nvarchar),


                getdate(),
                - 1
            FROM
                #tempcasabalcheck
            SELECT
                               COUNT(1) successcount,
                               0 failurecount
                           FROM
                               #tempcasabalcheck
	end
else 
begin
     INSERT INTO bsgturing..turing_task_result (
            task_id,
            task_ref_id,
            task_ref_table,
            response_code,
            message,
            created_date,
            created_by
        )
            SELECT
                80,
                account_id,
                'account_balance_internal',
                1,
                  'CBS_DATE'+cast(@v_application_date as nvarchar)+',cur bal :'
                + cast(abcurbal as nvarchar)
                + ',working bal :'
                + cast(workingbal as nvarchar) +', credit sum '+ cast(credit as nvarchar)
                +', debit sum '+cast( debit as nvarchar),


                getdate(),
                - 1
            FROM
                #tempcasabalcheck

       SELECT
                               COUNT(1) successcount,
                               0 failurecount
                           FROM
                               #tempcasabalcheck
	end

end
       

/*

    create global temporary table #temp_internaltransactionwoorking
    (
    principle_type VARCHAR(10),
    principal_id number(18,0),
    camount number(18,2),
    damount number(18,2)
    ) on commit preserve rows
*/

-- truncate  table #temp_internaltransactionwoorking

   --select * from bsgaccounting..account_balance_internal
"
109,sp_renamediagram,"
	CREATE PROCEDURE dbo.sp_renamediagram
	(
		@diagramname 		sysname,
		@owner_id		int	= null,
		@new_diagramname	sysname
	
	)
	WITH EXECUTE AS 'dbo'
	AS
	BEGIN
		set nocount on
		declare @theId 			int
		declare @IsDbo 			int
		
		declare @UIDFound 		int
		declare @DiagId			int
		declare @DiagIdTarg		int
		declare @u_name			sysname
		if((@diagramname is null) or (@new_diagramname is null))
		begin
			RAISERROR ('Invalid value', 16, 1);
			return -1
		end
	
		EXECUTE AS CALLER;
		select @theId = DATABASE_PRINCIPAL_ID();
		select @IsDbo = IS_MEMBER(N'db_owner'); 
		if(@owner_id is null)
			select @owner_id = @theId;
		REVERT;
	
		select @u_name = USER_NAME(@owner_id)
	
		select @DiagId = diagram_id, @UIDFound = principal_id from dbo.sysdiagrams where principal_id = @owner_id and name = @diagramname 
		if(@DiagId IS NULL or (@IsDbo = 0 and @UIDFound <> @theId))
		begin
			RAISERROR ('Diagram does not exist or you do not have permission.', 16, 1)
			return -3
		end
	
		-- if((@u_name is not null) and (@new_diagramname = @diagramname))	-- nothing will change
		--	return 0;
	
		if(@u_name is null)
			select @DiagIdTarg = diagram_id from dbo.sysdiagrams where principal_id = @theId and name = @new_diagramname
		else
			select @DiagIdTarg = diagram_id from dbo.sysdiagrams where principal_id = @owner_id and name = @new_diagramname
	
		if((@DiagIdTarg is not null) and  @DiagId <> @DiagIdTarg)
		begin
			RAISERROR ('The name is already used.', 16, 1);
			return -2
		end		
	
		if(@u_name is null)
			update dbo.sysdiagrams set [name] = @new_diagramname, principal_id = @theId where diagram_id = @DiagId
		else
			update dbo.sysdiagrams set [name] = @new_diagramname where diagram_id = @DiagId
		return 0
	END
	"
110,sp_reset_accrual,"-- =============================================
-- Author:		Vatsal Sura
-- Create date: 2020-02-11
-- Description:	<Description,,>
-- =============================================
CREATE   PROCEDURE [dbo].[sp_reset_accrual] 
	@accountId BIGINT, 
	@branchCode INT, 
	@productCode INT, 
	@classificationId INT, 
	@lastInterestAppliedDate DATE, 
	@updateInterestAccrual INT, 
	@updatePenalInterestAccrual INT
AS
BEGIN
	SET NOCOUNT ON;

	IF @classificationId IN (3, 6)
	BEGIN 

		UPDATE abl SET abl.interest_accrual = CASE WHEN @updateInterestAccrual = 1 THEN 0 ELSE abl.interest_accrual END
		, abl.penal_interest_accrual = CASE WHEN @updatePenalInterestAccrual = 1 THEN 0 ELSE abl.penal_interest_accrual END
		FROM BSGLOAN..loan_account_master lam 
		INNER JOIN BSGLOAN..loan_account_basic lab 
		ON lab.loan_account_id = lam.loan_account_id AND lab.is_active = 1 
		INNER JOIN (SELECT loan_account_id, MAX(txn_date) txn_date FROM BSGACCOUNTING..account_balance_loan WHERE is_active = 1 GROUP BY loan_account_id) maxabl 
		ON maxabl.loan_account_id = lam.loan_account_id 
		INNER JOIN BSGACCOUNTING..account_balance_loan abl 
		ON abl.loan_account_id = lam.loan_account_id 
		AND abl.txn_date = maxabl.txn_date 
		AND abl.is_active = 1 
		LEFT JOIN BSGACCOUNTING..account_loan_last_accrual alla 
		ON alla.loan_account_id = lam.loan_account_id AND alla.is_active = 1 
		WHERE (lam.loan_account_id = @accountId OR @accountId = -1) 
		AND (lam.branch_code = @branchCode OR @branchCode = -1) 
		AND (lam.loan_product_code = @productCode OR @productCode = -1) 
		AND lam.loan_type = CASE WHEN @classificationId = 3 THEN 1 WHEN @classificationId = 6 THEN 2 END 
		AND lam.loan_account_status <> 2 AND lam.is_active = 1;

		UPDATE alla SET alla.accrual_date = CASE WHEN @updateInterestAccrual = 1 THEN @lastInterestAppliedDate ELSE alla.accrual_date END 
		, alla.penal_accrual_date = CASE WHEN @updatePenalInterestAccrual = 1 THEN @lastInterestAppliedDate ELSE alla.penal_accrual_date END 
		FROM BSGLOAN..loan_account_master lam 
		INNER JOIN BSGLOAN..loan_account_basic lab 
		ON lab.loan_account_id = lam.loan_account_id AND lab.is_active = 1 
		INNER JOIN (SELECT loan_account_id, MAX(txn_date) txn_date FROM BSGACCOUNTING..account_balance_loan WHERE is_active = 1 GROUP BY loan_account_id) maxabl 
		ON maxabl.loan_account_id = lam.loan_account_id 
		INNER JOIN BSGACCOUNTING..account_balance_loan abl 
		ON abl.loan_account_id = lam.loan_account_id 
		AND abl.txn_date = maxabl.txn_date 
		AND abl.is_active = 1 
		LEFT JOIN BSGACCOUNTING..account_loan_last_accrual alla 
		ON alla.loan_account_id = lam.loan_account_id AND alla.is_active = 1 
		WHERE (lam.loan_account_id = @accountId OR @accountId = -1) 
		AND (lam.branch_code = @branchCode OR @branchCode = -1) 
		AND (lam.loan_product_code = @productCode OR @productCode = -1) 
		AND lam.loan_type = CASE WHEN @classificationId = 3 THEN 1 WHEN @classificationId = 6 THEN 2 END 
		AND lam.loan_account_status <> 2 AND lam.is_active = 1;

	END

	IF @classificationId IN (4)
	BEGIN
		UPDATE abt SET abt.interest_accrual = 0 
		FROM BSGTD..td_account_master tam 
		INNER JOIN BSGTD..td_account_deposit_details tadd 
		ON tadd.td_account_id = tam.td_account_id AND tadd.deposite_type = 3 AND tadd.is_active = 1 
		INNER JOIN (SELECT td_account_id, MAX(id) id FROM BSGACCOUNTING..account_balance_td WHERE is_active = 1 GROUP BY td_account_id) maxabt 
		ON maxabt.td_account_id = tam.td_account_id 
		INNER JOIN BSGACCOUNTING..account_balance_td abt 
		ON abt.td_account_id = tam.td_account_id 
		AND abt.id = maxabt.id 
		LEFT JOIN BSGACCOUNTING..account_td_last_accrual atla 
		ON atla.td_account_id = tam.td_account_id 
		WHERE (tam.td_account_id = @accountId OR @accountId = -1) 
		AND (tam.branch_code = @branchCode OR @branchCode = -1) 
		AND (tam.product_code = @productCode OR @productCode = -1) 
		AND tam.account_status_id = 1 AND tam.is_active = 1;

		UPDATE atla SET atla.accrual_date = @lastInterestAppliedDate 
		FROM BSGTD..td_account_master tam 
		INNER JOIN BSGTD..td_account_deposit_details tadd 
		ON tadd.td_account_id = tam.td_account_id AND tadd.deposite_type = 3 AND tadd.is_active = 1 
		INNER JOIN (SELECT td_account_id, MAX(id) id FROM BSGACCOUNTING..account_balance_td WHERE is_active = 1 GROUP BY td_account_id) maxabt 
		ON maxabt.td_account_id = tam.td_account_id 
		INNER JOIN BSGACCOUNTING..account_balance_td abt 
		ON abt.td_account_id = tam.td_account_id 
		AND abt.id = maxabt.id 
		LEFT JOIN BSGACCOUNTING..account_td_last_accrual atla 
		ON atla.td_account_id = tam.td_account_id 
		WHERE (tam.td_account_id = @accountId OR @accountId = -1) 
		AND (tam.branch_code = @branchCode OR @branchCode = -1) 
		AND (tam.product_code = @productCode OR @productCode = -1) 
		AND tam.account_status_id = 1 AND tam.is_active = 1;
	END
END
"
111,sp_td_interest_accrual,"-- =============================================
-- Author:      <Author,,Name>
-- CREATE OR ALTER date: <16-09-2024>
-- Description: <Latest edit with changes for interest start date>
-- =============================================
CREATE PROCEDURE [dbo].[sp_td_interest_accrual] -- [sp_td_interest_accrual] @cbsApplicationDate='2022-12-29',@modifiedby=1,@successCount=null,@failureCount=null
@cbsApplicationDate date,
@modifiedby int
AS
BEGIN
update  bsgtd..td_interest_payment set beneficiary_ifsc=UPPER(beneficiary_ifsc) where  beneficiary_ifsc != UPPER(beneficiary_ifsc) COLLATE Latin1_General_CS_AS 
update  bsgtd..td_maturity_payment set beneficiary_ifsc=UPPER(beneficiary_ifsc) where  beneficiary_ifsc != UPPER(beneficiary_ifsc) COLLATE Latin1_General_CS_AS 
    
    select tdacc.*,(available_balance*base_rate/CASE WHEN dbo.IsLeapYear(tdacc.intdate) = 1 THEN 36600.00 ELSE  36500.00 END) inte into #temp  from (select acc.*,  
                    case when next_interest_date <= @cbsApplicationDate then next_interest_date 
                    when maturity_date = '1900-01-01' then @cbsApplicationDate
                    when 
                        maturity_date <= @cbsApplicationDate then  maturity_date 
                    else @cbsApplicationDate end interestDate ,
            (select 
                    top 1 available_balance 
                from 
                    BSGACCOUNTING.dbo.account_balance_td 
                where 
                    txn_date =( 
                                select 
                                    max(txn_date) 
                                from 
                                    BSGACCOUNTING.dbo.account_balance_td 
                                where 
                                    td_account_id = acc.td_account_id 
                                and (
                                case 
                                    when cast(account_open_date as date) = @cbsApplicationDate then cast(interest_start_date as date)
                                    else txn_date     
                                end ) <= acc.intdate
                                and 
                                    is_active=1)
                and 
                    td_account_id = acc.td_account_id and is_active=1) available_balance
    from (select 
        product_id,
        tam.td_account_id,
        interest_start_date,
        maturity_date,
        next_interest_date,
        case when accrual_posting_date < interest_start_date then interest_start_date else  isnull(tdla.accrual_posting_date ,dateadd(day,-1,interest_start_date )) end accrual_date,
        dateadd(day,sv.number+1,isnull(tdla.accrual_posting_date    ,dateadd(day,-1,tadd.interest_start_date))) intdate,
        base_rate,
        tadd.deposite_type,
        tam.account_open_date
    from 
        BSGTD..td_account_master tam
     inner join 
        BSGTD..td_account_deposit_details tadd
    on 
        tam.td_account_id = tadd.td_account_id --AND tadd.deposite_type=3
    and 
        tadd.is_active=1
    left outer join
        BSGACCOUNTING..account_td_last_accrual tdla
    on 
        tam.td_account_id = tdla.td_account_id
    left outer join 
        master..spt_values sv
    on 
        dateadd(day,sv.number+1,isnull(tdla.accrual_posting_date,dateadd(day,-1,tadd.interest_start_date))) <= case 
                    when next_interest_date <= @cbsApplicationDate then next_interest_date 
                    when maturity_date = '1900-01-01' then @cbsApplicationDate
                    when maturity_date <= @cbsApplicationDate then maturity_date 
                    else @cbsApplicationDate end
    and 
        sv.type = 'P'
    where 
        tam.is_active=1 and  account_status_id in (1,3,4)
    --and tam.td_account_id=147841
        )acc    
    )tdacc
        select pnl.*,txnDate.txn_date into #temp1 from  (select td_account_id,sum(inte) inteAmount,max(interestDate) interestDate,deposite_type from #temp  group by td_account_id,deposite_type) pnl
                left outer join 
                (select td_account_id,max(txn_date) txn_date from BSGACCOUNTING.dbo.account_balance_td abl  where txn_date <= @cbsApplicationDate group by td_account_id) txnDate
            on 
                pnl.td_account_id = txnDate.td_account_id
                --select * from #temp1 --where td_account_id=147841
                update BSGACCOUNTING..account_balance_td
                set interest_accrual = abt.interest_accrual + maxd.inteAmount                   
                    ,last_modified_by = @modifiedby
                    ,last_modified_date = getdate()
                from 
                    BSGACCOUNTING..account_balance_td abt
                    inner join 
                    (select td_account_id,
                            max(txn_date) txn_date 
                    from 
                        BSGACCOUNTING..account_balance_td 
                    where 
                        is_Active=1 
                    group by td_account_id ) maxdate
                on abt.td_account_id =maxdate.td_account_id
                and abt.txn_date = maxdate.txn_date 
                    inner join
                    (select td_account_id,
                            sum(inte) inteAmount,
                            max(interestDate) interestDate 
                    from #temp  where deposite_type=3
                        group by td_account_id) maxd
                    on abt.td_account_id = maxd.td_account_id
                    update BSGACCOUNTING..account_balance_td
                set interest_accrual = isnull(abt.interest_accrual, 0) + isnull(maxd.inteAmount,0)
                    ,last_modified_by = @modifiedby
                    ,last_modified_date = getdate()
                from 
                    BSGACCOUNTING..account_balance_td abt
                    inner join 
                    (select td_account_id,
                            max(txn_date) txn_date 
                    from 
                        BSGACCOUNTING..account_balance_td 
                    where 
                        is_Active=1 
                    group by td_account_id ) maxdate
                on abt.td_account_id =maxdate.td_account_id
                and abt.txn_date = maxdate.txn_date 
                    inner join
                    (select td_account_id,
                            sum(inte) inteAmount,
                            max(interestDate) interestDate 
                    from #temp  where deposite_type in (1,2)
                        group by td_account_id) maxd
                    on abt.td_account_id = maxd.td_account_id
                Left join 
                (select tdi.*
                from 
                BSGACCOUNTING..td_datewise_interest tdi
                inner join
                (select tdi1.td_account_id,max(interest_date)  interest_date
                from BSGACCOUNTING..td_datewise_interest tdi1 
                where  tdi1.is_active=1 group by td_account_id) tdi2
                on 
                    tdi.td_account_id=tdi2.td_account_id 
                and
                    tdi.interest_date=tdi2.interest_date
                where tdi.is_active=1
                ) tdi
                    on maxd.td_account_id=tdi.td_account_id
            
    update b set b.interest_accrual=0,last_modified_by=@modifiedby,last_modified_date=getdate()
--select * 
from
(
select * from BSGTD..td_account_master where is_active=1 and account_status_id in (2,5)
)a
inner join
(
select ab.* from    
        BSGACCOUNTING.dbo.account_balance_td ab with (nolock)
    inner join 
        (select td_account_id,max(txn_date) txn_date from BSGACCOUNTING.dbo.account_balance_td with (nolock) group by td_account_id) maxDate
    on 
        ab.td_account_id = maxDate.td_account_id
    and 
        ab.txn_date =maxDate.txn_date
) b on a.td_account_id=b.td_account_id
where interest_accrual>0 and checker_clear_balance=0
    INSERT BSGACCOUNTING.dbo.account_td_last_accrual
     (td_account_id, accrual_date,accrual_posting_date,created_by,created_date,last_modified_by,last_modified_date) 
     select  source.td_account_id, source.interestDate,source.interestDate,@modifiedby,getdate(),@modifiedby,getdate() from 
     #temp1 source 
     Left join 
        (select * from BSGACCOUNTING.dbo.account_td_last_accrual) a
     on
        source.td_account_id=a.td_account_id
     where inteAmount > 0 and source.deposite_type=3 and a.td_account_id is null
     update BSGACCOUNTING.dbo.account_td_last_accrual
     set accrual_date = source.interestDate,accrual_posting_date =source.interestDate ,last_modified_by = @modifiedby,last_modified_date=getdate()
     from BSGACCOUNTING.dbo.account_td_last_accrual atla 
     inner join (SELECT td_account_id,max(interestDate) interestDate,sum(inteAmount) inteAmount,deposite_type  from #temp1 where inteAmount > 0 group by td_account_id,deposite_type )source
     on atla.td_account_id = source.td_account_id
     where source.inteAmount > 0 and source.deposite_type=3
        INSERT BSGACCOUNTING.dbo.account_td_last_accrual
     (td_account_id, accrual_date,accrual_posting_date,created_by,created_date,last_modified_by,last_modified_date) 
     select  source.td_account_id, a.accrual_date,source.interestDate,@modifiedby,getdate(),@modifiedby,getdate() from 
     #temp1 source 
     Left join 
        (select * from BSGACCOUNTING.dbo.account_td_last_accrual) a
     on
        source.td_account_id=a.td_account_id
     where inteAmount > 0 and source.deposite_type in (1,2) and a.td_account_id is null
     update BSGACCOUNTING.dbo.account_td_last_accrual
     set accrual_posting_date =source.interestDate ,last_modified_by = @modifiedby,last_modified_date=getdate()
     from BSGACCOUNTING.dbo.account_td_last_accrual atla 
     inner join (SELECT td_account_id,max(interestDate) interestDate,sum(inteAmount) inteAmount,deposite_type  from #temp1 where inteAmount > 0 group by td_account_id,deposite_type )source
     on atla.td_account_id = source.td_account_id
     where source.inteAmount > 0 and source.deposite_type in (1,2)
     
insert into bsgturing.dbo.turing_task_result(task_id,task_ref_id,task_ref_table,response_code,message,created_date,created_by)  
    select 3,td_account_id,'td_account_deposit_details,account_balance_td', case when interest > 0.00 then 1 when interest = 0.00 then 3 when interest is null then 2 else 0 end,
      case when interest > 0.00 then 'Success' when interest = 0.00 then 'Day diff or interest calculation is 0' when interest is null then 'Account balance not found' else 'Failed' end,
      getdate(),@modifiedby from 
      (select td_account_id,txn_date,sum(inteAmount) interest from #temp1  group by td_account_id,txn_date)a
    
    DECLARE @successCount int, @failureCount int;
    select  @successCount =  (select count(1) from (select distinct td_account_id from #temp1 where inteAmount > 0.00)a) 
    , @failureCount = (select count(1) from (select distinct td_account_id from #temp1 where (inteAmount = 0.00 or inteAmount is null))b) 
    drop table #temp
    --drop table #account_balance
    select @successCount successCount ,@failureCount failureCount;
    print @successCount
    print @failureCount
end
    /*
    [sp_td_interest_accrual] @cbsApplicationDate='2017-08-21',@modifiedby=1,@successCount=null,@failureCount=null
    */





"
112,sp_td_interest_accrual_2020_06-30,"-- =============================================
-- Author:		<Author,,Name>
-- Create date: <Create Date,,>
-- Description:	<Description,,>
-- =============================================
CREATE   PROCEDURE [dbo].[sp_td_interest_accrual_2020_06-30] -- [sp_td_interest_accrual] @cbsApplicationDate='2017-08-23',@modifiedby=1,@successCount=null,@failureCount=null
@cbsApplicationDate date,
@modifiedby int
AS
BEGIN
	
	select tdacc.*,(available_balance*base_rate/36500.00) inte into #temp  from (select acc.*,	
					case when next_interest_date <= @cbsApplicationDate then next_interest_date 
					when maturity_date = '1900-01-01' then @cbsApplicationDate
					when 
						maturity_date <= @cbsApplicationDate then  maturity_date 
					else @cbsApplicationDate end interestDate ,
			(select 
					top 1 available_balance 
				from 
					BSGACCOUNTING.dbo.account_balance_td 
				where 
					txn_date =( 
								select 
									max(txn_date) 
								from 
									BSGACCOUNTING.dbo.account_balance_td 
								where 
									td_account_id = acc.td_account_id 
								and 
									txn_date <= acc.intdate and is_active=1)
				and 
					td_account_id = acc.td_account_id and is_active=1) available_balance
	from (select 
		product_id,
		tam.td_account_id,
		interest_start_date,
		maturity_date,
		next_interest_date,
		case when accrual_date < interest_start_date then interest_start_date else  isnull(tdla.accrual_date ,dateadd(day,-1,interest_start_date )) end accrual_date,
		dateadd(day,sv.number+1,isnull(tdla.accrual_date,dateadd(day,-1,tadd.interest_start_date))) intdate,
		base_rate
	from 
		BSGTD..td_account_master tam
	 inner join 
		BSGTD..td_account_deposit_details tadd
	on 
		tam.td_account_id = tadd.td_account_id AND tadd.deposite_type=3
	and 
		tadd.is_active=1
	left outer join
		BSGACCOUNTING..account_td_last_accrual tdla
	on 
		tam.td_account_id = tdla.td_account_id
	left outer join 
		master..spt_values sv
	on 
		dateadd(day,sv.number+1,isnull(tdla.accrual_date,dateadd(day,-1,tadd.interest_start_date))) <= case 
					when next_interest_date <= @cbsApplicationDate then next_interest_date 
					when maturity_date = '1900-01-01' then @cbsApplicationDate
					when maturity_date <= @cbsApplicationDate then maturity_date 
					else @cbsApplicationDate end
	and 
		sv.type = 'P'
	where 
		tam.is_active=1 and  account_status_id in (1,3,4)
	--and tam.td_account_id=147841
		)acc	
	)tdacc

		select pnl.*,txnDate.txn_date into #temp1 from  (select td_account_id,sum(inte) inteAmount,max(interestDate) interestDate from #temp  group by td_account_id) pnl
				left outer join 
				(select td_account_id,max(txn_date) txn_date from BSGACCOUNTING.dbo.account_balance_td abl  where txn_date <= @cbsApplicationDate group by td_account_id) txnDate
			on 
				pnl.td_account_id = txnDate.td_account_id

				--select * from #temp1 --where td_account_id=147841

				update BSGACCOUNTING..account_balance_td
				set interest_accrual = abt.interest_accrual + maxd.inteAmount					
					,last_modified_by = @modifiedby
					,last_modified_date = getdate()
				from 
					BSGACCOUNTING..account_balance_td abt
					inner join 
					(select td_account_id,
							max(txn_date) txn_date 
					from 
						BSGACCOUNTING..account_balance_td 
					where 
						is_Active=1 
					group by td_account_id ) maxdate
				on abt.td_account_id =maxdate.td_account_id
				and abt.txn_date = maxdate.txn_date 
					inner join
					(select td_account_id,
							sum(inte) inteAmount,
							max(interestDate) interestDate 
					from #temp  
						group by td_account_id) maxd
					on abt.td_account_id = maxd.td_account_id
					 

	INSERT BSGACCOUNTING.dbo.account_td_last_accrual
	 (td_account_id, accrual_date,created_by,created_date,last_modified_by,last_modified_date) 
	 select  source.td_account_id, source.interestDate,@modifiedby,getdate(),@modifiedby,getdate() from 
	 #temp1 source where inteAmount > 0 and 
	 not exists(select * from BSGACCOUNTING.dbo.account_td_last_accrual 
	 where td_account_id = source.td_account_id)

	 update BSGACCOUNTING.dbo.account_td_last_accrual
	 set accrual_date = source.interestDate ,last_modified_by = @modifiedby,last_modified_date=getdate()
	 from BSGACCOUNTING.dbo.account_td_last_accrual atla 
	 inner join (SELECT td_account_id,max(interestDate) interestDate,sum(inteAmount) inteAmount  from #temp1 where inteAmount > 0 group by td_account_id )source
	 on atla.td_account_id = source.td_account_id
	 where source.inteAmount > 0

insert into bsgturing.dbo.turing_task_result(task_id,task_ref_id,task_ref_table,response_code,message,created_date,created_by)	
	select 3,td_account_id,'td_account_deposit_details,account_balance_td', case when interest > 0.00 then 1 when interest = 0.00 then 3 when interest is null then 2 else 0 end,
	  case when interest > 0.00 then 'Success' when interest = 0.00 then 'Day diff or interest calculation is 0' when interest is null then 'Account balance not found' else 'Failed' end,
	  getdate(),@modifiedby from 
	  (select td_account_id,txn_date,sum(inteAmount) interest from #temp1  group by td_account_id,txn_date)a
	
	DECLARE @successCount int, @failureCount int;
	select  @successCount =  (select count(1) from (select distinct td_account_id from #temp1 where inteAmount > 0.00)a) 
	, @failureCount = (select count(1) from (select distinct td_account_id from #temp1 where (inteAmount = 0.00 or inteAmount is null))b) 
	drop table #temp
	--drop table #account_balance
	select @successCount successCount ,@failureCount failureCount;
	print @successCount
	print @failureCount
end
	/*
	[sp_td_interest_accrual] @cbsApplicationDate='2017-08-21',@modifiedby=1,@successCount=null,@failureCount=null
	*/


"
113,sp_td_interest_application,"

-- =============================================
-- Author:		<Author,,Name>
-- Create date: <Create Date,,>
-- Description:	<Description,,>
-- =============================================
CREATE PROCEDURE [dbo].[sp_td_interest_application]  -- exec sp_td_interest_application '2023-04-24','2023-04-01','2024-03-31'
@cbs_app_date date,
@fin_year_start_date date,
@fin_year_end_date date
AS
BEGIN

--TRUNCATE TABLE BSGACCOUNTING..td_interest_application

--  lastInterestDate, interestStartDate,maturityDate,rate

DECLARE @no_pan_rate decimal(18,2)=(SELECT config_value FROM BSGADMIN..cbs_config WHERE config_key='TDS_NO_PAN_RATE' AND is_active = 1)
DECLARE @ind_customer_rate decimal(18,2)=(SELECT config_value FROM BSGADMIN..cbs_config WHERE config_key='TDS_INDIVIDUAL_CUSTOMER' AND is_active = 1)
DECLARE @corp_customer_rate decimal(18,2)=(SELECT config_value FROM BSGADMIN..cbs_config WHERE config_key='TDS_CORPORATE_CUSTOMER' AND is_active = 1)
DECLARE @regular_tds_threshold decimal(18,2)=(SELECT config_value FROM BSGADMIN..cbs_config WHERE config_key='TDS_THRESHOLD' AND is_active = 1)
DECLARE @senior_tds_threshold decimal(18,2)=(SELECT config_value FROM BSGADMIN..cbs_config WHERE config_key='TDS_SENIOR_CITIZEN_THRESHOLD' AND is_active = 1)
Declare @NRO_TDS_PERCENTAGE decimal(18,2) =(SELECT config_value FROM BSGADMIN..cbs_config WHERE config_key='NRO_TDS_PERCENTAGE' AND is_active = 1)
Declare @NRE_TDS_PERCENTAGE decimal(18,2) =(SELECT config_value FROM BSGADMIN..cbs_config WHERE config_key='NRE_TDS_PERCENTAGE' AND is_active = 1)
Declare @TD_NRE_PRODUCTS nvarchar(500)=(SELECT config_value FROM BSGADMIN..cbs_config WHERE config_key='TD_NRE_PRODUCTS' AND is_active = 1)



select 
	master_data.customer_group_id ,
	master_data.customer_id ,
	master_data.td_account_id ,
	(SELECT account_no FROM bsgcore..customer_accounts WHERE account_id=master_data.td_account_id AND is_active = 1) as td_account_no ,
	master_data.branch_code ,
	case when (master_data.account_status=1 and master_data.next_interest_date = @cbs_app_date 
				AND (CASE WHEN master_data.accrual_date IS NULL 
								THEN master_data.interest_start_date 
						  ELSE master_data.accrual_date END) 
				<master_data.next_interest_date AND master_data.deposite_type IN (1,2)) 
					then (select top 1 interest_accrual from BSGACCOUNTING..account_balance_td where td_account_id = (SELECT td_account_id FROM BSGACCOUNTING..td_datewise_interest WHERE td_account_id=master_data.td_account_id AND interest_date=master_data.next_interest_date AND is_active=1
					) order by txn_date desc)
		WHEN (master_data.account_status=1 and master_data.next_interest_date = @cbs_app_date AND master_data.deposite_type=3) 
					THEN (CASE WHEN master_data.maturity_date<=@cbs_app_date
								THEN (CASE WHEN (SELECT count(td_account_id) FROM bsgtd..rd_installment_master WHERE td_account_id = master_data.td_account_id AND received_date IS NULL)>0
												THEN (CASE WHEN ROUND(master_data.interest_accrual, 0)> (master_data.maturity_amount-(master_data.checker_clear_balance+master_data.interest_payable+master_data.interest_paid))
																THEN (master_data.maturity_amount-(master_data.checker_clear_balance+master_data.interest_payable+master_data.interest_paid))
															ELSE ROUND(master_data.interest_accrual, 0) end)
											ELSE (CASE WHEN (master_data.maturity_amount-(master_data.checker_clear_balance+master_data.interest_payable+master_data.interest_paid))>0
															THEN (master_data.maturity_amount-(master_data.checker_clear_balance+master_data.interest_payable+master_data.interest_paid))
														ELSE 0 END) END)
								ELSE ROUND(master_data.interest_accrual, 0) END )
		ELSE 0 end current_interest,
	(CASE WHEN master_data.projected_interest IS NULL THEN 0 ELSE master_data.projected_interest END) AS projected_interest,
	(CASE WHEN master_data.custome_type_code=1 THEN master_data.age_group ELSE -1 END) as age_group,
	(CASE WHEN master_data.previous_interest IS NULL THEN 0 ELSE master_data.previous_interest END) AS previous_interest,
	(CASE WHEN master_data.previous_tds IS NULL THEN 0 ELSE master_data.previous_tds END) AS previous_tds,
	
	master_data.tds_receivable,
	(ROUND(((master_data.tds_receivable*master_data.base_rate*DATEDIFF(D,master_data.tds_receivable_date,master_data.next_interest_date))/36500),0)) as interest_on_tds_receivable ,
	master_data.tds_receivable_date,
	master_data.interest_payable,
	master_data.next_interest_date,
	master_data.interest_start_date,
	master_data.maturity_date,
	master_data.accrual_date,
	master_data.base_rate,
	master_data.account_status,
	0 as current_tds,
	master_data.deposite_type,
	tpm.interest_frequency,
	tpm.is_open_deposit,
	tpm.quarter_calculation,
	master_data.payment_mode,
	master_data.transfer_branch,
	(CASE WHEN master_data.transfer_activity_type=1002
		THEN ISNULL((SELECT account_id FROM bsgcore..account_master WHERE account_id=master_data.transfer_account_id AND is_active=1 AND account_status_id NOT IN (4,8) and freeze_status_id not in (2,5)),-1)
	 ELSE master_data.transfer_account_id END) as transfer_account_id,
	(SELECT account_no FROM bsgcore..customer_accounts WHERE account_id=master_data.transfer_account_id and is_active=1) as transfer_account_no,
	(CASE WHEN master_data.transfer_activity_type=1002 
		THEN ISNULL((SELECT product_id FROM bsgcore..account_master WHERE account_id=master_data.transfer_account_id AND is_active=1 AND account_status_id NOT IN (4,8) and freeze_status_id not in (2,5)),-1)
	 ELSE -1 END) as transfer_product_id,
	master_data.transfer_activity_type,
	master_data.beneficiary_bank_code,
	master_data.beneficiary_branch_code,
	master_data.beneficiary_ifsc,
	master_data.beneficiary_account_name,
	master_data.beneficiary_account_no,
	master_data.beneficiary_address,
	master_data.beneficiary_bank,
	master_data.beneficiary_branch,
	master_data.beneficiary_remarks,
	master_data.dd_po_payee_name,
	tpm.pl_account_id,
	(SELECT internal_product_id FROM bsgcore..account_master_internal WHERE internal_account_id=tpm.pl_account_id AND is_active=1) as pl_product_id,
	master_data.product_id,
	(SELECT internal_product_id FROM BSGCORE..product_master_internal WHERE product_code=( SELECT config_value FROM BSGADMIN..cbs_config WHERE config_key='INTEREST_PAYABLE' AND is_active = 1) AND branch_code=master_data.branch_code AND is_active=1) as interest_payable_product_id,
	(SELECT internal_product_id FROM BSGCORE..product_master_internal WHERE product_code=(SELECT config_value FROM BSGADMIN..cbs_config WHERE config_key='TDS_PRODUCT' AND is_active = 1) AND branch_code=master_data.branch_code AND is_active=1) as tds_product_id,
	(SELECT internal_product_id FROM BSGCORE..product_master_internal WHERE product_code=(SELECT config_value FROM BSGADMIN..cbs_config WHERE config_key='TDS_RECEIVABLE_PRODUCT' AND is_active = 1) AND branch_code=master_data.branch_code AND is_active=1) as tds_receivable_product_id,
	@cbs_app_date as txn_date,
	getdate() as created_date,
	-1 as created_by,
	0 as is_applied,
	master_data.next_paid_date,
	master_data.interest_accrual,
	master_data.custome_type_code,
	master_data.maturity_amount,
	master_data.checker_clear_balance,
	master_data.interest_paid,
	master_data.NRO_FLAG
INTO 
	#temp_interest_application
FROM
	(select inner_atla_data.accrual_date,int_data.*,customer_int_tds.previous_interest,customer_int_tds.previous_tds
	from 
		(SELECT tpi.*,bal_data.* 
		FROM
			(select cm.*,projected_data.projected_interest 
			from
				(select account_details.*,
					inner_group_cm.customer_group_id,
					(SELECT custome_type_code FROM BSGCRM..customer_master WHERE is_active=1 AND customer_id=inner_group_cm.customer_group_id) AS custome_type_code,
					(SELECT age_group FROM BSGCRM..customer_master WHERE is_active=1 AND customer_id=inner_group_cm.customer_group_id)AS age_group 
				from 
					(select inner_tam.*,
						inner_tdd.base_rate,
						inner_tdd.next_interest_date,
						inner_tdd.deposite_type,
						inner_tdd.interest_start_date,
						inner_tdd.maturity_date,
						inner_tdd.next_paid_date,
						inner_tip.* 
					from
						(select td_account_id,
							customer_id,
							account_status_id account_status,
							branch_code,
							product_id,
							maturity_amount,
							NRO_FLAG
						from bsgtd..td_account_master 
						where is_active=1 and
							(account_closure_date is null or account_closure_date>=@fin_year_start_date)
						)inner_tam
					inner join
						(select td_account_id,base_rate,next_interest_date,deposite_type,interest_start_date,maturity_date,next_paid_date
						 FROM bsgtd..td_account_deposit_details where is_active=1
						 )inner_tdd
						on inner_tam.td_account_id=inner_tdd.td_account_id
					left outer join
						(select td_account_id as tip_td_account_id,
							payment_mode,
							transfer_branch,
							transfer_account_id,
							transfer_activity_type,
							beneficiary_bank_code,
							beneficiary_branch_code,beneficiary_ifsc,beneficiary_account_name,beneficiary_account_no,beneficiary_address,
							beneficiary_bank,beneficiary_branch,beneficiary_remarks,dd_po_payee_name 
						from bsgtd..td_interest_payment 
						where is_active=1
						)inner_tip
						on inner_tam.td_account_id=inner_tip.tip_td_account_id)account_details
					LEFT OUTER JOIN 
						(SELECT customer_id,customer_group_id
						 FROM BSGCRM..customer_master 
						 WHERE is_active=1
						) inner_group_cm
						ON inner_group_cm.customer_id=account_details.customer_id)cm
					LEFT OUTER JOIN
						( SELECT inner_projection.customer_group_id,
							SUM(inner_projection.projected_interest) as projected_interest 
						FROM ( select cm.customer_group_id,
									ROUND(sum(projected_interest),0)projected_interest 
								from bsgtd..td_projected_interest tip,bsgtd..td_account_master tam,bsgcrm..customer_master cm
								where to_date>=@fin_year_start_date and to_date<=@fin_year_end_date
										AND tip.td_account_id=tam.td_account_id AND tam.is_active=1 AND tam.account_status_id IN (1,2)
								AND tam.customer_id=cm.customer_id AND cm.is_active=1 GROUP BY cm.customer_group_id

UNION ALL

select cm.customer_group_id,ROUND(sum(interest)-sum(interest_reversal),0)projected_interest 
from BSGTD..td_customer_interest_tds tcit,bsgtd..td_account_master tam,bsgcrm..customer_master cm
where tcit.txn_date>=@fin_year_start_date and tcit.txn_date<=@fin_year_end_date
AND tcit.td_account_id=tam.td_account_id AND tam.is_active=1 AND tam.account_status_id=5
AND tam.account_closure_date>=@fin_year_start_date
AND tam.customer_id=cm.customer_id AND cm.is_active=1 AND tcit.is_active=1 GROUP BY cm.customer_group_id
)inner_projection GROUP BY inner_projection.customer_group_id )projected_data
on cm.customer_group_id=projected_data.customer_group_id
)tpi
left outer join
(SELECT td_account_id as bal_account_id,tds_receivable,tds_receivable_date,interest_payable,interest_paid,interest_accrual ,checker_clear_balance
FROM BSGACCOUNTING..account_balance_td abt WHERE id=(
SELECT MAX(id) FROM BSGACCOUNTING..account_balance_td WHERE td_account_id=abt.td_account_id))bal_data
ON bal_data.bal_account_id=tpi.td_account_id
) int_data
left outer join
(SELECT td_account_id as atla_td_account_id,accrual_date 
FROM BSGACCOUNTING..account_td_last_accrual)inner_atla_data
ON inner_atla_data.atla_td_account_id=int_data.td_account_id
left outer join
(select tcit.td_account_id,tcit.customer_id,(SUM(interest)-SUM(interest_reversal)) as previous_interest,
					 (SUM(tds)-SUM(tds_reversal)) as previous_tds from BSGTD..td_customer_interest_tds tcit 
					 INNER JOIN bsgtd..td_account_master tm
					 on
					 tm.td_account_id=tcit.td_account_id and tm.customer_id=tcit.customer_id and tm.is_active=1 
					  WHERE 
														  
					  tcit.txn_date>=@fin_year_start_date	  
																																																  
																																																  
					  AND tcit.txn_date<=@fin_year_end_date 
																										 
					  AND  tcit.is_active=1  					  
					  group by tcit.td_account_id,tcit.customer_id) customer_int_tds
on
int_data.td_account_id=customer_int_tds.td_account_id
--LEFT OUTER JOIN
--(SELECT 0 AS previous_interest,0 AS previous_tds) customer_int_tds ON 1=1 
)master_data
inner join
(select product_id,pl_account_id,interest_frequency,quarter_calculation,is_open_deposit from bsgtd..td_product_master where is_active=1) tpm
on
master_data.product_id=tpm.product_id




INSERT INTO BSGACCOUNTING..td_interest_application
select 
	tds_rate_cal.customer_group_id ,
	tds_rate_cal.customer_id ,
	tds_rate_cal.td_account_id ,
	tds_rate_cal.td_account_no,
	tds_rate_cal.branch_code,
	tds_rate_cal.current_interest,
	tds_rate_cal.projected_interest,
	tds_rate_cal.age_group,
	tds_rate_cal.previous_interest,
	tds_rate_cal.previous_tds,
	(case
	WHEN tds_rate_cal.NRO_FLAG=1 then @NRO_TDS_PERCENTAGE
	when tds_rate_cal.product_id in (SELECT product_id FROM BSGACCOUNTING.dbo.SplitString(@TD_NRE_PRODUCTS,',') t 
									 INNER JOIN BSGTD..td_product_master p
									 ON t.Item=p.product_code and p.is_active=1) then @NRE_TDS_PERCENTAGE
	WHEN (SELECT is_applicable FROM BSGCRM..customer_tds 
				WHERE customer_id=tds_rate_cal.customer_group_id 
					AND is_active=1 and tds_rate_cal.next_interest_date>=applicable_date
				AND tds_rate_cal.next_interest_date<=expiry_date 
					AND tds_rate_cal.tds_applicable_interest<( CASE WHEN form15h=1
																THEN (SELECT config_value FROM BSGADMIN..cbs_config WHERE config_key='TD_15H_UPPER_LIMIT' AND is_active = 1) 
															  ELSE (SELECT config_value FROM BSGADMIN..cbs_config WHERE config_key='TD_15G_UPPER_LIMIT' AND is_active = 1) END) )=0
					THEN 0
		  WHEN tds_eligible=0
					THEN 0
		  when (select percentage from bsgcrm..customer_tds ct where ct.customer_id= tds_rate_cal.customer_group_id and tds_rate_cal.next_interest_date>=applicable_date
				AND tds_rate_cal.next_interest_date<=expiry_date AND ct.form15g=0 AND ct.form15h=0 AND ct.is_active=1 ) is not null
				then (select percentage from bsgcrm..customer_tds ct where ct.customer_id=tds_rate_cal.customer_group_id and tds_rate_cal.next_interest_date>=applicable_date
						AND tds_rate_cal.next_interest_date<=expiry_date AND ct.form15g=0 AND ct.form15h=0 AND ct.is_active=1)       
		  WHEN tds_rate_cal.custome_type_code=1  
				then isnull((select @ind_customer_rate from BSGCRM..customer_ind_info cii  
								where is_active=1 and  cii.pan_no like '[A-Z][A-Z][A-Z][A-Z][A-Z][0-9][0-9][0-9][0-9][A-Z]' AND cii.customer_id=tds_rate_cal.customer_group_id),@no_pan_rate)
		  else isnull((select @corp_customer_rate from BSGCRM..customer_corp_info cci 
						where is_active=1 and cci.pan_no like '[A-Z][A-Z][A-Z][A-Z][A-Z][0-9][0-9][0-9][0-9][A-Z]' AND cci.customer_id=tds_rate_cal.customer_group_id),@no_pan_rate)
		end ) as tds_rate,tds_eligible,
	tds_rate_cal.tds_receivable,
	tds_rate_cal.interest_on_tds_receivable ,
	tds_rate_cal.tds_receivable_date,
	tds_rate_cal.interest_payable,
	tds_rate_cal.next_interest_date,
	tds_rate_cal.interest_start_date,
	tds_rate_cal.maturity_date,
	tds_rate_cal.accrual_date,
	tds_rate_cal.base_rate,
	tds_rate_cal.account_status,
	tds_rate_cal.current_tds,
	tds_rate_cal.deposite_type,
	tds_rate_cal.interest_frequency,
	tds_rate_cal.is_open_deposit,
	tds_rate_cal.quarter_calculation,
	tds_rate_cal.payment_mode,
	tds_rate_cal.transfer_branch,
	tds_rate_cal.transfer_account_id,
	tds_rate_cal.transfer_account_no,
	tds_rate_cal.transfer_product_id,
	tds_rate_cal.transfer_activity_type,
	tds_rate_cal.beneficiary_bank_code,
	tds_rate_cal.beneficiary_branch_code,
	tds_rate_cal.beneficiary_ifsc,
	tds_rate_cal.beneficiary_account_name,
	tds_rate_cal.beneficiary_account_no,
	tds_rate_cal.beneficiary_address,
	tds_rate_cal.beneficiary_bank,
	tds_rate_cal.beneficiary_branch,
	tds_rate_cal.beneficiary_remarks,
	tds_rate_cal.dd_po_payee_name,
	tds_rate_cal.pl_account_id,
	tds_rate_cal.pl_product_id,
	tds_rate_cal.product_id,
	tds_rate_cal.interest_payable_product_id,
	tds_rate_cal.tds_product_id,
	tds_rate_cal.tds_receivable_product_id,
	tds_rate_cal.txn_date,
	tds_rate_cal.created_date,
	tds_rate_cal.created_by,
	tds_rate_cal.is_applied,
	tds_rate_cal.next_paid_date
from
(

select 
	master_td_int_data.customer_group_id ,
	master_td_int_data.customer_id ,
	master_td_int_data.td_account_id ,
	master_td_int_data.td_account_no,
	master_td_int_data.branch_code,
	master_td_int_data.current_interest,
	master_td_int_data.projected_interest,
	master_td_int_data.age_group,
	master_td_int_data.previous_interest,
	master_td_int_data.previous_tds,
	master_td_int_data.tds_receivable,
	master_td_int_data.interest_on_tds_receivable ,
	master_td_int_data.tds_receivable_date,
	master_td_int_data.interest_payable,
	master_td_int_data.next_interest_date,
	master_td_int_data.interest_start_date,
	master_td_int_data.maturity_date,
	master_td_int_data.accrual_date,
	master_td_int_data.base_rate,
	master_td_int_data.account_status,
	master_td_int_data.current_tds,
	master_td_int_data.deposite_type,
	master_td_int_data.interest_frequency,
	master_td_int_data.is_open_deposit,
	master_td_int_data.quarter_calculation,
	master_td_int_data.payment_mode,
	master_td_int_data.transfer_branch,
	master_td_int_data.transfer_account_id,
	master_td_int_data.transfer_account_no,
	master_td_int_data.transfer_product_id,
	master_td_int_data.transfer_activity_type,
	master_td_int_data.beneficiary_bank_code,
	master_td_int_data.beneficiary_branch_code,
	master_td_int_data.beneficiary_ifsc,
	master_td_int_data.beneficiary_account_name,
	master_td_int_data.beneficiary_account_no,
	master_td_int_data.beneficiary_address,
	master_td_int_data.beneficiary_bank,
	master_td_int_data.beneficiary_branch,
	master_td_int_data.beneficiary_remarks,
	master_td_int_data.dd_po_payee_name,
	master_td_int_data.pl_account_id,
	master_td_int_data.pl_product_id,
	master_td_int_data.product_id,
	master_td_int_data.interest_payable_product_id,
	master_td_int_data.tds_product_id,
	master_td_int_data.tds_receivable_product_id,
	master_td_int_data.txn_date,
	master_td_int_data.created_date,
	master_td_int_data.created_by,
	master_td_int_data.is_applied,
	master_td_int_data.next_paid_date,
	master_td_int_data.tds_applicable_interest,
	(CASE WHEN master_td_int_data.age_group IN (2,3) 
	AND master_td_int_data.tds_applicable_interest>@senior_tds_threshold 
	THEN 1
	WHEN master_td_int_data.age_group IN (1,4,-1) AND master_td_int_data.tds_applicable_interest>@regular_tds_threshold 
	THEN 1
	ELSE 0 END
	) tds_eligible,
	master_td_int_data.custome_type_code,
	master_td_int_data.NRO_FLAG
from
(

select 
	td_int_data.customer_group_id ,
	td_int_data.customer_id ,
	td_int_data.td_account_id ,
	td_int_data.td_account_no,
	td_int_data.branch_code,
	td_int_data.current_interest,
	td_int_data.projected_interest,
	td_int_data.age_group,
	td_int_data.previous_interest,
	td_int_data.previous_tds,
	td_int_data.tds_receivable,
	td_int_data.interest_on_tds_receivable ,
	td_int_data.tds_receivable_date,
	td_int_data.interest_payable,
	td_int_data.next_interest_date,
	td_int_data.interest_start_date,
	td_int_data.maturity_date,
	td_int_data.accrual_date,
	td_int_data.base_rate,
	td_int_data.account_status,
	td_int_data.current_tds,
	td_int_data.deposite_type,
	td_int_data.interest_frequency,
	td_int_data.is_open_deposit,
	td_int_data.quarter_calculation,
	td_int_data.payment_mode,
	td_int_data.transfer_branch,
	td_int_data.transfer_account_id,
	td_int_data.transfer_account_no,
	td_int_data.transfer_product_id,
	td_int_data.transfer_activity_type,
	td_int_data.beneficiary_bank_code,
	td_int_data.beneficiary_branch_code,
	td_int_data.beneficiary_ifsc,
	td_int_data.beneficiary_account_name,
	td_int_data.beneficiary_account_no,
	td_int_data.beneficiary_address,
	td_int_data.beneficiary_bank,
	td_int_data.beneficiary_branch,
	td_int_data.beneficiary_remarks,
	td_int_data.dd_po_payee_name,
	td_int_data.pl_account_id,
	td_int_data.pl_product_id,
	td_int_data.product_id,
	td_int_data.interest_payable_product_id,
	td_int_data.tds_product_id,
	td_int_data.tds_receivable_product_id,
	td_int_data.txn_date,
	td_int_data.created_date,
	td_int_data.created_by,
	td_int_data.is_applied,
	td_int_data.next_paid_date,
	case when td_int_data.projected_interest > actual_interest
		then td_int_data.projected_interest
		else actual_interest
	end tds_applicable_interest,
	td_int_data.custome_type_code,
	td_int_data.NRO_FLAG
	--td_int_data.age_group
from	(

select 
	t.* ,
	actual_interest
from
	#temp_interest_application t
	left outer join (
		select customer_group_id,sum(current_interest+previous_interest) actual_interest from #temp_interest_application
		group by  customer_group_id
	) tt
		on t.customer_group_id = tt.customer_group_id
)td_int_data

) master_td_int_data
) tds_rate_cal;


UPDATE BSGACCOUNTING..td_interest_application SET is_applied = 1 WHERE interest_date = @cbs_app_date AND current_interest = 0;

UPDATE tia SET tia.current_interest = -1, is_applied = 1 
FROM BSGACCOUNTING..td_interest_application tia 
INNER JOIN 
(SELECT tia.td_account_id, tia.current_interest, tadd.td_amount, tadd.computed_amount, abt.interest_provided 
FROM BSGACCOUNTING..td_interest_application tia 
INNER JOIN BSGACCOUNTING..account_balance_td abt 
ON abt.td_account_id = tia.td_account_id AND abt.id = (SELECT MAX(id) FROM BSGACCOUNTING..account_balance_td WHERE td_account_id = tia.td_account_id) 
INNER JOIN BSGTD..td_account_deposit_details tadd 
ON tadd.td_account_id = tia.td_account_id AND tadd.deposite_type IN (1, 2) AND tadd.is_active = 1 
WHERE tia.current_interest > 0 
GROUP BY tia.td_account_id, tia.current_interest, tadd.td_amount, tadd.computed_amount, abt.interest_provided 
HAVING tia.current_interest + abt.interest_provided + tadd.td_amount > tadd.computed_amount) a 
ON a.td_account_id = tia.td_account_id;




select 
	a.customer_group_id,
	a.tds_rate,
	a.upto_amount,
	a.applicable_date,
	a.expiry_date,
	ISNULL(case when isCurrentInterestInPeriod = 1 then 
	current_interest + applied_period_interest else 
	applied_period_interest end,0) applied_period_interest,
	applied_period_tds,
	current_interest,
	previous_interest,
	previous_tds,
	tds_rate_without_slab
INTO
	#temp_form15AA_details
from
(
Select 
	tt.customer_id customer_group_id,percentage tds_rate,isnull(upto_amount,0) upto_amount,applicable_date,expiry_date,
	ISNULL(previouInterestTdsDetails.previous_interest,0) applied_period_interest,
	ISNULL(previouInterestTdsDetails.previous_tds,0) applied_period_tds,
	ISNULL(current_interest,0) current_interest, 
	ISNULL(tdCurrentInterestDetails.previous_interest,0)previous_interest,
	ISNULL(tdCurrentInterestDetails.previous_tds,0) previous_tds,
	ISNULL(tdCurrentInterestDetails.tds_rate_without_slab,0) tds_rate_without_slab,
	case when @cbs_app_date >= cast(applicable_date as date) 
	and @cbs_app_date <= CAST(expiry_date as date) then  1 else 0 end  isCurrentInterestInPeriod 

from
	BSGCRM..customer_tds tt
	LEFT join (
			select 
				cm.customer_group_id,
				(SUM(interest)-SUM(interest_reversal)) as previous_interest,
				(SUM(tds)-SUM(tds_reversal)) as previous_tds 
			from BSGTD..td_customer_interest_tds tcit 
					INNER JOIN bsgtd..td_account_master tm
					on tm.td_account_id=tcit.td_account_id 
					and tm.customer_id=tcit.customer_id 
						and tm.is_active=1 
					left outer join BSGCRM..customer_master cm
						on cm.customer_id = tm.customer_id
							and cm.is_active = 1
					left outer join BSGCRM..customer_tds c
							on c.customer_id = cm.customer_group_id
								and c.is_active = 1
			WHERE 
					tcit.txn_date>=cast(c.applicable_date as date)  
					AND tcit.txn_date<=cast(c.expiry_date as date)
					AND  tcit.is_active=1  					  
			group by cm.customer_group_id
		) previouInterestTdsDetails
			on  tt.customer_id = previouInterestTdsDetails.customer_group_id
		left outer join (
							select 
								t.customer_group_id,
								ISNULL(SUM(t.current_interest),0) current_interest,
								ISNULL(SUM(t.previous_interest),0) previous_interest,
								ISNULL(SUM(t.previous_tds),0) previous_tds,
								case when tt.custome_type_code = 1
								THEN  isnull((select @ind_customer_rate from BSGCRM..customer_ind_info cii  
								where is_active=1 and  cii.pan_no like '[A-Z][A-Z][A-Z][A-Z][A-Z][0-9][0-9][0-9][0-9][A-Z]' AND cii.customer_id=t.customer_group_id),@no_pan_rate)
								ELSE isnull((select @corp_customer_rate from BSGCRM..customer_corp_info cci 
						where is_active=1 and cci.pan_no like '[A-Z][A-Z][A-Z][A-Z][A-Z][0-9][0-9][0-9][0-9][A-Z]' AND cci.customer_id=t.customer_group_id),@no_pan_rate)
								END tds_rate_without_slab
							from
								BSGACCOUNTING..td_interest_application t
									left outer join #temp_interest_application tt
											on tt.td_account_id = t.td_account_id
												
										  
							Where
								tds_applicable = 1
							Group by t.customer_group_id,tt.custome_type_code
						 ) tdCurrentInterestDetails
						  ON tdCurrentInterestDetails.customer_group_id = tt.customer_id
where
	cast(applicable_date as date) >= @fin_year_start_date
	and cast(expiry_date as date) <= @fin_year_end_date
	and is_applicable = 1 -- Form 15 AA Submitted
	and form15g = 0 -- Form 15 G should not be submitted
	and form15g = 0 -- Form 15 H should not be submitted
	and is_active = 1 
)a


	update tia set tia.tds_rate = ISNULL(t15a.tds_rate,0)
	from BSGACCOUNTING..td_interest_application tia
		inner join #temp_form15AA_details t15a
			on tia.customer_group_id = t15a.customer_group_id
		left outer join BSGTD..td_product_master tpm
			on tpm.product_id = tia.td_product_id
				and tpm.is_active = 1
		Where
			tia.tds_applicable = 1
			and tpm.tds_applicable = 1
select 
	customer_group_id,
	total_int,
	total_tds,
	previous_tds,
	current_interest current_total_interest,
	CEILING(total_tds - previous_tds) current_total_tds
INTO 
	#temp_15AACustomerWiseDetails
from
	(
select	
	customer_group_id,
	total_int,	
	case when total_int  - applied_period_interest > 0 then 
	CEILING((total_int  - applied_period_interest) * tds_rate_without_slab / 100.00)
	ELSE 0 END + ISNULL(slabTdsCalculated,0) total_tds,
	previous_tds,
	current_interest,
	tds_rate_without_slab,
	applied_period_interest
from
(
select 
	customer_group_id,
	total_int,
	(case when (applied_period_interest - tdsCalulcatedAmount) > 0 then 
		CEILING(((applied_period_interest - tdsCalulcatedAmount) * tds_rate_without_slab)/100.00) 
		else 0 end)+
		CEILING((tdsCalulcatedAmount * tds_rate)/100.00) slabTdsCalculated,
	previous_tds,
	current_interest,
	tds_rate_without_slab,
	applied_period_interest
from
(

SELECT 
	customer_group_id,
	(current_interest)+(previous_interest) as total_int,
	case when (applied_period_interest) > upto_amount
	then upto_amount
	else applied_period_interest end tdsCalulcatedAmount,
	applied_period_interest,
	applied_period_tds,
	previous_tds,
	tds_rate,
	tds_rate_without_slab,
	current_interest
FROM 
	#temp_form15AA_details
--where 
--	tds_rate > 0
)A
)B
)C
--GROUP BY customer_group_id,tds_rate,tds_rate_without_slab


IF OBJECT_ID('tempdb..#customer_wise_tds') 
IS NOT NULL DROP TABLE #customer_wise_tds

SELECT customer_group_id,(SUM(current_interest)+SUM(previous_interest)) as total_int,
CEILING(((SUM(current_interest)+SUM(previous_interest))*tds_rate)/100) as total_tds,
SUM(previous_tds) as previous_tds,SUM(current_interest) as current_total_interest
,(CEILING(((SUM(current_interest)+SUM(previous_interest))*tds_rate)/100)-SUM(previous_tds)) as current_total_tds
INTO #customer_wise_tds
FROM BSGACCOUNTING..td_interest_application
WHERE tds_rate>0  and customer_group_id not in (
select distinct customer_group_id from #temp_15AACustomerWiseDetails
)
GROUP BY customer_group_id,tds_rate

INSERT INTO #customer_wise_tds
select 
	customer_group_id,
	total_int,
	total_tds,
	previous_tds,
	current_total_interest,
	current_total_tds
from
	#temp_15AACustomerWiseDetails


UPDATE tia SET 
tia.current_tds=CEILING((tia.current_interest*cwt.current_total_tds)/cwt.current_total_interest)
FROM BSGACCOUNTING..td_interest_application tia
INNER JOIN #customer_wise_tds cwt
ON tia.customer_group_id=cwt.customer_group_id AND cwt.current_total_tds>0 AND cwt.current_total_interest>0
WHERE tia.tds_rate>0 AND tia.current_interest>0


IF OBJECT_ID('tempdb..#customer_wise_tds') 
IS NOT NULL DROP TABLE #customer_wise_tds

END
  


"
114,sp_td_interest_application_2022_04_05,"
-- =============================================
-- Author:		<Author,,Name>
-- Create date: <Create Date,,>
-- Description:	<Description,,>
-- =============================================
create   PROCEDURE [dbo].[sp_td_interest_application_2022_04_05]  -- exec sp_td_interest_application '2019-09-27','2019-04-01','2020-03-31'
@cbs_app_date date,
@fin_year_start_date date,
@fin_year_end_date date
AS
BEGIN


--  lastInterestDate, interestStartDate,maturityDate,rate

DECLARE @no_pan_rate decimal(18,2)=(SELECT config_value FROM BSGADMIN..cbs_config WHERE config_key='TDS_NO_PAN_RATE' AND is_active = 1)
DECLARE @ind_customer_rate decimal(18,2)=(SELECT config_value FROM BSGADMIN..cbs_config WHERE config_key='TDS_INDIVIDUAL_CUSTOMER' AND is_active = 1)
DECLARE @corp_customer_rate decimal(18,2)=(SELECT config_value FROM BSGADMIN..cbs_config WHERE config_key='TDS_CORPORATE_CUSTOMER' AND is_active = 1)
DECLARE @regular_tds_threshold decimal(18,2)=(SELECT config_value FROM BSGADMIN..cbs_config WHERE config_key='TDS_THRESHOLD' AND is_active = 1)
DECLARE @senior_tds_threshold decimal(18,2)=(SELECT config_value FROM BSGADMIN..cbs_config WHERE config_key='TDS_SENIOR_CITIZEN_THRESHOLD' AND is_active = 1)

INSERT INTO BSGACCOUNTING..td_interest_application 
select 
	master_data.customer_group_id ,
	master_data.customer_id ,
	master_data.td_account_id ,
	(SELECT account_no FROM bsgcore..customer_accounts WHERE account_id=master_data.td_account_id) as td_account_no ,
	master_data.branch_code ,
	case when (master_data.account_status=1 and master_data.next_interest_date = @cbs_app_date 
				AND (CASE WHEN master_data.accrual_date IS NULL 
								THEN master_data.interest_start_date 
						  ELSE master_data.accrual_date END) 
				<master_data.next_interest_date AND master_data.deposite_type IN (1,2)) 
					then (SELECT interest FROM BSGACCOUNTING..td_datewise_interest WHERE td_account_id=master_data.td_account_id AND interest_date=master_data.next_interest_date AND is_active=1)
		WHEN (master_data.account_status=1 and master_data.next_interest_date = @cbs_app_date AND master_data.deposite_type=3) 
					THEN (CASE WHEN master_data.maturity_date<=@cbs_app_date
								THEN (CASE WHEN (SELECT count(td_account_id) FROM bsgtd..rd_installment_master WHERE td_account_id = master_data.td_account_id AND received_date IS NULL)>0
												THEN (CASE WHEN ROUND(master_data.interest_accrual, 0)> (master_data.maturity_amount-(master_data.checker_clear_balance+master_data.interest_payable+master_data.interest_paid))
																THEN (master_data.maturity_amount-(master_data.checker_clear_balance+master_data.interest_payable+master_data.interest_paid))
															ELSE ROUND(master_data.interest_accrual, 0) end)
											ELSE (CASE WHEN (master_data.maturity_amount-(master_data.checker_clear_balance+master_data.interest_payable+master_data.interest_paid))>0
															THEN (master_data.maturity_amount-(master_data.checker_clear_balance+master_data.interest_payable+master_data.interest_paid))
														ELSE 0 END) END)
								ELSE ROUND(master_data.interest_accrual, 0) END )
		ELSE 0 end current_interest,
	(CASE WHEN master_data.projected_interest IS NULL THEN 0 ELSE master_data.projected_interest END) AS projected_interest,
	(CASE WHEN master_data.custome_type_code=1 THEN master_data.age_group ELSE -1 END) as age_group,
	(CASE WHEN master_data.previous_interest IS NULL THEN 0 ELSE master_data.previous_interest END) AS previous_interest,
	(CASE WHEN master_data.previous_tds IS NULL THEN 0 ELSE master_data.previous_tds END) AS previous_tds,
	(case WHEN (SELECT is_applicable FROM BSGCRM..customer_tds 
				WHERE customer_id=master_data.customer_group_id 
					AND is_active=1 and master_data.next_interest_date>=applicable_date
				AND master_data.next_interest_date<=expiry_date 
					AND master_data.projected_interest<( CASE WHEN form15h=1
																THEN (SELECT config_value FROM BSGADMIN..cbs_config WHERE config_key='TD_15H_UPPER_LIMIT' AND is_active = 1) 
															  ELSE (SELECT config_value FROM BSGADMIN..cbs_config WHERE config_key='TD_15G_UPPER_LIMIT' AND is_active = 1) END) )=0
					THEN 0
		  WHEN tds_eligible=0
					THEN 0
		  when (select percentage from bsgcrm..customer_tds ct where ct.customer_id= master_data.customer_group_id and master_data.next_interest_date>=applicable_date
				AND master_data.next_interest_date<=expiry_date AND ct.form15g=0 AND ct.form15h=0 AND ct.is_active=1 ) is not null
				then (select percentage from bsgcrm..customer_tds ct where ct.customer_id=master_data.customer_group_id and master_data.next_interest_date>=applicable_date
						AND master_data.next_interest_date<=expiry_date AND ct.form15g=0 AND ct.form15h=0 AND ct.is_active=1)       
		  WHEN master_data.custome_type_code=1  
				then isnull((select @ind_customer_rate from BSGCRM..customer_ind_info cii  
								where is_active=1 and  cii.pan_no like '[A-Z][A-Z][A-Z][A-Z][A-Z][0-9][0-9][0-9][0-9][A-Z]' AND cii.customer_id=master_data.customer_group_id),@no_pan_rate)
		  else isnull((select @corp_customer_rate from BSGCRM..customer_corp_info cci 
						where is_active=1 and cci.pan_no like '[A-Z][A-Z][A-Z][A-Z][A-Z][0-9][0-9][0-9][0-9][A-Z]' AND cci.customer_id=master_data.customer_group_id),@no_pan_rate)
		end ) as tds_rate,tds_eligible,
	master_data.tds_receivable,
	(ROUND(((master_data.tds_receivable*master_data.base_rate*DATEDIFF(D,master_data.tds_receivable_date,master_data.next_interest_date))/36500),0)) as interest_on_tds_receivable ,
	master_data.tds_receivable_date,
	master_data.interest_payable,
	master_data.next_interest_date,
	master_data.interest_start_date,
	master_data.maturity_date,
	master_data.accrual_date,
	master_data.base_rate,
	master_data.account_status,
	0 as current_tds,
	master_data.deposite_type,
	tpm.interest_frequency,
	tpm.is_open_deposit,
	tpm.quarter_calculation,
	master_data.payment_mode,
	master_data.transfer_branch,
	(CASE WHEN master_data.transfer_activity_type=1002
		THEN ISNULL((SELECT account_id FROM bsgcore..account_master WHERE account_id=master_data.transfer_account_id AND is_active=1 AND account_status_id NOT IN (4,5,2)),-1)
	 ELSE master_data.transfer_account_id END) as transfer_account_id,
	(SELECT account_no FROM bsgcore..customer_accounts WHERE account_id=master_data.transfer_account_id) as transfer_account_no,
	(CASE WHEN master_data.transfer_activity_type=1002 
		THEN ISNULL((SELECT product_id FROM bsgcore..account_master WHERE account_id=master_data.transfer_account_id AND is_active=1 AND account_status_id NOT IN (4,5,2)),-1)
	 ELSE -1 END) as transfer_product_id,
	master_data.transfer_activity_type,
	master_data.beneficiary_bank_code,
	master_data.beneficiary_branch_code,
	master_data.beneficiary_ifsc,
	master_data.beneficiary_account_name,
	master_data.beneficiary_account_no,
	master_data.beneficiary_address,
	master_data.beneficiary_bank,
	master_data.beneficiary_branch,
	master_data.beneficiary_remarks,
	master_data.dd_po_payee_name,
	tpm.pl_account_id,
	(SELECT internal_product_id FROM bsgcore..account_master_internal WHERE internal_account_id=tpm.pl_account_id AND is_active=1) as pl_product_id,
	master_data.product_id,
	(SELECT internal_product_id FROM BSGCORE..product_master_internal WHERE product_code=( SELECT config_value FROM BSGADMIN..cbs_config WHERE config_key='INTEREST_PAYABLE' AND is_active = 1) AND branch_code=master_data.branch_code AND is_active=1) as interest_payable_product_id,
	(SELECT internal_product_id FROM BSGCORE..product_master_internal WHERE product_code=(SELECT config_value FROM BSGADMIN..cbs_config WHERE config_key='TDS_PRODUCT' AND is_active = 1) AND branch_code=master_data.branch_code AND is_active=1) as tds_product_id,
	(SELECT internal_product_id FROM BSGCORE..product_master_internal WHERE product_code=(SELECT config_value FROM BSGADMIN..cbs_config WHERE config_key='TDS_RECEIVABLE_PRODUCT' AND is_active = 1) AND branch_code=master_data.branch_code AND is_active=1) as tds_receivable_product_id,
	@cbs_app_date as txn_date,
	getdate() as created_date,
	-1 as created_by,
	0 as is_applied,
	master_data.next_paid_date
FROM
	(select inner_atla_data.accrual_date,int_data.*,customer_int_tds.previous_interest,customer_int_tds.previous_tds
	from 
		(SELECT tpi.*,bal_data.* 
		FROM
			(select cm.*,projected_data.projected_interest, (CASE WHEN cm.age_group IN (2,3) AND projected_data.projected_interest>@senior_tds_threshold 
																	THEN 1
																  WHEN cm.age_group IN (1,4,-1) AND projected_data.projected_interest>@regular_tds_threshold 
																	THEN 1
															 ELSE 0 END) as tds_eligible 
			from
				(select account_details.*,
					inner_group_cm.customer_group_id,
					(SELECT custome_type_code FROM BSGCRM..customer_master WHERE is_active=1 AND customer_id=inner_group_cm.customer_group_id) AS custome_type_code,
					(SELECT age_group FROM BSGCRM..customer_master WHERE is_active=1 AND customer_id=inner_group_cm.customer_group_id)AS age_group 
				from 
					(select inner_tam.*,
						inner_tdd.base_rate,
						inner_tdd.next_interest_date,
						inner_tdd.deposite_type,
						inner_tdd.interest_start_date,
						inner_tdd.maturity_date,
						inner_tdd.next_paid_date,
						inner_tip.* 
					from
						(select td_account_id,
							customer_id,
							account_status_id account_status,
							branch_code,
							product_id,
							maturity_amount
						from bsgtd..td_account_master 
						where is_active=1 and
							(account_closure_date is null or account_closure_date>=@fin_year_start_date)
						)inner_tam
					inner join
						(select td_account_id,base_rate,next_interest_date,deposite_type,interest_start_date,maturity_date,next_paid_date
						 FROM bsgtd..td_account_deposit_details where is_active=1
						 )inner_tdd
						on inner_tam.td_account_id=inner_tdd.td_account_id
					left outer join
						(select td_account_id as tip_td_account_id,
							payment_mode,
							transfer_branch,
							transfer_account_id,
							transfer_activity_type,
							beneficiary_bank_code,
							beneficiary_branch_code,beneficiary_ifsc,beneficiary_account_name,beneficiary_account_no,beneficiary_address,
							beneficiary_bank,beneficiary_branch,beneficiary_remarks,dd_po_payee_name 
						from bsgtd..td_interest_payment 
						where is_active=1
						)inner_tip
						on inner_tam.td_account_id=inner_tip.tip_td_account_id)account_details
					LEFT OUTER JOIN 
						(SELECT customer_id,customer_group_id
						 FROM BSGCRM..customer_master 
						 WHERE is_active=1
						) inner_group_cm
						ON inner_group_cm.customer_id=account_details.customer_id)cm
					LEFT OUTER JOIN
						( SELECT inner_projection.customer_group_id,
							SUM(inner_projection.projected_interest) as projected_interest 
						FROM ( select cm.customer_group_id,
									ROUND(sum(projected_interest),0)projected_interest 
								from bsgtd..td_projected_interest tip,bsgtd..td_account_master tam,bsgcrm..customer_master cm
								where to_date>=@fin_year_start_date and to_date<=@fin_year_end_date
										AND tip.td_account_id=tam.td_account_id AND tam.is_active=1 AND tam.account_status_id IN (1,2)
								AND tam.customer_id=cm.customer_id AND cm.is_active=1 GROUP BY cm.customer_group_id

UNION ALL

select cm.customer_group_id,ROUND(sum(interest)-sum(interest_reversal),0)projected_interest 
from bsgtd..td_customer_interest_tds tcit,bsgtd..td_account_master tam,bsgcrm..customer_master cm
where tcit.txn_date>=@fin_year_start_date and tcit.txn_date<=@fin_year_end_date
AND tcit.td_account_id=tam.td_account_id AND tam.is_active=1 AND tam.account_status_id=5
AND tam.account_closure_date>=@fin_year_start_date
AND tam.customer_id=cm.customer_id AND cm.is_active=1 AND tcit.is_active=1 GROUP BY cm.customer_group_id
)inner_projection GROUP BY inner_projection.customer_group_id )projected_data
on cm.customer_group_id=projected_data.customer_group_id
)tpi
left outer join
(SELECT td_account_id as bal_account_id,tds_receivable,tds_receivable_date,interest_payable,interest_paid,interest_accrual ,checker_clear_balance
FROM BSGACCOUNTING..account_balance_td abt WHERE id=(
SELECT MAX(id) FROM BSGACCOUNTING..account_balance_td WHERE td_account_id=abt.td_account_id))bal_data
ON bal_data.bal_account_id=tpi.td_account_id
) int_data
left outer join
(SELECT td_account_id as atla_td_account_id,accrual_date 
FROM BSGACCOUNTING..account_td_last_accrual)inner_atla_data
ON inner_atla_data.atla_td_account_id=int_data.td_account_id
left outer join
(select tcit.td_account_id,tcit.customer_id,(SUM(interest)-SUM(interest_reversal)) as previous_interest,
					 (SUM(tds)-SUM(tds_reversal)) as previous_tds from bsgtd..td_customer_interest_tds tcit 
					 INNER JOIN bsgtd..td_account_master tm
					 on
					 tm.td_account_id=tcit.td_account_id and tm.customer_id=tcit.customer_id and tm.is_active=1 
					 LEFT OUTER JOIN bsgcrm..customer_tds ct ON					
					  tcit.customer_id=ct.customer_id AND ct.is_active=1 
					  WHERE tcit.txn_date>=(CASE WHEN ct.applicable_date IS NULL OR (form15g=1 OR form15h=1) THEN @fin_year_start_date ELSE 
					  (CASE WHEN @cbs_app_date>=ct.applicable_date AND @cbs_app_date<=ct.expiry_date THEN ct.applicable_date 
					  WHEN @cbs_app_date>ct.expiry_date THEN DATEADD(D,1,ct.expiry_date) ELSE @fin_year_start_date END)END)  
					  AND tcit.txn_date<=(CASE WHEN ct.expiry_date IS NULL OR (form15g=1 OR form15h=1) THEN @fin_year_end_date ELSE 
					  (CASE WHEN @cbs_app_date>=ct.applicable_date AND @cbs_app_date<=ct.expiry_date THEN ct.expiry_date
					  ELSE @fin_year_end_date END)END) AND  tcit.is_active=1  					  
					  group by tcit.td_account_id,tcit.customer_id) customer_int_tds
on
inner_atla_data.atla_td_account_id=customer_int_tds.td_account_id
--LEFT OUTER JOIN
--(SELECT 0 AS previous_interest,0 AS previous_tds) customer_int_tds ON 1=1 
)master_data
inner join
(select product_id,pl_account_id,interest_frequency,quarter_calculation,is_open_deposit from bsgtd..td_product_master where is_active=1) tpm
on
master_data.product_id=tpm.product_id;

UPDATE BSGACCOUNTING..td_interest_application SET is_applied = 1 WHERE interest_date = @cbs_app_date AND current_interest = 0;

UPDATE tia SET tia.current_interest = -1, is_applied = 1 
FROM BSGACCOUNTING..td_interest_application tia 
INNER JOIN 
(SELECT tia.td_account_id, tia.current_interest, tadd.td_amount, tadd.computed_amount, abt.interest_provided 
FROM BSGACCOUNTING..td_interest_application tia 
INNER JOIN BSGACCOUNTING..account_balance_td abt 
ON abt.td_account_id = tia.td_account_id AND abt.id = (SELECT MAX(id) FROM BSGACCOUNTING..account_balance_td WHERE td_account_id = tia.td_account_id) 
INNER JOIN BSGTD..td_account_deposit_details tadd 
ON tadd.td_account_id = tia.td_account_id AND tadd.deposite_type IN (1, 2) AND tadd.is_active = 1 
WHERE tia.current_interest > 0 
GROUP BY tia.td_account_id, tia.current_interest, tadd.td_amount, tadd.computed_amount, abt.interest_provided 
HAVING tia.current_interest + abt.interest_provided + tadd.td_amount > tadd.computed_amount) a 
ON a.td_account_id = tia.td_account_id;

IF OBJECT_ID('tempdb..#customer_wise_tds') 
IS NOT NULL DROP TABLE #customer_wise_tds

SELECT customer_group_id,(SUM(current_interest)+SUM(previous_interest)) as total_int,
CEILING(((SUM(current_interest)+SUM(previous_interest))*tds_rate)/100) as total_tds,
SUM(previous_tds) as previous_tds,SUM(current_interest) as current_total_interest
,(CEILING(((SUM(current_interest)+SUM(previous_interest))*tds_rate)/100)-SUM(previous_tds)) as current_total_tds
INTO #customer_wise_tds
FROM BSGACCOUNTING..td_interest_application 
WHERE tds_rate>0 GROUP BY customer_group_id,tds_rate

UPDATE tia SET 
tia.current_tds=CEILING((tia.current_interest*cwt.current_total_tds)/cwt.current_total_interest)
FROM BSGACCOUNTING..td_interest_application tia
INNER JOIN #customer_wise_tds cwt
ON tia.customer_group_id=cwt.customer_group_id AND cwt.current_total_tds>0 AND cwt.current_total_interest>0
WHERE tia.tds_rate>0 AND tia.current_interest>0


IF OBJECT_ID('tempdb..#customer_wise_tds') 
IS NOT NULL DROP TABLE #customer_wise_tds

END
"
115,sp_td_interest_application_bak20200629,"
-- =============================================
-- Author:		<Author,,Name>
-- Create date: <Create Date,,>
-- Description:	<Description,,>
-- =============================================
CREATE   PROCEDURE [dbo].[sp_td_interest_application_bak20200629]  -- exec sp_td_interest_application '2019-03-28','2018-04-01','2019-03-31'
@cbs_app_date date,
@fin_year_start_date date,
@fin_year_end_date date
AS
BEGIN


--  lastInterestDate, interestStartDate,maturityDate,rate

DECLARE @no_pan_rate decimal(18,2)=(SELECT config_value FROM BSGADMIN..cbs_config WHERE config_key='TDS_NO_PAN_RATE')
DECLARE @ind_customer_rate decimal(18,2)=(SELECT config_value FROM BSGADMIN..cbs_config WHERE config_key='TDS_INDIVIDUAL_CUSTOMER')
DECLARE @corp_customer_rate decimal(18,2)=(SELECT config_value FROM BSGADMIN..cbs_config WHERE config_key='TDS_CORPORATE_CUSTOMER')
DECLARE @regular_tds_threshold decimal(18,2)=(SELECT config_value FROM BSGADMIN..cbs_config WHERE config_key='TDS_THRESHOLD')
DECLARE @senior_tds_threshold decimal(18,2)=(SELECT config_value FROM BSGADMIN..cbs_config WHERE config_key='TDS_SENIOR_CITIZEN_THRESHOLD')

DELETE FROM BSGACCOUNTING..td_interest_application

INSERT INTO BSGACCOUNTING..td_interest_application 
select 
	master_data.customer_group_id ,
	master_data.customer_id ,
	master_data.td_account_id ,
	(SELECT account_no FROM bsgcore..customer_accounts WHERE account_id=master_data.td_account_id) as td_account_no ,
	master_data.branch_code ,
	case when (master_data.account_status=1 and master_data.next_interest_date = @cbs_app_date 
				AND (CASE WHEN master_data.accrual_date IS NULL 
								THEN master_data.interest_start_date 
						  ELSE master_data.accrual_date END) 
				<master_data.next_interest_date AND master_data.deposite_type IN (1,2)) 
					then (SELECT interest FROM BSGACCOUNTING..td_datewise_interest WHERE td_account_id=master_data.td_account_id AND interest_date=master_data.next_interest_date)
		WHEN (master_data.account_status=1 and master_data.next_interest_date = @cbs_app_date AND master_data.deposite_type=3) 
					THEN (CASE WHEN master_data.maturity_date<=@cbs_app_date
								THEN (CASE WHEN (SELECT count(td_account_id) FROM bsgtd..rd_installment_master WHERE td_account_id = master_data.td_account_id AND received_date IS NULL)>0
												THEN (CASE WHEN ROUND(master_data.interest_accrual, 0)> (master_data.maturity_amount-(master_data.checker_clear_balance+master_data.interest_payable+master_data.interest_paid))
																THEN (master_data.maturity_amount-(master_data.checker_clear_balance+master_data.interest_payable+master_data.interest_paid))
															ELSE ROUND(master_data.interest_accrual, 0) end)
											ELSE (CASE WHEN (master_data.maturity_amount-(master_data.checker_clear_balance+master_data.interest_payable+master_data.interest_paid))>0
															THEN (master_data.maturity_amount-(master_data.checker_clear_balance+master_data.interest_payable+master_data.interest_paid))
														ELSE 0 END) END)
								ELSE ROUND(master_data.interest_accrual, 0) END )
		ELSE 0 end current_interest,
	(CASE WHEN master_data.projected_interest IS NULL THEN 0 ELSE master_data.projected_interest END) AS projected_interest,
	(CASE WHEN master_data.custome_type_code=1 THEN master_data.age_group ELSE -1 END) as age_group,
	(CASE WHEN master_data.previous_interest IS NULL THEN 0 ELSE master_data.previous_interest END) AS previous_interest,
	(CASE WHEN master_data.previous_tds IS NULL THEN 0 ELSE master_data.previous_tds END) AS previous_tds,
	(case WHEN (SELECT is_applicable FROM BSGCRM..customer_tds 
				WHERE customer_id=master_data.customer_group_id 
					AND is_active=1 
					AND master_data.projected_interest<( CASE WHEN form15h=1
																THEN (SELECT config_value FROM BSGADMIN..cbs_config WHERE config_key='TD_15H_UPPER_LIMIT') 
															  ELSE (SELECT config_value FROM BSGADMIN..cbs_config WHERE config_key='TD_15G_UPPER_LIMIT') END) )=0
					THEN 0
		  WHEN tds_eligible=0
					THEN 0
		  when (select percentage from bsgcrm..customer_tds ct where ct.customer_id= master_data.customer_group_id and master_data.next_interest_date>=applicable_date
				AND master_data.next_interest_date<=expiry_date AND ct.form15g=0 AND ct.form15h=0 AND ct.is_active=1 ) is not null
				then (select percentage from bsgcrm..customer_tds ct where ct.customer_id=master_data.customer_group_id and master_data.next_interest_date>=applicable_date
						AND master_data.next_interest_date<=expiry_date AND ct.form15g=0 AND ct.form15h=0 AND ct.is_active=1)       
		  WHEN master_data.custome_type_code=1  
				then isnull((select @ind_customer_rate from BSGCRM..customer_ind_info cii  
								where is_active=1 and  cii.pan_no like '[A-Z][A-Z][A-Z][A-Z][A-Z][0-9][0-9][0-9][0-9][A-Z]' AND cii.customer_id=master_data.customer_group_id),@no_pan_rate)
		  else isnull((select @corp_customer_rate from BSGCRM..customer_corp_info cci 
						where is_active=1 and cci.pan_no like '[A-Z][A-Z][A-Z][A-Z][A-Z][0-9][0-9][0-9][0-9][A-Z]' AND cci.customer_id=master_data.customer_group_id),@no_pan_rate)
		end ) as tds_rate,tds_eligible,
	master_data.tds_receivable,
	(ROUND(((master_data.tds_receivable*master_data.base_rate*DATEDIFF(D,master_data.tds_receivable_date,master_data.next_interest_date))/36500),0)) as interest_on_tds_receivable ,
	master_data.tds_receivable_date,
	master_data.interest_payable,
	master_data.next_interest_date,
	master_data.interest_start_date,
	master_data.maturity_date,
	master_data.accrual_date,
	master_data.base_rate,
	master_data.account_status,
	0 as current_tds,
	master_data.deposite_type,
	tpm.interest_frequency,
	tpm.is_open_deposit,
	tpm.quarter_calculation,
	master_data.payment_mode,
	master_data.transfer_branch,
	(CASE WHEN master_data.transfer_activity_type=1002
		THEN ISNULL((SELECT account_id FROM bsgcore..account_master WHERE account_id=master_data.transfer_account_id AND is_active=1 AND account_status_id NOT IN (4,5,2)),-1)
	 ELSE master_data.transfer_account_id END) as transfer_account_id,
	(SELECT account_no FROM bsgcore..customer_accounts WHERE account_id=master_data.transfer_account_id) as transfer_account_no,
	(CASE WHEN master_data.transfer_activity_type=1002 
		THEN ISNULL((SELECT product_id FROM bsgcore..account_master WHERE account_id=master_data.transfer_account_id AND is_active=1 AND account_status_id NOT IN (4,5,2)),-1)
	 ELSE -1 END) as transfer_product_id,
	master_data.transfer_activity_type,
	master_data.beneficiary_bank_code,
	master_data.beneficiary_branch_code,
	master_data.beneficiary_ifsc,
	master_data.beneficiary_account_name,
	master_data.beneficiary_account_no,
	master_data.beneficiary_address,
	master_data.beneficiary_bank,
	master_data.beneficiary_branch,
	master_data.beneficiary_remarks,
	master_data.dd_po_payee_name,
	tpm.pl_account_id,
	(SELECT internal_product_id FROM bsgcore..account_master_internal WHERE internal_account_id=tpm.pl_account_id AND is_active=1) as pl_product_id,
	master_data.product_id,
	(SELECT internal_product_id FROM BSGCORE..product_master_internal WHERE product_code=( SELECT config_value FROM BSGADMIN..cbs_config WHERE config_key='INTEREST_PAYABLE') AND branch_code=master_data.branch_code AND is_active=1) as interest_payable_product_id,
	(SELECT internal_product_id FROM BSGCORE..product_master_internal WHERE product_code=(SELECT config_value FROM BSGADMIN..cbs_config WHERE config_key='TDS_PRODUCT') AND branch_code=master_data.branch_code AND is_active=1) as tds_product_id,
	(SELECT internal_product_id FROM BSGCORE..product_master_internal WHERE product_code=(SELECT config_value FROM BSGADMIN..cbs_config WHERE config_key='TDS_RECEIVABLE_PRODUCT') AND branch_code=master_data.branch_code AND is_active=1) as tds_receivable_product_id,
	@cbs_app_date as txn_date,
	getdate() as created_date,
	-1 as created_by,
	0 as is_applied,
	master_data.next_paid_date
FROM
	(select inner_atla_data.accrual_date,int_data.*,customer_int_tds.previous_interest,customer_int_tds.previous_tds
	from 
		(SELECT tpi.*,bal_data.* 
		FROM
			(select cm.*,projected_data.projected_interest, (CASE WHEN cm.age_group IN (2,3) AND projected_data.projected_interest>@senior_tds_threshold 
																	THEN 1
																  WHEN cm.age_group IN (1,4,-1) AND projected_data.projected_interest>@regular_tds_threshold 
																	THEN 1
															 ELSE 0 END) as tds_eligible 
			from
				(select account_details.*,
					inner_group_cm.customer_group_id,
					(SELECT custome_type_code FROM BSGCRM..customer_master WHERE is_active=1 AND customer_id=inner_group_cm.customer_group_id) AS custome_type_code,
					(SELECT age_group FROM BSGCRM..customer_master WHERE is_active=1 AND customer_id=inner_group_cm.customer_group_id)AS age_group 
				from 
					(select inner_tam.*,
						inner_tdd.base_rate,
						inner_tdd.next_interest_date,
						inner_tdd.deposite_type,
						inner_tdd.interest_start_date,
						inner_tdd.maturity_date,
						inner_tdd.next_paid_date,
						inner_tip.* 
					from
						(select td_account_id,
							customer_id,
							account_status_id account_status,
							branch_code,
							product_id,
							maturity_amount
						from bsgtd..td_account_master 
						where is_active=1 and
							(account_closure_date is null or account_closure_date>=@fin_year_start_date)
						)inner_tam
					inner join
						(select td_account_id,base_rate,next_interest_date,deposite_type,interest_start_date,maturity_date,next_paid_date
						 FROM bsgtd..td_account_deposit_details where is_active=1
						 )inner_tdd
						on inner_tam.td_account_id=inner_tdd.td_account_id
					left outer join
						(select td_account_id as tip_td_account_id,
							payment_mode,
							transfer_branch,
							transfer_account_id,
							transfer_activity_type,
							beneficiary_bank_code,
							beneficiary_branch_code,beneficiary_ifsc,beneficiary_account_name,beneficiary_account_no,beneficiary_address,
							beneficiary_bank,beneficiary_branch,beneficiary_remarks,dd_po_payee_name 
						from bsgtd..td_interest_payment 
						where is_active=1
						)inner_tip
						on inner_tam.td_account_id=inner_tip.tip_td_account_id)account_details
					LEFT OUTER JOIN 
						(SELECT customer_id,customer_group_id
						 FROM BSGCRM..customer_master 
						 WHERE is_active=1
						) inner_group_cm
						ON inner_group_cm.customer_id=account_details.customer_id)cm
					LEFT OUTER JOIN
						( SELECT inner_projection.customer_group_id,
							SUM(inner_projection.projected_interest) as projected_interest 
						FROM ( select cm.customer_group_id,
									ROUND(sum(projected_interest),0)projected_interest 
								from bsgtd..td_projected_interest tip,bsgtd..td_account_master tam,bsgcrm..customer_master cm
								where to_date>=@fin_year_start_date and to_date<=@fin_year_end_date
										AND tip.td_account_id=tam.td_account_id AND tam.is_active=1 AND tam.account_status_id IN (1,2)
								AND tam.customer_id=cm.customer_id AND cm.is_active=1 GROUP BY cm.customer_group_id

UNION ALL

select cm.customer_group_id,ROUND(sum(interest)-sum(interest_reversal),0)projected_interest 
from bsgtd..td_customer_interest_tds tcit,bsgtd..td_account_master tam,bsgcrm..customer_master cm
where tcit.txn_date>=@fin_year_start_date and tcit.txn_date<=@fin_year_end_date
AND tcit.td_account_id=tam.td_account_id AND tam.is_active=1 AND tam.account_status_id=5
AND tam.account_closure_date>=@fin_year_start_date
AND tam.customer_id=cm.customer_id AND cm.is_active=1 GROUP BY cm.customer_group_id
)inner_projection GROUP BY inner_projection.customer_group_id )projected_data
on cm.customer_group_id=projected_data.customer_group_id
)tpi
left outer join
(SELECT td_account_id as bal_account_id,tds_receivable,tds_receivable_date,interest_payable,interest_paid,interest_accrual ,checker_clear_balance
FROM BSGACCOUNTING..account_balance_td abt WHERE id=(
SELECT MAX(id) FROM BSGACCOUNTING..account_balance_td WHERE td_account_id=abt.td_account_id))bal_data
ON bal_data.bal_account_id=tpi.td_account_id
) int_data
left outer join
(SELECT td_account_id as atla_td_account_id,accrual_date 
FROM BSGACCOUNTING..account_td_last_accrual)inner_atla_data
ON inner_atla_data.atla_td_account_id=int_data.td_account_id
left outer join
(select tcit.td_account_id,tcit.customer_id,(SUM(interest)-SUM(interest_reversal)) as previous_interest,
					 (SUM(tds)-SUM(tds_reversal)) as previous_tds from bsgtd..td_customer_interest_tds tcit 
					 LEFT OUTER JOIN bsgcrm..customer_tds ct ON					
					  tcit.customer_id=ct.customer_id AND ct.is_active=1 
					  WHERE tcit.txn_date>=(CASE WHEN ct.applicable_date IS NULL OR (form15g=1 OR form15h=1) THEN @fin_year_start_date ELSE 
					  (CASE WHEN @cbs_app_date>=ct.applicable_date AND @cbs_app_date<=ct.expiry_date THEN ct.applicable_date 
					  WHEN @cbs_app_date>ct.expiry_date THEN DATEADD(D,1,ct.expiry_date) ELSE @fin_year_start_date END)END)  
					  AND tcit.txn_date<=(CASE WHEN ct.expiry_date IS NULL OR (form15g=1 OR form15h=1) THEN @fin_year_end_date ELSE 
					  (CASE WHEN @cbs_app_date>=ct.applicable_date AND @cbs_app_date<=ct.expiry_date THEN ct.expiry_date
					  ELSE @fin_year_end_date END)END) AND  tcit.is_active=1  					  
					  group by td_account_id,tcit.customer_id) customer_int_tds
on
inner_atla_data.atla_td_account_id=customer_int_tds.td_account_id
--LEFT OUTER JOIN
--(SELECT 0 AS previous_interest,0 AS previous_tds) customer_int_tds ON 1=1 
)master_data
inner join
(select product_id,pl_account_id,interest_frequency,quarter_calculation,is_open_deposit from bsgtd..td_product_master where is_active=1) tpm
on
master_data.product_id=tpm.product_id;



IF OBJECT_ID('tempdb..#customer_wise_tds') 
IS NOT NULL DROP TABLE #customer_wise_tds

SELECT customer_group_id,(SUM(current_interest)+SUM(previous_interest)) as total_int,
CEILING(((SUM(current_interest)+SUM(previous_interest))*tds_rate)/100) as total_tds,
SUM(previous_tds) as previous_tds,SUM(current_interest) as current_total_interest
,(CEILING(((SUM(current_interest)+SUM(previous_interest))*tds_rate)/100)-SUM(previous_tds)) as current_total_tds
INTO #customer_wise_tds
FROM BSGACCOUNTING..td_interest_application 
WHERE tds_rate>0 GROUP BY customer_group_id,tds_rate

UPDATE tia SET 
tia.current_tds=CEILING((tia.current_interest*cwt.current_total_tds)/cwt.current_total_interest)
FROM BSGACCOUNTING..td_interest_application tia
INNER JOIN #customer_wise_tds cwt
ON tia.customer_group_id=cwt.customer_group_id AND cwt.current_total_tds>0 AND cwt.current_total_interest>0
WHERE tia.tds_rate>0 AND tia.current_interest>0


IF OBJECT_ID('tempdb..#customer_wise_tds') 
IS NOT NULL DROP TABLE #customer_wise_tds

END



"
116,sp_td_interest_application_bucketing,"
-- =============================================
-- Author:		<Author,,Name>
-- Create date: <Create Date,,>
-- Description:	<Description,,>
-- =============================================
CREATE   PROCEDURE [dbo].[sp_td_interest_application_bucketing]  -- exec sp_td_interest_application_bucketing '2018-10-31'
@txn_date date
AS
BEGIN

INSERT INTO bsgtd..td_customer_interest_tds
SELECT td_account_id,customer_id,current_interest,current_tds,0,0,txn_date,1,-1,getdate() 
FROM BSGACCOUNTING..td_interest_application WHERE txn_date=@txn_date AND current_interest>0
AND status=1 AND is_applied=1

END


"
117,sp_td_interest_exception,"-- =============================================
-- Author:		Vatsal Sura
-- Create date: 2020-02-03
-- Description:	<Description,,>
-- =============================================
create    PROCEDURE [dbo].[sp_td_interest_exception]
	@cbsAppDate DATE,
	@fetchAllAccounts INT
AS
BEGIN
	DECLARE @txnDate DATE = (SELECT app_date FROM BSGACCOUNTING..cbs_application_date WHERE is_active = 1);
	SET NOCOUNT ON;
	SELECT ca.account_no, tam.td_account_id, tam.td_amount, tadd.interest_start_date, tadd.maturity_date
	, tadd.next_interest_date, tadd.next_paid_date, tadd.base_rate, tadd.deposite_type, abt.checker_clear_balance
	, CASE WHEN tadd.deposite_type IN (1, 2) THEN tdi.interest ELSE abt.interest_accrual END interest, @cbsAppDate interest_date
	, iem.account_id exception_account_id
	, (SELECT CONCAT(employee_code, '-', name) FROM BSGADMIN..employee_master WHERE employee_id = iem.created_by AND is_active = 1) exception_created_by
	, iem.created_date exception_created_date
	, ium.account_id update_account_id, ium.old_value old_value, ium.new_value new_value
	, (SELECT CONCAT(employee_code, '-', name) FROM BSGADMIN..employee_master WHERE employee_id = ium.created_by AND is_active = 1) update_created_by
	, ium.created_date update_created_date
	FROM BSGTD..td_account_master tam
	INNER JOIN BSGTD..td_account_deposit_details tadd
	ON tadd.td_account_id = tam.td_account_id
	AND tadd.interest_start_date < @txnDate
	AND (tadd.next_interest_date = @cbsAppDate OR tadd.next_paid_date = @cbsAppDate)
	AND tadd.base_rate > 0
	AND tadd.is_active = 1
	INNER JOIN BSGCORE..customer_accounts ca
	ON ca.account_id = tam.td_account_id AND ca.is_active = 1
	INNER JOIN (SELECT td_account_id, MAX(id) id FROM BSGACCOUNTING..account_balance_td WHERE is_active = 1 GROUP BY td_account_id) maxabt
	ON maxabt.td_account_id = tam.td_account_id
	INNER JOIN BSGACCOUNTING..account_balance_td abt
	ON abt.td_account_id = tam.td_account_id
	AND abt.id = maxabt.id
	AND abt.checker_clear_balance > 0
	LEFT JOIN BSGACCOUNTING..td_datewise_interest tdi
	ON tdi.td_account_id = tam.td_account_id AND tdi.interest_date = @cbsAppDate AND tdi.is_active = 1
	LEFT JOIN BSGACCOUNTING..interest_exception_master iem
	ON iem.account_id = tam.td_account_id AND iem.txn_date = @txnDate AND iem.is_active = 1
	LEFT JOIN BSGACCOUNTING..interest_update_master ium
	ON ium.account_id = tam.td_account_id AND ium.txn_date = @txnDate AND ium.is_active = 1
	WHERE tam.account_status_id = 1 AND tam.is_active = 1
	AND tadd.td_amount + abt.interest_provided < tadd.computed_amount
	AND ((@fetchAllAccounts = 0 AND ((tadd.deposite_type IN (1, 2) AND (tdi.interest IS NULL OR tdi.interest <= 0))
	OR (tadd.deposite_type = 3 AND (abt.interest_accrual = 0))) AND iem.account_id IS NULL)
	OR (@fetchAllAccounts = 1 AND (ium.account_id IS NOT NULL OR iem.account_id IS NOT NULL)));
END
"
118,sp_test,"create    PROCEDURE [dbo].[sp_test] 
as begin
drop table if exists #t1

create table #t1
(
id int identity(1,1),
loan_account_id	 varchar(100),
installmentno	 varchar(100),
collection_amt	 varchar(100),
rnum	 varchar(100),
ref_id	 varchar(100),
co_id	 varchar(100),
co_name	 varchar(100),
village_id	 varchar(100),
village_name varchar(100),	
center_id	 varchar(100),
center_name	 varchar(100),
group_id	 varchar(100),
group_name	 varchar(100),
collection_day	 varchar(100),
collection_week varchar(100),
product_description varchar(100)
)

insert into #t1 (loan_account_id,center_name,group_id,product_description)
values ('123','C1','G1','Prod1'), ('123','C1','G1','Prod1'), ('123','C1','G1','Prod2'), ('123','C1','G1','Prod3'), ('123','C1','G1','Prod3') ,('123','C1','G1','Prod3'),
 ('123','C2','G1','Prod1'), ('123','C3','G1','Prod1'), ('123','C3','G1','Prod2'), ('123','C3','G1','Prod3'), ('123','C4','G1','Prod3') ,('123','C1','G4','Prod3');

 update #t1 set rnum = id;
 select * from #t1;
 end
"
119,sp_transaction_error_report,"
-- =============================================
-- Author: Ashish Lalbige
-- Create date: 2022-10-28 18:24:08.987 --SELECT GETDATE()
-- Description: Transaction Error report for instr no 000000 CASA account Debit Nature. 
-- exec sp_transaction_error_report
-- =============================================

create    PROCEDURE [dbo].[sp_transaction_error_report]
AS
BEGIN

DECLARE @cbsAppDate date = (SELECT app_date FROM BSGACCOUNTING..cbs_application_date WHERE is_active=1)

SELECT ca.account_no,t.txn_nature,t.txn_amount,classification_id, t.instr_no, t.created_by, t.last_modified_by
FROM 
	BSGCORE..customer_accounts ca WITH(NOLOCK)
	INNER JOIN	BSGACCOUNTING..transaction_master t WITH(NOLOCK)
	ON ca.account_id=ca.account_id
	AND ca.is_active=1
WHERE 
	t.is_active=1 
	AND t.instr_no=000000 
	AND t.txn_nature='D'
	AND t.txn_posting_date = @cbsAppDate
	AND ca.classification_id IN (1,2)

END
"
120,sp_turing_clean,
121,sp_turing_testing_cheksum,"create    PROCEDURE  [dbo].[sp_turing_testing_cheksum]  -- sp_turing_testing_cheksum
as

select
		1 Srno,
		1 CheckingId,
		'OBC_POSTAGE_PL account(config key) present in account_master_internal and customer_accounts table' QueryDescription,
		'Select config.config_key,config.config_value from bsgadmin..cbs_config config
inner join 
bsgcore..account_master_internal ami
on config.config_value=ami.internal_account_id
inner join 
bsgcore..customer_accounts ca
on config.config_value=ca.account_id
where ami.is_active=1 
and config.config_key=OBC_POSTAGE_PL 
and ca.is_active=1 
and config.is_active=1' Query,
config.config_key,config.config_value,'OBC_POSTAGE_PL' result,'1' sr_no from bsgadmin..cbs_config config
inner join 
bsgcore..account_master_internal ami
on config.config_value=ami.internal_account_id
inner join 
bsgcore..customer_accounts ca
on config.config_value=ca.account_id
where ami.is_active=1 
and config.config_key='OBC_POSTAGE_PL' 
and ca.is_active=1 
and config.is_active=1;

select 
		2 Srno,
		2 CheckingId,
		'OBC_PRODUCT product(config key) present in product_master_internal table' QueryDescription,
		'Select config.config_key,config.config_value,pmi.branch_code from bsgadmin..cbs_config config
inner join 
bsgcore..product_master_internal pmi
on config.config_value=pmi.product_code
where pmi.is_active=1 
and config.config_key=OBC_PRODUCT
and config.is_active=1;'  Query,
		config.config_key,config.config_value,pmi.branch_code,'OBC_PRODUCT' result,'2' sr_no from bsgadmin..cbs_config config
inner join 
bsgcore..product_master_internal pmi
on config.config_value=pmi.product_code
where pmi.is_active=1 
and config.config_key='OBC_PRODUCT' 
and config.is_active=1 ;

select 
		3 Srno,
		3 CheckingId,
		'IBC_COMMISSION_PL account (config key) present in account_master_internal and customer_accounts table' QueryDescription,
		'Select config.config_key,config.config_value from bsgadmin..cbs_config config
inner join 
bsgcore..customer_accounts ca
on config.config_value=ca.account_no
inner join 
bsgcore..account_master_internal ami
on ca.account_id=ami.internal_account_id
where ami.is_active=1 
and config.config_key=IBC_COMMISSION_PL 
and ca.is_active=1 
and config.is_active=1;'  Query,
config.config_key,config.config_value,'IBC_COMMISSION_PL' result,'3' sr_no from bsgadmin..cbs_config config
inner join 
bsgcore..customer_accounts ca
on config.config_value=ca.account_no
inner join 
bsgcore..account_master_internal ami
on ca.account_id=ami.internal_account_id
where ami.is_active=1 
and config.config_key='IBC_COMMISSION_PL' 
and ca.is_active=1 
and config.is_active=1;


select 
		4 Srno,
		4 CheckingId,
		'IBC_POSTAGE_PL account (config key) present in account_master_internal and customer_accounts table' QueryDescription,
		'Select config.config_key,config.config_value from bsgadmin..cbs_config config
inner join 
bsgcore..customer_accounts ca
on config.config_value=ca.account_no
inner join 
bsgcore..account_master_internal ami
on ca.account_id=ami.internal_account_id
where ami.is_active=1 
and config.config_key=IBC_POSTAGE_PL 
and ca.is_active=1 
and config.is_active=1;'  Query,
config.config_key,config.config_value,'IBC_POSTAGE_PL' result,'4' sr_no from bsgadmin..cbs_config config
inner join 
bsgcore..customer_accounts ca
on config.config_value=ca.account_no
inner join 
bsgcore..account_master_internal ami
on ca.account_id=ami.internal_account_id
where ami.is_active=1 
and config.config_key='IBC_POSTAGE_PL' 
and ca.is_active=1 
and config.is_active=1;


select 
		5 Srno,
		5 CheckingId,
		'IBC_PRODUCT product(config key) present in product_master_internal table' QueryDescription,
		'Select config.config_key,config.config_value,pmi.branch_code from bsgadmin..cbs_config config
inner join 
bsgcore..product_master_internal pmi
on config.config_value=pmi.product_code
where pmi.is_active=1 
and config.config_key=IBC_PRODUCT
and config.is_active=1;'  Query,
		config_key,config_value,pmi.branch_code,'IBC_PRODUCT' result,'5' sr_no from bsgadmin..cbs_config config
inner join 
bsgcore..product_master_internal pmi
on config.config_value=pmi.product_code
where pmi.is_active=1 
and config.config_key='IBC_PRODUCT' 
and config.is_active=1 ;

select 
		6 Srno,
		6 CheckingId,
		'NEFT_RTGS_START_TIME and END_TIME (Time Format should be : [HH:MM]  )' QueryDescription,
		'Select config_key,config_value from bsgadmin..cbs_config 
         where config_key in (NEFT_START_TIME,NEFT_END_TIME,RTGS_START_TIME,RTGS_END_TIME) and is_active=1'  Query,
         config_key,config_value,'NEFT_RTGS_START_TIME' result,'6' sr_no from bsgadmin..cbs_config where config_key in ('NEFT_START_TIME','NEFT_END_TIME','RTGS_START_TIME','RTGS_END_TIME') and is_active=1;



		 select 
		7 Srno,
		7 CheckingId,
		'NEFT_PRODUCT product(config key) present in product_master_internal table and its
		 gl_code_id should be match with gl_code_master' QueryDescription,
		'Select config.config_key,config.config_value,pmi.branch_code,gm.gl_code_id,pmi.gl_code_id,gm.description from bsgadmin..cbs_config config
         inner join 
         bsgcore..product_master_internal pmi
         on config.config_value=pmi.product_code
         inner join
         bsgcore..glcode_master gm
         on pmi.gl_code_id=gm.gl_code_id
         where pmi.is_active=1 and config.config_key=NEFT_PRODUCT and config.is_active=1 and gm.description=NEFT and gm.is_active=1 '  Query,
		 config.config_key,config.config_value,pmi.branch_code,gm.gl_code_id,pmi.gl_code_id,gm.description,'NEFT_PRODUCT' result,'7' sr_no from bsgadmin..cbs_config config
         inner join 
         bsgcore..product_master_internal pmi
         on config.config_value=pmi.product_code
         inner join
         bsgcore..glcode_master gm
         on pmi.gl_code_id=gm.gl_code_id
         where pmi.is_active=1 and config.config_key='NEFT_PRODUCT' and config.is_active=1 and gm.description='NEFT'and gm.is_active=1 ;


		 select 
		8 Srno,
		8 CheckingId,
		'RTGS_PRODUCT product(config key) present in product_master_internal table and its
		gl_code_id should be match with gl_code_master' QueryDescription,
		'Select Select config.config_key,config.config_value,pmi.branch_code,gm.gl_code_id,pmi.gl_code_id,gm.description from bsgadmin..cbs_config config
         inner join 
         bsgcore..product_master_internal pmi
         on config.config_value=pmi.product_code
         inner join
         bsgcore..glcode_master gm
         on pmi.gl_code_id=gm.gl_code_id
         where pmi.is_active=1 and config.config_key=RTGS_PRODUCT and config.is_active=1 and gm.description=RTGS and gm.is_active=1 '  Query,
         config.config_key,config.config_value,pmi.branch_code,gm.gl_code_id,pmi.gl_code_id,gm.description,'RTGS_PRODUCT' result,'8' sr_no from bsgadmin..cbs_config config
         inner join 
         bsgcore..product_master_internal pmi
         on config.config_value=pmi.product_code
         inner join
         bsgcore..glcode_master gm
         on pmi.gl_code_id=gm.gl_code_id
         where pmi.is_active=1 and config.config_key='RTGS_PRODUCT' and config.is_active=1 and gm.description='RTGS' and gm.is_active=1 ;



		 select 
		9 Srno,
		9 CheckingId,
		'NEFT_SETTLEMENT_PRODUCT product(config key) present in product_master_internal table' QueryDescription,
		'Select config.config_key,config.config_value,pmi.branch_code from bsgadmin..cbs_config config
         inner join 
         bsgcore..product_master_internal pmi
         on config.config_value=pmi.product_code
         where pmi.is_active=1 and config.config_key=NEFT_SETTLEMENT_PRODUCTand config.is_active=1;'  Query,
		config.config_key,config.config_value,pmi.branch_code,'NEFT_SETTLEMENT_PRODUCT' result,'9' sr_no from bsgadmin..cbs_config config
        inner join 
        bsgcore..product_master_internal pmi
        on config.config_value=pmi.product_code
        where pmi.is_active=1 and config.config_key='NEFT_SETTLEMENT_PRODUCT' and config.is_active=1 ;

			select 
			10 Srno,
			10 CheckingId,
			'RTGS_SETTLEMENT_PRODUCT product(config key) present in product_master_internal table' QueryDescription,
			'Select config.config_key,config.config_value,pmi.branch_code from bsgadmin..cbs_config config
				inner join 
				bsgcore..product_master_internal pmi
				on config.config_value=pmi.product_code
				where pmi.is_active=1 and config.config_key=RTGS_SETTLEMENT_PRODUCT and config.is_active=1;'  Query,
			config.config_key,config.config_value,pmi.branch_code,'RTGS_SETTLEMENT_PRODUCT' result,'10' sr_no from bsgadmin..cbs_config config
			inner join 
		   bsgcore..product_master_internal pmi
	on config.config_value=pmi.product_code
	where pmi.is_active=1 
	and config.config_key='RTGS_SETTLEMENT_PRODUCT' 
	and config.is_active=1 ;
"
122,sp_update_policy_renew_details,"



--drop table #TEMP_POLICYRENEW
-- =============================================  
-- Author:  <Author,,Name>  
-- Create date: <Create Date,,>  
-- Description: To get Pm scheme policy renew details for transaction  
-- sp_get_policy_renew_details  759
-- =============================================  
CREATE   PROCEDURE [dbo].[sp_update_policy_renew_details]  
   @fileId INT
AS  
BEGIN  

 Declare @cbsAppDate date = (select app_date from BSGACCOUNTING..cbs_application_date WITH(NOLOCK) where is_active = 1);
 
 create table #TEMP_POLICYRENEW  
(id bigint,policy_no varchar(50),account_no varchar(30), account_id int,account_Status INT,   
 branch_code int, product_id int, total_amount decimal(18,2),is_processed int,available_balance decimal(18,2), lien_amount decimal(18,2),premium_amount decimal(18,2),  
 commission_amount decimal(18,2),txn_date varchar(20), premium_principal_id varchar(20),commission_principal_id varchar(20),file_id Int, premium_account_id bigint, premium_product_id bigint,
 commission_account_id bigint, commission_product_id bigint)  
   

 Insert into #TEMP_POLICYRENEW  
   select ROW_NUMBER() OVER(partition by t2.account_no order by total_amount) Rownum,policy_no,t2.account_no,t2.account_id,account_Status,
		t2.branch_code,
		t3.product_id,
		total_amount,is_processed,
   (select available_balance from BSGACCOUNTING..account_balance with (nolock) where account_id=t2.account_id  and txn_date = (  
		select max(txn_date) from BSGACCOUNTING..account_balance with (nolock) where account_id=t2.account_id  
   )) available_balance,  
    (select lien_amount from BSGACCOUNTING..account_balance with (nolock) where account_id=t2.account_id  and txn_date = (  
		select max(txn_date) from BSGACCOUNTING..account_balance with (nolock) where account_id=t2.account_id  
   )) lien_amount,
   premium_amount,commission_amount,txn_date,premium_principal_id,commission_principal_id,file_id,
		premium_account_id,premium_product_id,commission_account_id,commission_product_id
  from 
	  BSGACCOUNTING..policy_renewal_details t1  
	  inner join BSGCORE..customer_accounts t2 on t1.account_no = t2.account_no
	  inner join BSGCORE..account_master t3 on t2.account_id = t3.account_id and t3.is_active=1
  where 
	is_processed  = 0 and t1.file_id = @fileId and t2.is_active = 1  and t3.account_status_id in (1,2); 
  --select * from BSGACCOUNTING..policy_renewal_details  where file_id = @fileId
  -- drop table #TEMP_POLICYRENEW
 
 
	update #TEMP_POLICYRENEW set available_balance = (available_balance - lien_amount)  
   
	 update t1   
	 set t1.available_balance -=  ISNULL((  
			  select   
			   SUM(total_amount)  
			  from  
				#TEMP_POLICYRENEW tp  
			  Where  
			   tp.account_id = t1.account_id  
				and tp.id < t1.id  
   
			),0)  
	 from #TEMP_POLICYRENEW t1  
     
	   Where  
		t1.id > 1  

		 --select * from  #TEMP_POLICYRENEW
	 delete from BSGACCOUNTING..policy_renewal_details where policy_no in (select policy_no from #TEMP_POLICYRENEW )  and file_id =  @fileId
	 insert into BSGACCOUNTING..policy_renewal_details 
	 select  txn_date,file_id,policy_no,account_no,account_id,account_Status,product_id,total_amount,premium_amount,
			 commission_amount,available_balance,is_processed,branch_code,premium_principal_id,commission_principal_id,premium_account_id,
			 premium_product_id,commission_account_id,commission_product_id from #TEMP_POLICYRENEW;
   
	Declare @premiumPrincipalId varchar(20);
	Declare @premiumAccountId varchar(20);
	Declare @premiumProductId varchar(20);
	Declare @comissionAccountId varchar(20);
	Declare @comissionProductId varchar(20);
	Declare @premiumCommissionId varchar(20);
	DECLARE @hoBranchCode VARCHAR(20) = (SELECT config_value FROM BSGADMIN..cbs_config WITH(NOLOCK) where config_key = 'HO_BRANCH_ID' and is_active=1)
 
 select top 1 @premiumCommissionId = commission_principal_id, @premiumPrincipalId =premium_principal_id from BSGACCOUNTING..policy_renewal_details where file_id = @fileId
   --set @premiumCommissionId = (select top 1 commission_principal_id from BSGACCOUNTING..policy_renewal_details where file_id = @fileId )
   --set @premiumPrincipalId = (select top 1 premium_principal_id from BSGACCOUNTING..policy_renewal_details where file_id = @fileId )

  
	if (len(@premiumPrincipalId) > 8)
	   begin
		   select @premiumAccountId  =account_id,@premiumProductId =product_id from BSGACCOUNTING..customer_view with(NOLOCK) where account_no = @premiumPrincipalId
		   --set = (select product_id from BSGACCOUNTING..customer_view with(NOLOCK) where account_no = @premiumPrincipalId)
	end

	else if (len(@premiumPrincipalId) <= 8)
	   begin 
		   set @premiumProductId =  (select top 1 internal_product_id from BSGCORE..product_master_internal with(NOLOCK) 
		   where product_code = RIGHT(@premiumPrincipalId,4) and is_active =1 AND branch_code=@hoBranchCode);
		   set @premiumAccountId = '-1'
	end

	   update BSGACCOUNTING..policy_renewal_details set premium_account_id = @premiumAccountId, premium_product_id = @premiumProductId   where  file_id = @fileId
 
	if (len(@premiumCommissionId) > 8)
	   begin
			select @comissionAccountId = account_id,@comissionProductId =product_id from BSGACCOUNTING..customer_view with(NOLOCK) where account_no = @premiumCommissionId
		   --set @comissionAccountId = (select account_id from BSGACCOUNTING..customer_view with(NOLOCK) where account_no = @premiumCommissionId)
		   --set @comissionProductId = (select product_id from BSGACCOUNTING..customer_view with(NOLOCK) where account_no = @premiumCommissionId)
	   end

	  else if (len(@premiumCommissionId) <= 8)
	   begin 
			set @comissionProductId = (select top 1 internal_product_id from BSGCORE..product_master_internal with(NOLOCK) 
			where product_code = RIGHT(@premiumCommissionId,4) and is_active = 1 AND branch_code=@hoBranchCode)
			set @comissionAccountId = '-1'
	   end
	   update BSGACCOUNTING..policy_renewal_details set commission_account_id = @comissionAccountId ,commission_product_id = @comissionProductId where  file_id = @fileId
   
    update prd
	set prd.account_id = am.account_id,prd.account_Status = am.account_status_id
	from BSGACCOUNTING..policy_renewal_details prd
	inner join BSGCORE..customer_accounts ca on prd.account_no = ca.account_no and ca.is_active = 1 
	inner join BSGCORE..account_master am on ca.account_id = am.account_id
	and am.account_status_id not in (1,2) and am.is_active=1 
	where is_processed = 0 and prd.file_id = @fileId;

  exec sp_insert_casa_balances_policy_renew_accounts @cbsAppDate,@fileId;
  
END  


"
123,sp_upgraddiagrams,"
	CREATE PROCEDURE dbo.sp_upgraddiagrams
	AS
	BEGIN
		IF OBJECT_ID(N'dbo.sysdiagrams') IS NOT NULL
			return 0;
	
		CREATE TABLE dbo.sysdiagrams
		(
			name sysname NOT NULL,
			principal_id int NOT NULL,	-- we may change it to varbinary(85)
			diagram_id int PRIMARY KEY IDENTITY,
			version int,
	
			definition varbinary(max)
			CONSTRAINT UK_principal_name UNIQUE
			(
				principal_id,
				name
			)
		);


		/* Add this if we need to have some form of extended properties for diagrams */
		/*
		IF OBJECT_ID(N'dbo.sysdiagram_properties') IS NULL
		BEGIN
			CREATE TABLE dbo.sysdiagram_properties
			(
				diagram_id int,
				name sysname,
				value varbinary(max) NOT NULL
			)
		END
		*/

		IF OBJECT_ID(N'dbo.dtproperties') IS NOT NULL
		begin
			insert into dbo.sysdiagrams
			(
				[name],
				[principal_id],
				[version],
				[definition]
			)
			select	 
				convert(sysname, dgnm.[uvalue]),
				DATABASE_PRINCIPAL_ID(N'dbo'),			-- will change to the sid of sa
				0,							-- zero for old format, dgdef.[version],
				dgdef.[lvalue]
			from dbo.[dtproperties] dgnm
				inner join dbo.[dtproperties] dggd on dggd.[property] = 'DtgSchemaGUID' and dggd.[objectid] = dgnm.[objectid]	
				inner join dbo.[dtproperties] dgdef on dgdef.[property] = 'DtgSchemaDATA' and dgdef.[objectid] = dgnm.[objectid]
				
			where dgnm.[property] = 'DtgSchemaNAME' and dggd.[uvalue] like N'_EA3E6268-D998-11CE-9454-00AA00A3F36E_' 
			return 2;
		end
		return 1;
	END
	"
124,sp_verify_pl_account,"
-- =============================================
-- Author:		Siddharth Mangroliya
-- Create date: 31-01-2020
-- Description:	Verify Pl Accounts
-- =============================================
CREATE     PROCEDURE [dbo].[sp_verify_pl_account]  -- sp_verify_pl_account
AS
BEGIN
	SET NOCOUNT ON;

	SELECT pm.product_description, pm.product_code 
	FROM BSGLOAN..loan_product_master lpm 
	INNER JOIN BSGCORE..product_master pm 
	ON lpm.loan_product_id = pm.product_id AND lpm.is_active = 1 AND pm.is_active = 1 
	LEFT JOIN BSGCORE..account_master_internal ami 
	ON CAST(ami.internal_account_id AS nvarchar(50)) = lpm.interest_income_pl_code AND ami.is_active = 1 
	WHERE --pm.branch_code <> ami.branch_code OR
	ami.internal_account_id IS NULL 
	UNION ALL 
	SELECT pm.product_description, pm.product_code 
	FROM BSGLOAN..loan_product_master lpm 
	INNER JOIN BSGCORE..product_master pm 
	ON lpm.loan_product_id = pm.product_id AND lpm.is_active = 1 AND pm.is_active = 1 
	LEFT JOIN BSGCORE..account_master_internal ami 
	ON CAST(ami.internal_account_id AS nvarchar(50)) = lpm.penal_interest_pl_account_id AND ami.is_active = 1 
	WHERE --pm.branch_code <> ami.branch_code OR 
	ami.internal_account_id IS NULL 
	UNION ALL 
	SELECT pm.product_description, pm.product_code 
	FROM BSGTD..td_product_master tpm 
	INNER JOIN BSGCORE..product_master pm 
	ON tpm.product_id = pm.product_id AND tpm.is_active = 1 AND pm.is_active = 1 
	LEFT JOIN BSGCORE..account_master_internal ami 
	ON CAST(ami.internal_account_id AS bigint) = tpm.pl_account_id AND ami.is_active = 1 
	WHERE --pm.branch_code <> ami.branch_code OR 
	ami.internal_account_id IS NULL 
	UNION ALL 
	SELECT pm.product_description, pm.product_code 
	FROM BSGCORE..product_interest pi 
	INNER JOIN BSGCORE..product_master pm 
	ON pi.product_id = pm.product_id AND pi.is_active = 1 AND pm.is_active = 1 
	LEFT JOIN BSGCORE..account_master_internal ami 
	ON cast(ami.internal_account_id AS bigint) = pi.pl_account_id AND ami.is_active = 1 
	WHERE --pm.branch_code <> ami.branch_code OR 
	ami.internal_account_id IS NULL;
END

"
125,sp_who_updated,"
CREATE   PROCEDURE [dbo].[sp_who_updated]  

as begin

CREATE TABLE #sp_who2 (SPID INT,Status VARCHAR(255),
  Login  VARCHAR(255),HostName  VARCHAR(255),
  BlkBy  VARCHAR(255),DBName  VARCHAR(255),
  Command VARCHAR(255),CPUTime INT,
  DiskIO INT,LastBatch VARCHAR(255),
  ProgramName VARCHAR(255),SPID2 INT,
  REQUESTID INT) 
INSERT INTO #sp_who2 EXEC sp_who2
SELECT      * 
FROM        #sp_who2
-- Add any filtering of the results here :
WHERE       DBName <> 'master' AND BlkBy<>'  .'
-- Add any sorting of the results here :
ORDER BY    DBName ASC
DROP TABLE #sp_who2


end

"
126,sp_who2_updated,"
CREATE   PROCEDURE [dbo].[sp_who2_updated]
as
BEGIN
	CREATE TABLE #sp_who2 (SPID INT,Status VARCHAR(255),
Login  VARCHAR(255),HostName  VARCHAR(255),
BlkBy  VARCHAR(255),DBName  VARCHAR(255),
Command VARCHAR(255),CPUTime INT,
DiskIO INT,LastBatch VARCHAR(255),
ProgramName VARCHAR(255),SPID2 INT,
REQUESTID INT)
INSERT INTO #sp_who2 EXEC sp_who2
SELECT      *
FROM        #sp_who2
-- Add any filtering of the results here :
WHERE       DBName <> 'master' AND BlkBy<>'  .'
-- Add any sorting of the results here :
ORDER BY    DBName ASC
DROP TABLE #sp_who2
END



-- dbcc inputbuffer(98   )
"
127,statement_search,"CREATE   PROCEDURE [dbo].[statement_search]   -- statement_search '00011001005488','2016-08-01','2019-11-09',0,99999999999,'C',2,69
@accountNumber varchar(20), 
@fromDate datetime,
@toDate datetime,
@minAmount decimal(18,2),
@maxAmount decimal(18,2),
@txnNature varchar(2),
@page int ,
@p_size int 

AS
BEGIN

DECLARE @accountId BIGINT;

SET @accountId  = (SELECT account_id FROM bsgcore..customer_accounts WITH(NOLOCK) where account_no = @accountNumber and is_Active = 1);


IF(@page <> 0 AND @p_size <> 0)

BEGIN

	IF(@page = 1)

	BEGIN

		SELECT
			Main.*
		FROM
		(
		SELECT	
			ROW_NUMBER() OVER(ORDER BY A.txn_posting_date DESC) SRNO,
			A.*
		FROM
			(
			SELECT 
				tm.sprinkle,
				tm.id,
				tm.txn_ref_no,
				tm.txn_sub_ref_no,
				tm.txn_branch,
				tm.home_branch,
				tm.txn_date,
				ISNULL(tm.txn_time,CURRENT_TIMESTAMP) txn_time,
				tm.txn_value_date,
				tm.txn_posting_date,
				tm.account_id,
				tm.batch_code,
				tm.scroll_no,
				tm.set_no,
				tm.txn_amount,
				tm.txn_nature,
				ISNULL(tm.instr_no,'000000') instr_no,
				ISNULL(tm.instr_date,CURRENT_TIMESTAMP) instr_date,
				tm.narration,
				tm.is_active,
				tm.created_date,
				tm.activity_id,
				tm.activity_sub_type_id,
				tm.txn_type        
			FROM 
				bsgaccounting..transaction_master tm WITH(NOLOCK)
			WHERE 
				tm.account_id = @accountId
				and tm.txn_posting_date >= cast(@fromDate as date)
				and tm.txn_posting_date <= cast(@toDate as date)
				and tm.txn_amount >= @minAmount
				and tm.txn_amount <= @maxAmount
				and tm.txn_nature = @txnNature
				and tm.is_active = 1

			UNION ALL

			SELECT 
				tm_df.sprinkle,
				tm_df.id,
				tm_df.txn_ref_no,
				tm_df.txn_sub_ref_no,
				tm_df.txn_branch,
				tm_df.home_branch,
				tm_df.txn_date,
				ISNULL(tm_df.txn_time,CURRENT_TIMESTAMP) txn_time,
				tm_df.txn_value_date,
				tm_df.txn_posting_date,
				tm_df.account_id,
				tm_df.batch_code,
				tm_df.scroll_no,
				tm_df.set_no,
				tm_df.txn_amount,
				tm_df.txn_nature,
				ISNULL(tm_df.instr_no,'000000') instr_no,
				ISNULL(tm_df.instr_date,CURRENT_TIMESTAMP) instr_date,
				tm_df.narration,
				tm_df.is_active,
				tm_df.created_date,
				tm_df.activity_id,
				tm_df.activity_sub_type_id,
				tm_df.txn_type 
			FROM 
				bsgdeepfreeze..transaction_master_df tm_df WITH(NOLOCK)
			WHERE 
				tm_df.account_id = @accountId
				and tm_df.txn_posting_date >= cast(@fromDate as date)
				and tm_df.txn_posting_date <= cast(@toDate as date)
				and tm_df.txn_amount >= @minAmount
				and tm_df.txn_amount <= @maxAmount
				and tm_df.txn_nature = @txnNature
				and tm_df.is_active = 1		
			)A	
		)Main
		WHERE
			Main.SRNO >= 1 
			and Main.SRNO <= @p_size;
	END
	ELSE
	BEGIN	
		SELECT
			Main.*
		FROM
		(
		SELECT	
			ROW_NUMBER() OVER(ORDER BY A.txn_posting_date DESC) SRNO,
			A.*
		FROM
		(
		SELECT 
			tm.sprinkle,
			tm.id,
			tm.txn_ref_no,
			tm.txn_sub_ref_no,
			tm.txn_branch,
			tm.home_branch,
			tm.txn_date,
			ISNULL(tm.txn_time,CURRENT_TIMESTAMP) txn_time,
			tm.txn_value_date,
			tm.txn_posting_date,
			tm.account_id,
			tm.batch_code,
			tm.scroll_no,
			tm.set_no,
			tm.txn_amount,
			tm.txn_nature,
			ISNULL(tm.instr_no,'000000') instr_no,
			ISNULL(tm.instr_date,CURRENT_TIMESTAMP) instr_date,
			tm.narration,
			tm.is_active,
			tm.created_date,
			tm.activity_id,
			tm.activity_sub_type_id,
			tm.txn_type        
		FROM 
			bsgaccounting..transaction_master tm WITH(NOLOCK)
		WHERE 
			tm.account_id = @accountId
			and tm.txn_posting_date >= cast(@fromDate as date)
			and tm.txn_posting_date <= cast(@toDate as date)
			and tm.txn_amount >= @minAmount
			and tm.txn_amount <= @maxAmount
			and tm.txn_nature = @txnNature
			and tm.is_active = 1	

		UNION ALL

		SELECT 
			tm_df.sprinkle,
			tm_df.id,
			tm_df.txn_ref_no,
			tm_df.txn_sub_ref_no,
			tm_df.txn_branch,
			tm_df.home_branch,
			tm_df.txn_date,
			ISNULL(tm_df.txn_time,CURRENT_TIMESTAMP) txn_time,
			tm_df.txn_value_date,
			tm_df.txn_posting_date,
			tm_df.account_id,
			tm_df.batch_code,
			tm_df.scroll_no,
			tm_df.set_no,
			tm_df.txn_amount,
			tm_df.txn_nature,
			ISNULL(tm_df.instr_no,'000000') instr_no,
			ISNULL(tm_df.instr_date,CURRENT_TIMESTAMP) instr_date,
			tm_df.narration,
			tm_df.is_active,
			tm_df.created_date,
			tm_df.activity_id,
			tm_df.activity_sub_type_id,
			tm_df.txn_type 
		FROM 
			bsgdeepfreeze..transaction_master_df tm_df WITH(NOLOCK)
		WHERE 
			tm_df.account_id = @accountId
			and tm_df.txn_posting_date >= cast(@fromDate as date)
			and tm_df.txn_posting_date <= cast(@toDate as date)
			and tm_df.txn_amount >= @minAmount
			and tm_df.txn_amount <= @maxAmount
			and tm_df.txn_nature = @txnNature
			and tm_df.is_active = 1	
		)A
		
		)Main
		WHERE
			Main.SRNO > ((@page - 1) * @p_size) 
			and Main.SRNO <= (@p_size * @page);
		
	END
END
ELSE
BEGIN    
	SELECT	
		SUM(A.txn_count) txn_count
	FROM
	(
	SELECT 
		COUNT(1) txn_count       
	FROM 
		bsgaccounting..transaction_master tm WITH(NOLOCK)
	WHERE 
		tm.account_id = @accountId
		and tm.txn_posting_date >= cast(@fromDate as date)
		and tm.txn_posting_date <= cast(@toDate as date)
		and tm.txn_amount >= @minAmount
		and tm.txn_amount <= @maxAmount
		and tm.txn_nature = @txnNature
		and tm.is_active = 1

	UNION ALL

	SELECT 
		COUNT(1) txn_count       
	FROM 
		bsgdeepfreeze..transaction_master_df tm_df WITH(NOLOCK)
	WHERE 
		tm_df.account_id = @accountId
		and tm_df.txn_posting_date >= cast(@fromDate as date)
		and tm_df.txn_posting_date <= cast(@toDate as date)
		and tm_df.txn_amount >= @minAmount
		and tm_df.txn_amount <= @maxAmount
		and tm_df.txn_nature = @txnNature
		and tm_df.is_active = 1		
	)A;
        
END 

END
"
128,STRINKDATABASE1,"
CREATE PROC [dbo].[STRINKDATABASE1]
AS
declare 	@GB AS INT  

 select @GB= sum(Used) from 
 (
 SELECT RTRIM(name) AS [Segment Name], groupid AS [Group Id], filename AS [File Name],
   CAST(size/128.0 AS DECIMAL(10,2)) AS [Allocated Size in MB],
   CAST(FILEPROPERTY(name, 'SpaceUsed')/128.0 AS DECIMAL(10,2)) AS [Used]
FROM sysfiles
where groupid =1 
) b

SET @GB = @GB *1024
--IF OBJECT_ID ('tempdb.dbo.#dbcc_extent_info', 'U') IS NOT NULL

--DROP TABLE #dbcc_extent_info

--IF OBJECT_ID ('tempdb.dbo.#object_id', 'U') IS NOT NULL

--DROP TABLE #object_id

--GO

--PRINT 'Capturing allocated extent information. This could take a few minutes.'

--PRINT ''


CREATE TABLE #dbcc_extent_info (file_id int,page_id bigint,pg_alloc tinyint,ext_size tinyint,object_id bigint,index_id int,partition_number int, partition_id bigint,iam_chain_type varchar(30),pfs_bytes varbinary(255))

INSERT INTO #dbcc_extent_info EXEC ( 'DBCC EXTENTINFO' )


SELECT TOP 150 object_id , object_name(object_id) as object_name , file_id , page_id*8, (page_id*8)/1024
FROM #dbcc_extent_info
WHERE index_id = 0
AND page_id*8> @GB
ORDER BY page_id DESC


SELECT DISTINCT A.object_id , object_name(object_id) as object_name
,'alter table '+object_name(object_id)+' rebuild '
FROM
(
SELECT TOP 150 object_id 

FROM #dbcc_extent_info

WHERE index_id = 0
AND page_id*8 > @GB

ORDER BY page_id DESC

) as A 


-- select * from 
-- (
-- SELECT RTRIM(name) AS [Segment Name], groupid AS [Group Id], filename AS [File Name],
--   CAST(size/128.0 AS DECIMAL(10,2)) AS [Allocated Size in MB],
--   CAST(FILEPROPERTY(name, 'SpaceUsed')/128.0 AS DECIMAL(10,2)) AS [Space Used in MB],
--   CAST([maxsize]/128.0 AS DECIMAL(10,2)) AS [Max in MB],
--   CAST([maxsize]/128.0-(FILEPROPERTY(name, 'SpaceUsed')/128.0) AS DECIMAL(10,2)) AS [Available Space in MB],
--   CAST((CAST(FILEPROPERTY(name, 'SpaceUsed')/128.0 AS DECIMAL(10,2))/CAST([maxsize]/128.0 AS DECIMAL(10,2)))*100 AS DECIMAL(10,2)) AS [Percent Used]
--FROM sysfiles
--where groupid =1 
--) b
 declare @filename as varchar(1000)
declare @sql as varchar(1000)
declare @a as int
declare @Lower as int
declare @i as int
declare @diff as int
declare @database1 as varchar(1000)
declare @database2 as varchar(1000)

select @database1=name 
from sys.database_files
where  file_id=1

select @database2=name 
from sys.database_files
where  file_id!=1
order by file_id  

select @database1,@database2

DECLARE	@query as varchar(max)
DECLARE	@query1 as varchar(max)

DECLARE shrink CURSOR FOR
select   'CREATE CLUSTERED INDEX TempDROP1' + object_name(a.object_id) + ' ON ' + object_name(a.object_id) + ' (' + B.name +  ') '
from (
SELECT distinct object_id 
FROM #dbcc_extent_info
WHERE index_id = 0
AND page_id*8 > @GB
) as A  , SYS.COLUMNS B
where A.OBJECT_ID = B.OBJECT_ID 
and B.column_id = 1 and
b.object_id > 255 and type_name(system_type_id) not in (
'varbinary','binary'
)

OPEN shrink
FETCH NEXT FROM shrink INTO
	@query
WHILE @@FETCH_STATUS = 0 
BEGIN
	begin try
	print @query
	exec(@query)
	end try
	begin catch	
	end catch

FETCH NEXT FROM shrink INTO
	@query
END

CLOSE		shrink
DEALLOCATE	shrink
 select @filename=s,@diff=(a),@Lower = u
 from 
 (
 SELECT RTRIM(name) AS s,
   CAST(size/128.0 AS DECIMAL(10,2)) AS a,
   CAST(FILEPROPERTY(name, 'SpaceUsed')/128.0 AS DECIMAL(10,2)) AS u
FROM sysfiles
where groupid =1 
)B 
order by s

set @i =@diff
			while(@i > @Lower)
			begin 
					if @i < @Lower
					begin
						set @i = @Lower
					end 
					set @sql ='DBCC SHRINKFILE ('+@database1+','+str(@i)+')
								DBCC SHRINKFILE ('+@database2+','+str(@i)+')
								'
					set @i =@i-1000
					print @sql
					exec (@sql)
			end
					set @sql ='DBCC SHRINKFILE ('+@database1+','+str(@Lower)+')
								DBCC SHRINKFILE ('+@database2+','+str(@Lower)+')
								'
					set @i =@i-1000
					print @sql
					exec (@sql)



DECLARE shrink1 CURSOR FOR
select 'drop INDEX ' + OBJECT_NAME(object_id) + '.' + name from sys.indexes where name like 'TempDROP1%'
OPEN shrink1
FETCH NEXT FROM shrink1 INTO
	@query1
WHILE @@FETCH_STATUS = 0 
BEGIN
	begin try	
	print @query1
	exec(@query1)
	end try
	begin catch	
	end catch

FETCH NEXT FROM shrink1 INTO
	@query1
END

CLOSE		shrink1
DEALLOCATE	shrink1
"
129,update_loan_repayment_chart_post_interest_application,"
CREATE    PROCEDURE [dbo].[update_loan_repayment_chart_post_interest_application]

@txn_date date,
@modify_by bigint,
@processing_type int = 1 -- Calender

AS

BEGIN


Select 
	lid.interest_amount interest_debit,lid.penal_interest_amount,
	lrc.*
INTO
	#temp_loan_interest_details
from
	BSGACCOUNTING..loan_interest_details lid with(nolock) 
	left join 
	(

		select 
			r.loan_account_id,
			r.due_date due_date,
			MAX(r.id) id
		from
		(

		select 
			loan_account_id,
			MIN(due_date) due_date
			
		from
			BSGACCOUNTING..loan_repayment_chart with(nolock)
		Where
			(
				(@processing_type = 2 and  due_date = @txn_date ) 
				or (@processing_type = 1 and due_date > @txn_date)
			)
			and is_active = 1		
		group by loan_account_id
		)ll 
		 left outer join  BSGACCOUNTING..loan_repayment_chart r  with(nolock)
			on ll.loan_account_id = r.loan_account_id
				and ll.due_date = r.due_date
		group by r.loan_account_id,
			r.due_date
	)lr
		 on lr.loan_account_id = lid.account_id
	left join 
	(
		select 
			r.loan_account_id,
			r.due_date due_date,
			MAX(r.id) id
		from
		(

		select 
			loan_account_id,
			MAX(due_date) due_date
			
		from
			BSGACCOUNTING..loan_repayment_chart with(nolock)
		Where
			is_active = 1
			-- and due_date > '2022-08-31'
		group by loan_account_id
		)ll 
		 left outer join  BSGACCOUNTING..loan_repayment_chart r  with(nolock)
			on ll.loan_account_id = r.loan_account_id
				and ll.due_date = r.due_date
		group by r.loan_account_id,
			r.due_date
		
	)lrLastInstallmentNo
		 on lrLastInstallmentNo.loan_account_id = lid.account_id

	left join BSGACCOUNTING..loan_repayment_chart lrc with(nolock)
		on lrc.loan_account_id = ISNULL(lr.loan_account_id,lrLastInstallmentNo.loan_account_id)
			and lrc.due_date =  ISNULL(lr.due_date,lrLastInstallmentNo.due_date)
				and lrc.id = ISNULL(lr.id,lrLastInstallmentNo.id)
	LEFT OUTER JOIN BSGLOAN..loan_product_master lpm with(nolock)
		on lid.product_id = lpm.loan_product_id
			and lpm.is_active = 1

where	
	lpm.repayment_mode = 1 -- EMI

IF(@processing_type= 1)
BEGIN
/* Identify the moratorium account list */
select 
	lam.loan_account_id,lab.installment_start_date,lab.disbursement_date,
	lab.moratoriun_period,
	lab.moratorium_int_recovery_mode,
	lpm.interest_frequency,
	lpm.regular_interest_quarter_type,
	lpm.interest_calculation_on
INTO
	#temp_moratorium_account_list
from
	BSGLOAN..loan_account_master lam with(nolock)
	 LEFT OUTER JOIN BSGLOAN..loan_account_basic lab with(nolock)
		on lab.loan_account_id = lam.loan_account_id
			and lab.is_active = 1
	LEFT OUTER JOIN BSGLOAN..loan_product_master lpm with(nolock)
		on lam.loan_product_id =  lpm.loan_product_id
			and lpm.is_active =1 
where
	lam.is_active =1
	and lam.loan_account_status <> 2
	and cast( installment_start_date  as date) > @txn_date
	and lab.moratoriun_period > 0
	and lab.moratorium_int_recovery_mode = 2 -- EMI



select 
	*
into
	#temp_moratorium_list_with_moratorium_end_date
from
(
select 
	*,
	case when regular_interest_quarter_type = 1 then cast(EOMONTH(DATEADD(M,-1,installment_start_date)) as date)
	when regular_interest_quarter_type = 2 then cast(DATEADD(M,-1,installment_start_date) as date) 
	else installment_start_date END moratorium_end_date
from
	#temp_moratorium_account_list
)a
	

select 
	loan_account_id
INTO 
	#temp_moratorium_exlude_list
from
	#temp_moratorium_list_with_moratorium_end_date
where
	moratorium_end_date < @txn_date or regular_interest_quarter_type = 1

	

/**/

select 
	*
INTO
	#moratorium_account_list_balance_bucket_updation
from
	#temp_moratorium_list_with_moratorium_end_date
where
	moratorium_end_date = @txn_date

/*Keep Backup of old bucket*/
INSERT INTO [BSGDEEPFREEZE].[dbo].[account_balance_loan_moratorium_updation_bucket]
           ([loan_account_id]
           ,[statement_opening_balance]
           ,[day_opening_balance]
           ,[maker_unclear_balance]
           ,[maker_clear_balance]
           ,[checker_unclear_balance]
           ,[checker_clear_balance]
           ,[day_end_balance]
           ,[interest_accrual]
           ,[interest_applied]
           ,[interest_paid]
           ,[charges_applied]
           ,[charges_paid]
           ,[penal_interest_accrual]
           ,[penal_interest_applied]
           ,[penal_interest_paid]
           ,[principal_outstanding]
           ,[legal_fee]
           ,[lawyer_fee]
           ,[npa_interest]
           ,[overdue_amount]
           ,[debit_summation]
           ,[credit_summation]
           ,[disbursement_count]
           ,[disbursement_amount]
           ,[sanction_limit]
           ,[available_dp]
           ,[available_balance]
           ,[overdue_days_count]
           ,[npa_amount]
           ,[npa_marked_date]
           ,[earmarked_amount]
           ,[created_by]
           ,[created_date]
           ,[last_modified_by]
           ,[last_modified_date]
           ,[txn_date]
           ,[is_active]
           ,[adhoc_amount]
           ,[installment_amount]
           ,[is_final_installment_amount]
           ,[received_amount]
           ,[security_amount_overdue_days]
           ,[npa_interest_amount]
           ,[npa_penal_interest_amount]
           ,[npa_charges_amount]
           ,[bddr_interest_outstanding]
           ,[principal_waived_off]
           ,[interest_waived_off]
           ,[penal_interest_waived_off]
           ,[margin_amount]
           ,[subsidy_received]
           ,[subsidy_realised]
           ,[excess_interest]
           ,[margin_realised_amount]
           ,[interest_provision]
           ,[excess_recovery]
           ,[backdated_checker_clear_balance]
           ,[backdated_principal_outstanding]
           ,[backdated_npa_interest_amount]
           ,[backdated_npa_penal_interest_amount]
           ,[backdated_npa_charges_amount]
           ,[principal_overdue]
           ,[interest_overdue]
           ,[principal_overdue_days]
           ,[interest_overdue_days]
           ,[branch_code]
           ,[product_id]
           ,[fcy_currency]
           ,[lcy_amount])
	select 
			[loan_account_id]
           ,[statement_opening_balance]
           ,[day_opening_balance]
           ,[maker_unclear_balance]
           ,[maker_clear_balance]
           ,[checker_unclear_balance]
           ,[checker_clear_balance]
           ,[day_end_balance]
           ,[interest_accrual]
           ,[interest_applied]
           ,[interest_paid]
           ,[charges_applied]
           ,[charges_paid]
           ,[penal_interest_accrual]
           ,[penal_interest_applied]
           ,[penal_interest_paid]
           ,[principal_outstanding]
           ,[legal_fee]
           ,[lawyer_fee]
           ,[npa_interest]
           ,[overdue_amount]
           ,[debit_summation]
           ,[credit_summation]
           ,[disbursement_count]
           ,[disbursement_amount]
           ,[sanction_limit]
           ,[available_dp]
           ,[available_balance]
           ,[overdue_days_count]
           ,[npa_amount]
           ,[npa_marked_date]
           ,[earmarked_amount]
           ,[created_by]
           ,[created_date]
           ,[last_modified_by]
           ,[last_modified_date]
           ,[txn_date]
           ,[is_active]
           ,[adhoc_amount]
           ,[installment_amount]
           ,[is_final_installment_amount]
           ,[received_amount]
           ,[security_amount_overdue_days]
           ,[npa_interest_amount]
           ,[npa_penal_interest_amount]
           ,[npa_charges_amount]
           ,[bddr_interest_outstanding]
           ,[principal_waived_off]
           ,[interest_waived_off]
           ,[penal_interest_waived_off]
           ,[margin_amount]
           ,[subsidy_received]
           ,[subsidy_realised]
           ,[excess_interest]
           ,[margin_realised_amount]
           ,[interest_provision]
           ,[excess_recovery]
           ,[backdated_checker_clear_balance]
           ,[backdated_principal_outstanding]
           ,[backdated_npa_interest_amount]
           ,[backdated_npa_penal_interest_amount]
           ,[backdated_npa_charges_amount]
           ,[principal_overdue]
           ,[interest_overdue]
           ,[principal_overdue_days]
           ,[interest_overdue_days]
           ,[branch_code]
           ,[product_id]
           ,[fcy_currency]
           ,[lcy_amount]
from
	BSGACCOUNTING..account_balance_loan with(nolock) 
where
	loan_account_id in (select loan_account_id from #moratorium_account_list_balance_bucket_updation)
	and txn_date = @txn_date

/*Update the moratorium account interest capitilization */
update 
	BSGACCOUNTING..account_balance_loan
set principal_outstanding = principal_outstanding - (interest_applied - interest_paid + penal_interest_applied - penal_interest_paid),
	interest_applied = 0,interest_paid= 0,penal_interest_applied = 0,penal_interest_paid = 0,last_modified_by = @modify_by , last_modified_date = CURRENT_TIMESTAMP
where
	loan_account_id in (select loan_account_id from #moratorium_account_list_balance_bucket_updation)
	and txn_date = @txn_date

select 
	[loan_account_id]  
    , case when [principal_outstanding] < 0 then [principal_outstanding] *-1 else 0 end ideal_balance
INTO 
	#temp_ideal_balance
from
	BSGACCOUNTING..account_balance_loan with(nolock) 
where
	loan_account_id in (select loan_account_id from #moratorium_account_list_balance_bucket_updation)
	and txn_date = @txn_date


INSERT INTO BSGACCOUNTING..loan_repayment_chart
(
			[loan_account_id]
           ,[installment_no]
           ,[due_date]
           ,[txn_posting_date]
           ,[txn_value_date]
           ,[installment_amount]
           ,[principal_amount]
           ,[principal_received]
           ,[interest_amount]
           ,[interest_received]
           ,[ideal_balance]
           ,[od_int_rate]
           ,[od_int_accrual]
           ,[od_int_provision]
           ,[od_int_received]
           ,[penal_int_rate]
           ,[penal_int_accrual]
           ,[penal_int_provision]
           ,[penal_int_received]
           ,[penal_int_gst]
           ,[overdue_amount]
           ,[overdue_days_count]
           ,[full_installment_received]
           ,[txn_ref_no]
           ,[txn_amount]
           ,[activity_id]
           ,[is_reversal]
           ,[reversal_ref_no]
           ,[is_active]
           ,[created_by]
           ,[created_date]
           ,[last_modified_by]
           ,[last_modified_date]
           ,[installment_proportion]
           ,[excess_payment_date]
           ,[excess_id]
		   ,grace_days
)
select
			i.[loan_account_id]
           ,[installment_no]
           ,[due_date]
           ,@txn_date [txn_posting_date]
           ,@txn_date [txn_value_date]
           ,[installment_amount]
           ,[principal_amount]
           ,[principal_received]
           ,[interest_amount]
           ,[interest_received]
           ,i.ideal_balance - [principal_amount] [ideal_balance]
           ,[od_int_rate]
           ,[od_int_accrual]
           ,[od_int_provision]
           ,[od_int_received]
           ,[penal_int_rate]
           ,[penal_int_accrual]
           ,[penal_int_provision]
           ,[penal_int_received]
           ,[penal_int_gst]
           ,[overdue_amount]
           ,[overdue_days_count]
           ,[full_installment_received]
           ,[txn_ref_no]
           ,[txn_amount]
           ,3099 [activity_id]
           ,[is_reversal]
           ,[reversal_ref_no]
           ,[is_active]
           , @modify_by [created_by]
           , CURRENT_TIMESTAMP [created_date]
           , @modify_by [last_modified_by]
           ,CURRENT_TIMESTAMP [last_modified_date]
           ,[installment_proportion]
           ,[excess_payment_date]
           ,-8[excess_id]
		   ,ISNULL(grace_days,0) grace_days
from
	#temp_loan_interest_details t
		inner join #temp_ideal_balance i
			on t.loan_account_id = i.loan_account_id




INSERT INTO loan_actual_interest_ideal_interest_diff
(
	loan_account_id ,
	installment_no ,
	due_date ,
	actual_interest_amount ,
	ideal_interest_amount ,
	diff_amount,
	txn_date,
	is_active 
)
select 
	loan_account_id,
	-8,
	'1900-01-01',
	0,
	0,
	0,
	@txn_date,
	1
from
	#temp_ideal_balance
	
/*Remove account from list */
delete from #temp_loan_interest_details
where loan_account_id in (
select 
	loan_account_id
from
	#temp_moratorium_exlude_list
)


END


INSERT INTO loan_actual_interest_ideal_interest_diff
(
	loan_account_id ,
	installment_no ,
	due_date ,
	actual_interest_amount ,
	ideal_interest_amount ,
	diff_amount,
	txn_date,
	is_active 
)
select 
	loan_account_id,
	installment_no,
	due_date,
	interest_debit actual_interest_amount,
	interest_amount ideal_interest_amount,
	(interest_amount - interest_debit ) ,
	@txn_date,1
from
	#temp_loan_interest_details
where
	(interest_amount - interest_debit ) > 0 
	and		(
				(@processing_type = 2 and  due_date = @txn_date ) 
				or (@processing_type = 1 and due_date > @txn_date)
			) -- To Check that it is not last installment or after limit expire date

INSERT INTO BSGACCOUNTING..loan_repayment_chart
(
			[loan_account_id]
           ,[installment_no]
           ,[due_date]
           ,[txn_posting_date]
           ,[txn_value_date]
           ,[installment_amount]
           ,[principal_amount]
           ,[principal_received]
           ,[interest_amount]
           ,[interest_received]
           ,[ideal_balance]
           ,[od_int_rate]
           ,[od_int_accrual]
           ,[od_int_provision]
           ,[od_int_received]
           ,[penal_int_rate]
           ,[penal_int_accrual]
           ,[penal_int_provision]
           ,[penal_int_received]
           ,[penal_int_gst]
           ,[overdue_amount]
           ,[overdue_days_count]
           ,[full_installment_received]
           ,[txn_ref_no]
           ,[txn_amount]
           ,[activity_id]
           ,[is_reversal]
           ,[reversal_ref_no]
           ,[is_active]
           ,[created_by]
           ,[created_date]
           ,[last_modified_by]
           ,[last_modified_date]
           ,[installment_proportion]
           ,[excess_payment_date]
           ,[excess_id]
		   ,grace_days
)
select
			[loan_account_id]
           ,[installment_no]
           ,[due_date]
           ,@txn_date [txn_posting_date]
           ,@txn_date [txn_value_date]
           ,[installment_amount]
           ,[principal_amount]
           ,[principal_received]
           ,case when interest_amount > interest_debit
		   and 			
					(
						(@processing_type = 2 and  due_date = @txn_date ) 
						or (@processing_type = 1 and due_date > @txn_date)
					) 
		   then interest_debit 
		   else interest_amount 
		   end [interest_amount]
           ,[interest_received]
           ,[ideal_balance]
           ,[od_int_rate]
           ,od_int_accrual + ISNULL(
				case 
					when interest_debit -  interest_amount > 0 and 			
					(
						(@processing_type = 2 and  due_date = @txn_date ) 
						or (@processing_type = 1 and due_date > @txn_date)
					) 
					then interest_debit -  interest_amount -- actual od interest
					when (
						(@processing_type = 2 and  due_date < @txn_date ) 
						or (@processing_type = 1 and due_date <= @txn_date)
					)  then interest_debit -- od_interest + actual interest  after limit expire
					-- when interest_amount -  interest_debit <= 0 then 0
					else 0 end
				,0)	
				[od_int_accrual]
           ,[od_int_provision]
           ,[od_int_received]
           ,[penal_int_rate]
           ,penal_int_accrual + ISNULL(penal_interest_amount,0) [penal_int_accrual]
           ,[penal_int_provision]
           ,[penal_int_received]
           ,[penal_int_gst]
           ,[overdue_amount]
           ,[overdue_days_count]
           ,[full_installment_received]
           ,[txn_ref_no]
           ,[txn_amount]
           ,3004 [activity_id]
           ,[is_reversal]
           ,[reversal_ref_no]
           ,[is_active]
           , @modify_by [created_by]
           , CURRENT_TIMESTAMP [created_date]
           , @modify_by [last_modified_by]
           ,CURRENT_TIMESTAMP [last_modified_date]
           ,[installment_proportion]
           ,[excess_payment_date]
           ,-1444[excess_id]
		   ,ISNULL(grace_days,0) grace_days
from
	#temp_loan_interest_details

update  l
set l.is_active = 0,last_modified_date = CURRENT_TIMESTAMP,last_modified_by = @modify_by,excess_id = -141
from
BSGACCOUNTING..loan_repayment_chart l
inner join #temp_loan_interest_details ll
	on l.loan_account_id = ll.loan_account_id
     	and l.id = ll.id

if(@processing_type = 2)
BEGIN

update 	
	lrc

	set lrc.principal_amount += l.diff_amount , lrc.ideal_balance -= l.diff_amount ,last_modified_by =@modify_by,excess_id = -1411
	
	from
	BSGACCOUNTING..loan_repayment_chart lrc
		inner join BSGACCOUNTING..loan_actual_interest_ideal_interest_diff l
			on lrc.loan_account_id =l.loan_account_id
				and lrc.installment_no = l.installment_no
				and lrc.interest_amount = l.actual_interest_amount
					and l.txn_date = @txn_date
where
	lrc.ideal_balance > 0

END

END
"
130,update_product_and_internal_account_balance,"-- =============================================
-- Author:		<Author,,Shubham Bhalerao>
-- Create date: <Create Date,,30/01/2023>
-- Description:	<Description,,EP/ IA Transaction/ Balance Sync>
-- EXEC update_product_and_internal_account_balance '2022-04-01', '2022-04-02', 1, ''
-- =============================================
create    PROCEDURE [dbo].[update_product_and_internal_account_balance] 
	-- Add the parameters for the stored procedure here
	@fromDate date,
	@toDate date,
	@isDfRequired int,
	@principalType varchar(10) --- IP, EP, IA
AS
BEGIN

   SELECT 11 as successCount, 0 as failureCount

--   DECLARE @fromDateExt date = @fromDate
--   DECLARE @toDateExt date = @toDate
	
--   DECLARE @fromDateIA date = @fromDate
--   DECLARE @toDateIA date = @toDate

--	 DROP TABLE IF EXISTS #internal_product
--	 CREATE TABLE #internal_product(
--	   product_id bigint,
--	   product_code bigint
--	 )

--	 CREATE TABLE #external_product(
--	    product_id bigint,
--		product_code bigint
--	)

--	CREATE TABLE #internal_accounts(
--	    account_id bigint,
--		internal_product_id bigint
--	)


--INSERT INTO #internal_product
--SELECT internal_product_id, product_code 
--FROM BSGCORE..product_master_internal 
--WHERE is_active = 1


--INSERT INTO #external_product
--SELECT product_id, product_code 
--FROM BSGCORE..product_master 
--WHERE is_active = 1


--INSERT INTO #internal_accounts 
--SELECT internal_account_id, internal_product_id 
--FROM BSGCORE..account_master_internal

----SELECT COUNT(1) FROM #internal_product

----SELECT COUNT(DISTINCT(product_id)) FROM #internal_product

----FOR INTERNAL PRODUCT-----------------------------------------------
--WHILE (@fromDate<=@toDate)
--BEGIN
-- DROP TABLE if exists #product_balance_int
--	CREATE TABLE #product_balance_int(
--	  product_id bigint,
--	  day_open_balance decimal(18,2),
--	  checker_clear_balance decimal(18,2),
--	  day_close_balance decimal(18,2),
--	  txn_date date
--	) 

--DECLARE @previousDate date = DATEADD(DAY, -1, @fromDate)

----truncate table #product_balance_int
--INSERT INTO 
--#product_balance_int
--SELECT 
--pbi.internal_product_id,
--ISNULL(pbi.checker_clear_balance,0.00) day_open_balance,
--ISNULL(pbi.checker_clear_balance,0.00) checker_clear_balance,
--ISNULL(pbi.checker_clear_balance,0.00) day_close_balance,
--@fromDate
--FROM #internal_product ip 
--LEFT JOIN 
--BSGACCOUNTING..product_balance_internal pbi 
--ON pbi.internal_product_id = ip.product_id
--AND pbi.is_active = 1
--INNER JOIN 
--(SELECT internal_product_id, Max(txn_date) txn_date FROM BSGACCOUNTING..product_balance_internal 
--WHERE txn_date <= @previousDate AND is_active = 1 group by internal_product_id) pbi1
--ON pbi1.internal_product_id = pbi.internal_product_id 
--AND pbi.txn_date = pbi1.txn_date

--SELECT * FROM #product_balance_int ORDER BY product_id

--UPDATE pbi_temp 
-- SET checker_clear_balance = 
--  case 
--    when tmi.txn_nature = 'C'
--	then ISNULL(pbi_temp.checker_clear_balance,0) + tmi.txn_amount
--	else ISNULL(pbi_temp.checker_clear_balance,0) - tmi.txn_amount
--  end
--FROM 
--#product_balance_int pbi_temp
--INNER JOIN
--BSGACCOUNTING..transaction_master_internal tmi
--ON tmi.principal_id = pbi_temp.product_id 
--AND tmi.txn_date = @fromDate
--WHERE tmi.is_active = 1 

--SELECT * FROM #product_balance_int ORDER BY product_id


--    MERGE BSGACCOUNTING..product_balance_internal  AS target  
--    USING (SELECT product_id, day_open_balance,checker_clear_balance,day_close_balance,txn_date FROM #product_balance_int)
--    AS source (product_id, day_open_balance,checker_clear_balance,day_close_balance,txn_date )  
--    ON (target.internal_product_id = source.product_id and target.is_active=1 and target.txn_date = @fromDate)  
--    WHEN MATCHED THEN
--        UPDATE SET target.checker_clear_balance = source.checker_clear_balance ,
--		target.last_modified_date = getDate(),
--		target.last_modified_by = -1
--    WHEN NOT MATCHED THEN  
--    INSERT (internal_product_id, day_open_balance,checker_clear_balance,day_close_balance,sprinkle,is_active
--	,created_by, created_date, last_modified_by, last_modified_date, txn_date, lcy_amount)  
--    VALUES (source.product_id,
--    source.day_open_balance,
--	source.checker_clear_balance,
--	source.day_close_balance,
--	'N/A',
--	1,
--	-1,
--	GETDATE(),
--	-1,
--	GETDATE(),
--	@fromDate,
--	NULL
--    );

--set @fromDate = DATEADD(DAY,1,@fromDate)

--END




---- FOR EXTERNAL PRODUCT---------------------------------------------------
--WHILE (@fromDateExt <= @toDateExt )
--BEGIN
--    DROP TABLE if exists #product_balance_ext
--	CREATE TABLE #product_balance_ext(
--	  product_id bigint,
--	  day_open_balance decimal(18,2),
--	  checker_clear_balance decimal(18,2),
--	  day_close_balance decimal(18,2),
--	  txn_date date
--	 )

--DECLARE @previousDateExt date = DATEADD(DAY, -1, @fromDateExt)

--INSERT INTO 
--#product_balance_ext
--SELECT 
--pb.product_id,
--ISNULL(pb.checker_clear_balance,0.00) day_open_balance,
--ISNULL(pb.checker_clear_balance,0.00) checker_clear_balance,
--ISNULL(pb.checker_clear_balance,0.00) day_close_balance,
--@fromDateExt
--FROM #external_product ep 
--LEFT JOIN 
--BSGACCOUNTING..product_balance pb 
--ON pb.product_id = ep.product_id
--AND pb.is_active = 1
--INNER JOIN 
--(SELECT product_id, Max(txn_date) txn_date FROM BSGACCOUNTING..product_balance 
--WHERE txn_date < @fromDateExt AND is_active = 1 group by product_id) pbi1
--ON pbi1.product_id = pb.product_id 
--AND pb.txn_date = pbi1.txn_date

--SELECT * FROM #product_balance_ext ORDER BY product_id

--UPDATE pbe_temp 
-- SET checker_clear_balance = 
--  case 
--    when tmi.txn_nature = 'C'
--	then ISNULL(pbe_temp.checker_clear_balance,0) + tmi.txn_amount
--	else ISNULL(pbe_temp.checker_clear_balance,0) - tmi.txn_amount
--  end
--FROM 
--#product_balance_ext pbe_temp
--INNER JOIN
--BSGACCOUNTING..transaction_master_internal tmi
--ON tmi.principal_id = pbe_temp.product_id 
--AND tmi.txn_date = @fromDateExt
--WHERE tmi.is_active = 1 

--SELECT * FROM #product_balance_ext ORDER BY product_id


--    MERGE BSGACCOUNTING..product_balance  AS target  
--    USING (SELECT product_id, day_open_balance,checker_clear_balance,day_close_balance,txn_date FROM #product_balance_ext)
--    AS source (product_id, day_open_balance,checker_clear_balance,day_close_balance,txn_date )  
--    ON (target.product_id = source.product_id and target.is_active=1 and target.txn_date = @fromDate)  
--    WHEN MATCHED THEN
--        UPDATE SET target.checker_clear_balance = source.checker_clear_balance ,
--		target.last_modified_date = getDate(),
--		target.last_modified_by = -1
--    WHEN NOT MATCHED THEN  
--    INSERT (product_id, day_open_balance,checker_clear_balance,day_close_balance,sprinkle,is_active
--	,created_by, created_date, last_modified_by, last_modified_date, txn_date, lcy_amount)  
--    VALUES (source.product_id,
--    source.day_open_balance,
--	source.checker_clear_balance,
--	source.day_close_balance,
--	'N/A',
--	1,
--	-1,
--	GETDATE(),
--	-1,
--	GETDATE(),
--	@fromDateExt,
--	NULL
--    );

--set @fromDateExt = DATEADD(DAY,1,@fromDateExt)

--END


--WHILE(@fromDateIA <= @toDateIA)
--BEGIN
--DROP TABLE IF EXISTS #account_balance_int
--CREATE TABLE #account_balance_int
--(
--internal_account_id bigint,
--day_open_balance decimal(18,2),
--maker_unclear_balance decimal(18,2),
--maker_clear_balance decimal(18,2),
--checker_unclear_balance decimal(18,2),
--checker_clear_balance decimal(18,2),
--available_balance decimal(18,2),
--day_close_balance decimal(18,2),
--txn_date date 
--)

--INSERT INTO #account_balance_int 
--SELECT 
--ami.account_id,
--ISNULL(ami.day_open_balance,0) day_open_balance,
--ISNULL(ami.maker_unclear_balance,0) maker_unclear_balance,
--ISNULL(ami.maker_clear_balance,0) maker_clear_balance,
--ISNULL(ami.checker_unclear_balance,0) checker_unclear_balance,
--ISNULL(ami.checker_clear_balance,0) checker_clear_balance,
--ISNULL(ami.available_balance,0) available_balance,
--ISNULL(ami.day_close_balance,0) day_close_balance,
--@fromDateIA
--FROM #internal_accounts ia
--LEFT JOIN 
--BSGACCOUNTING..account_balance_internal ami	
--ON ia.account_id = ami.account_id 
--AND ami.is_active = 1
--INNER JOIN 
--(SELECT account_id, MAX(txn_date) txn_date FROM BSGACCOUNTING..account_balance_internal WHERE txn_date < @fromDateIA and is_active = 1 GROUP BY account_id) ami1
--ON ami.account_id = ami1.account_id 
--AND ami.txn_date = ami1.txn_date

--UPDATE abi
--SET 
--   checker_clear_balance = 
--   case 
--     when txn_nature = 'C'
--	 then ISNULL(checker_clear_balance,0) + txn_amount 
--	 else ISNULL(checker_clear_balance,0) - txn_amount
--   end
--FROM 
--  #account_balance_int abi
--INNER JOIN 
--  BSGACCOUNTING..transaction_master_internal tmi
--ON tmi.principal_id = abi.internal_account_id
--AND tmi.txn_date = @fromDateIA
--WHERE tmi.is_active = 1 



--MERGE BSGACCOUNTING..account_balance_internal  AS target  
--    USING (SELECT internal_account_id,day_open_balance, maker_unclear_balance,maker_clear_balance,
--	checker_unclear_balance,checker_clear_balance,available_balance,day_close_balance,txn_date FROM #account_balance_int)
--    AS source (internal_account_id,day_open_balance, maker_unclear_balance,maker_clear_balance,checker_unclear_balance,day_close_balance,checker_clear_balance,available_balance,txn_date )  
--    ON (target.account_id = source.internal_account_id and target.is_active=1 and target.txn_date = @fromDate)  
--    WHEN MATCHED THEN
--        UPDATE SET target.checker_clear_balance = source.checker_clear_balance ,
--		target.last_modified_date = getDate(),
--		target.last_modified_by = -1
--    WHEN NOT MATCHED THEN  
--    INSERT (account_id, day_open_balance, maker_clear_balance, maker_unclear_balance,checker_unclear_balance, checker_clear_balance, day_close_balance, available_balance, is_active,
--      created_by, created_date, last_modified_by, last_modified_date, txn_date, lcy_amount)  
--    VALUES (source.internal_account_id,
--    source.day_open_balance,
--	source.maker_unclear_balance,
--	source.maker_clear_balance,
--	source.checker_unclear_balance,
--	source.checker_clear_balance,
--	source.day_close_balance,
--	source.available_balance,
--	source.day_close_balance,
--	-1,
--	GETDATE(),
--	-1,
--	GETDATE(),
--	-1,
--	@fromDateIA,
--	NULL
--    );

--set @fromDateIA = DATEADD(DAY,1,@fromDateIA)

--END

END
"
131,UPDATES_IN_DAY_END,"CREATE    PROCEDURE [dbo].[UPDATES_IN_DAY_END]
@p_rundate date= null
as
begin

if(@p_rundate is null)
BEGIN
set @p_rundate = (select app_date from BSGACCOUNTING..cbs_application_date where is_active = 1)
END

/*update rate in loan_account_basic for floating product */
UPDATE lab SET lab.rate_of_interest = a.rate_of_interest   
FROM BSGLOAN..loan_account_basic lab   
INNER JOIN   
(SELECT ROW_NUMBER() OVER(PARTITION BY lab.loan_account_id ORDER BY lism.from_months, lism.to_months) AS RowNum,   
lab.loan_account_id, lab.loan_amount, lab.loan_tenure_year, lab.loan_tenure_month, lab.loan_tunure_days, lism.*   
FROM BSGLOAN..loan_account_master lam   
INNER JOIN BSGLOAN..loan_account_basic lab   
ON lab.loan_account_id = lam.loan_account_id AND lab.is_active = 1   
INNER JOIN BSGLOAN..loan_product_master lpm   
ON lpm.loan_product_id = lam.loan_product_id AND lpm.interest_rate_type = 2 AND lpm.is_active = 1   
INNER JOIN BSGLOAN..loan_interest_slab_master lism   
ON lism.loan_product_id = lam.loan_product_id   
AND lism.effective_date = (SELECT MAX(effective_date) FROM BSGLOAN..loan_interest_slab_master WHERE loan_product_id = lam.loan_product_id AND effective_date <= @p_rundate AND is_active = 1)   
AND lism.from_months <= ((lab.loan_tenure_year * 12) + lab.loan_tenure_month + (lab.loan_tunure_days / 30)) --+ (CASE WHEN lab.loan_tunure_days % 30 > 0 THEN 1 ELSE 0 END)   
AND lism.to_months >= ((lab.loan_tenure_year * 12) + lab.loan_tenure_month + (lab.loan_tunure_days / 30)) --+ (CASE WHEN lab.loan_tunure_days % 30 > 0 THEN 1 ELSE 0 END)   
AND lism.from_amount <= lab.loan_amount AND lism.to_amount >= lab.loan_amount   
AND lism.is_active = 1   
WHERE lam.loan_account_status <> 2 AND lam.is_active = 1) a   
ON a.loan_account_id = lab.loan_account_id AND a.RowNum = 1   
WHERE lab.is_active = 1;  
  

/*update checker_balance in maker balance */
update 
ab
set ab.maker_clear_balance = ab.checker_clear_balance,
ab.maker_unclear_balance = ab.checker_unclear_balance
from
(
select 
	c.account_id,
	MAX(txn_date) txn_date
from
	BSGACCOUNTING..account_balance c
group by c.account_id
) a
inner join BSGACCOUNTING..account_balance ab
	on ab.account_id = a.account_id
		and ab.txn_date = a.txn_date

/* Update the fd od rate in loan_account_basic */


   DECLARE @loanOffsetRate  decimal(18,2) = ISNULL((select config_value from BSGADMIN..cbs_config where config_key = 'LOAN_AGAINST_FD_OFFSET_RATE' and is_active = 1),0)
   DECLARE @ccOffsetRate  decimal(18,2) = ISNULL((select config_value from BSGADMIN..cbs_config where config_key = 'CC_OD_OFFSET_RATE' and is_active = 1),0)
   DECLARE @thirdPartyRate  decimal(18,2) = ISNULL((select config_value from BSGADMIN..cbs_config where config_key = 'THIRD_PARTY_FD_OFFSET_RATE' and is_active = 1),0)
	-- INSERT INTO BSGADMIN..cbs_config
	-- select 'LOAN_AGAINST_FD_OFFSET_RATE',1,1,-97,GETDATE(),-97,GETDATE(),-1,0,-1,-1,'A'
	
-- select @loanOffsetRate,@ccOffsetRate,@thirdPartyRate
   Select 
		 l.loan_account_id, 
		 lam.loan_type,
		 security_id, 
		 ISNULL(security_amount,0) security_amount,
		 ISNULL(third_party,0)third_party,
		 lam.loan_account_no
	INTO	
		#temp_security_details
	from
		BSGLOAN..loan_security_type_details l with(nolock)
		inner join BSGLOAN..loan_account_master lam
			on l.loan_account_id = lam.loan_account_id
				and lam.is_active = 1
				and lam.loan_account_status <> 2
		INNER JOIN BSGLOAN..loan_product_master LPM
						ON LAM.loan_product_id = LPM.loan_product_id
							and LPM.is_active = 1
							and LPM.prime_security_type = 2 --  LOAN ACCOUNTS WITH PRIMARY SECUIRTY AS FIX DEPOSIT
	where
		 security_type = 2 -- DEPOSIT
		and security_classification = 1 -- PRIMARY 
		and l.is_active=1


	select 
		t.loan_account_id,
		t.loan_account_no,
		MAX(lbdv.rate_of_interest) 
		 +  case when loan_type = 1 then @loanOffsetRate else @ccOffsetRate end
		 +	case when MAX(t.third_party) = 1 then  @thirdPartyRate else 0 end
		rate_of_interest 
		 
   INTO #temp_details
	from
		BSGLOAN..loan_bank_deposit_view lbdv
			LEFT join #temp_security_details t
				on lbdv.security_id = t.security_id
	where
		lbdv.is_active = 1
	group by t.loan_account_id,
		t.loan_account_no,
		t.loan_type
	

		--select distinct loan_account_id from #temp_security_details
	   update l
	   set l.rate_of_interest = t.rate_of_interest
	   from 
	   #temp_details t
		inner join BSGLOAN..loan_account_basic l
			on t.loan_account_id = l.loan_account_id
				and l.is_active = 1
		where
			l.rate_of_interest <> t.rate_of_interest
/*
-- LOAN_OVERDUE_WITH_NPA_INTEREST
/*update overdue amount in repayment chart */
DECLARE @overdueWithNpa int =	ISNULL((select config_value from BSGADMIN..cbs_config where config_key ='LOAN_OVERDUE_WITH_NPA_INTEREST' and is_active = 1),0)

select 
	lam.loan_account_id,ISNULL(abl.overdue_amount,0)  + 
 case when @overdueWithNpa = 1  then 0 else ISNULL(abl.npa_interest_amount,0) 
	+ ISNULL(abl.npa_penal_interest_amount,0) +  ISNULL(abl.npa_charges_amount ,0) end overdue
INTO 
	#temp_overdue_details
from
BSGLOAN..loan_account_master lam
inner join BSGLOAN..loan_product_master lpm
	on lam.loan_product_id = lpm.loan_product_id
		and lpm.is_active =1
inner join 
(
select  
	loan_account_id,
	MAX(txn_date) txn_date
from
	BSGACCOUNTING..account_balance_loan a

Group by 
	loan_account_id
)a on a.loan_account_id = lam.loan_account_id

 left outer join BSGACCOUNTING..account_balance_loan abl
	on abl.loan_account_id = a.loan_account_id
		and abl.txn_date = a.txn_date
where
	lam.is_active = 1
	and lpm.repayment_mode = 1
	and lam.loan_type  = 1
	and lam.loan_account_status <> 2
	and ISNULL(abl.overdue_amount,0)  + 
	 case when @overdueWithNpa = 1  then 0 else ISNULL(abl.npa_interest_amount,0) 
	+ ISNULL(abl.npa_penal_interest_amount,0) +  ISNULL(abl.npa_charges_amount ,0) end = 0




update lrc
set  lrc.overdue_amount  = 0,
lrc.overdue_days_count = 0
from
	
(
select
    loan_account_id,
    installment_no,
    MAX(id) id
from
    BSGACCOUNTING..loan_repayment_chart with(nolock)
where
	due_date < @p_rundate
group by
    loan_account_id,
   installment_no
)a
inner join BSGACCOUNTING..loan_repayment_chart lrc with(nolock)
    on lrc.loan_account_id = a.loan_account_id
        and lrc.installment_no = a.installment_no
            and lrc.id = a.id
inner join #temp_overdue_details tod
	on tod.loan_account_id = a.loan_account_id
where 
	(lrc.overdue_amount <> 0 or lrc.overdue_days_count <> 0)

*/
end
"
132,varun_SP_BATCH_INSERT_TRANSACTIONS,"CREATE PROCEDURE dbo.varun_SP_BATCH_INSERT_TRANSACTIONS
    @TransactionList dbo.varun_TransactionTableType READONLY
AS
BEGIN
    SET NOCOUNT ON;
   
    -- Time variables
    DECLARE @StartTime DATETIME2 = SYSUTCDATETIME();
    DECLARE @EndTime DATETIME2;
    DECLARE @DurationInMilliseconds BIGINT;

    -- Temporary table to store the required columns
    DECLARE @InsertedDetails TABLE (
        id BIGINT,
        txn_ref_no BIGINT,
        account_id BIGINT,
        scroll_no BIGINT,
        set_no BIGINT,
        txn_amount DECIMAL(18,2),
        txn_nature CHAR(1),
        txn_date DATE,
        txn_type INT,
        activity_id INT
    );

    -- Insert into the target table and capture the required columns
    INSERT INTO dbo.transaction_master (
        txn_ref_no, txn_sub_ref_no, txn_branch, home_branch,
        txn_date, txn_time, txn_type, txn_posting_date,
        txn_value_date, account_id, batch_code, scroll_no,
        set_no, txn_amount, txn_nature, instr_no, instr_date,
        activity_id, activity_sub_type_id, narration, sprinkle,
        is_active, created_by, created_date, last_modified_by,
        last_modified_date, fund_ext_date, fund_date, order_id
    )
    OUTPUT 
        inserted.id,
        inserted.txn_ref_no,
        inserted.account_id,
        inserted.scroll_no,
        inserted.set_no,
        inserted.txn_amount,
        inserted.txn_nature,
        inserted.txn_date,
        inserted.txn_type,
        inserted.activity_id -- Added activity_id
    INTO @InsertedDetails
    SELECT 
        txn_ref_no, txn_sub_ref_no, txn_branch, home_branch,
        txn_date, txn_time, txn_type, txn_posting_date,
        txn_value_date, account_id, batch_code, scroll_no,
        set_no, txn_amount, txn_nature, instr_no, instr_date,
        activity_id, activity_sub_type_id, narration, sprinkle,
        is_active, created_by, created_date, last_modified_by,
        last_modified_date, fund_ext_date, fund_date, order_id
    FROM @TransactionList;
   
    -- End time and duration
    SET @EndTime = SYSUTCDATETIME();
    SET @DurationInMilliseconds = DATEDIFF(MILLISECOND, @StartTime, @EndTime);

    -- Return the captured columns
    SELECT 
        id,
        txn_ref_no,
        account_id,
        scroll_no,
        set_no,
        txn_amount,
        txn_nature,
        txn_date,
        txn_type,
        activity_id -- Added activity_id
    FROM @InsertedDetails;
   
    -- Return duration as a separate result set
    SELECT @DurationInMilliseconds AS DurationInMilliseconds;
END;"
133,zeroBalance_ProductCheck,"CREATE   PROCEDURE [dbo].[zeroBalance_ProductCheck] -- zeroBalance_ProductCheck 1,1
(
@branchCode INT,
@condition  INT -- 1 For Count And 2 For Details
)
AS
BEGIN

DECLARE @cbsAppDate DATETIME
DECLARE @ProductCode VARCHAR(500)

SET @ProductCode = 
(
	SELECT cc.config_value FROM BSGADMIN..cbs_config cc WITH(NOLOCK) WHERE cc.config_key = 'ZERO_BALANCE_PRODUCTS' AND cc.is_active = 1
)

SET @cbsAppDate = 
(
	SELECT app_date FROM cbs_application_date WITH(NOLOCK) WHERE is_active = 1
)

CREATE TABLE #temp_zeroBalanceProducts (Id INT IDENTITY,product_codes VARCHAR(200))

IF(@ProductCode <> '0')
BEGIN
	DECLARE @length VARCHAR(200) = (SELECT LEN(@ProductCode))
	DECLARE @cnt INT = 1

	WHILE(@cnt <= @length)
	BEGIN
		INSERT INTO #temp_zeroBalanceProducts
		SELECT SUBSTRING(@ProductCode,@cnt,4);
		SET @cnt = @cnt + 5;
	END
END

IF(@condition = 1)
BEGIN

	SELECT 
		COUNT(p.product_code) productCountOrDetails
	FROM 
		BSGCORE..product_master_internal p
	WHERE 
		p.internal_product_id IN
		(
			SELECT 
				pbi.internal_product_id 
			FROM 
				product_balance_internal pbi WITH(NOLOCK)
			WHERE 
				pbi.internal_product_id IN 
				(
					SELECT 
						pmi.internal_product_id 
					FROM 
						BSGCORE..product_master_internal pmi WITH(NOLOCK)
					WHERE 
					pmi.product_code IN ( select product_codes from #temp_zeroBalanceProducts )
					AND pmi.branch_code = @branchCode
					AND pmi.is_active = 1
				)
				AND pbi.txn_date = @cbsAppDate
				AND pbi.is_active = 1
				AND pbi.checker_clear_balance <> 0
		) AND is_active = 1
END

ELSE
BEGIN

	SELECT 
		(CAST(p.product_code AS VARCHAR(10)) + ' - ' + p.description) productCountOrDetails
	FROM 
		BSGCORE..product_master_internal p
	WHERE 
		p.internal_product_id IN
		(
			SELECT 
				pbi.internal_product_id 
			FROM 
				product_balance_internal pbi WITH(NOLOCK)
			WHERE 
				pbi.internal_product_id IN 
				(
					SELECT 
						pmi.internal_product_id 
					FROM 
						BSGCORE..product_master_internal pmi WITH(NOLOCK)
					WHERE 
					pmi.product_code IN ( select product_codes from #temp_zeroBalanceProducts )
					AND pmi.branch_code = @branchCode
					AND pmi.is_active = 1
				)
				AND pbi.txn_date = @cbsAppDate
				AND pbi.is_active = 1
				AND pbi.checker_clear_balance <> 0
		) AND is_active = 1
END

END
"
